date,headline,text,symbol,source_type,sentiment_score
2026-02-14,Why Investors Shouldn't Be Surprised By Anmol India Limited's (NSE:ANMOL) Low P/E - simplywall.st,Why Investors Shouldn't Be Surprised By Anmol India Limited's (NSE:ANMOL) Low P/E - simplywall.st,ANMOL,news_rss,0.0
2026-05-16,"Anmol India Limited Schedules Board Meeting on May 16, 2026 to Approve Q4 FY26 Financial Results - scanx.trade","Anmol India Limited Schedules Board Meeting on May 16, 2026 to Approve Q4 FY26 Financial Results - scanx.trade",ANMOL,news_rss,0.0
2026-05-18,"Anmol India Standalone March 2026 Net Sales at Rs 308.51 crore, down 1.82% Y-o-Y - Moneycontrol.com","Anmol India Standalone March 2026 Net Sales at Rs 308.51 crore, down 1.82% Y-o-Y - Moneycontrol.com",ANMOL,news_rss,-0.9728303551673889
2026-05-16,Anmol India Q4 Net Profit Rises 57% to ₹2.51 Crore - scanx.trade,Anmol India Q4 Net Profit Rises 57% to ₹2.51 Crore - scanx.trade,ANMOL,news_rss,0.9359180331230164
2023-06-05,Anmol India Ltd Board Approves Issue of Bonus Shares in ratio of 4:1 - Business Standard,Anmol India Ltd Board Approves Issue of Bonus Shares in ratio of 4:1 - Business Standard,ANMOL,news_rss,0.0
2023-01-31,"Anmol India Ltd Share Price Today,, ANMOL Share Price NSE, BSE - Business Today","Anmol India Ltd Share Price Today,, ANMOL Share Price NSE, BSE - Business Today",ANMOL,news_rss,0.0
2021-06-07,Technical Analysis of Anmol India Ltd. (NSE:ANMOL) - TradingView,Technical Analysis of Anmol India Ltd. (NSE:ANMOL) - TradingView,ANMOL,news_rss,0.0
2024-04-19,Anmol India Ltd leads losers in 'B' group - Business Standard,Anmol India Ltd leads losers in 'B' group - Business Standard,ANMOL,news_rss,0.0
2023-04-19,Anmol India Ltd. presents a strategic expansion plan - Business Outreach Magazine,Anmol India Ltd. presents a strategic expansion plan - Business Outreach Magazine,ANMOL,news_rss,0.0
2026-06-17,Anmol India Ltd is Rated Sell by MarketsMOJO - Markets Mojo,Anmol India Ltd is Rated Sell by MarketsMOJO - Markets Mojo,ANMOL,news_rss,0.0
2026-06-16,Anmol India Ltd Valuation Shifts Signal Renewed Price Attractiveness Amid Market Challenges - Markets Mojo,Anmol India Ltd Valuation Shifts Signal Renewed Price Attractiveness Amid Market Challenges - Markets Mojo,ANMOL,news_rss,0.9400108456611633
2026-06-09,Anmol India Ltd Valuation Shifts Signal Changing Market Sentiment - Markets Mojo,Anmol India Ltd Valuation Shifts Signal Changing Market Sentiment - Markets Mojo,ANMOL,news_rss,-0.8554592132568359
2026-05-27,Anmol India Ltd Upgraded to Sell on Improved Valuation Metrics and Financial Trends - Markets Mojo,Anmol India Ltd Upgraded to Sell on Improved Valuation Metrics and Financial Trends - Markets Mojo,ANMOL,news_rss,0.9564703106880188
2026-05-25,Anmol India Ltd Valuation Shifts Signal Price Attractiveness Amid Market Challenges - Markets Mojo,Anmol India Ltd Valuation Shifts Signal Price Attractiveness Amid Market Challenges - Markets Mojo,ANMOL,news_rss,0.5103757381439209
2026-05-19,Anmol India Ltd Downgraded to Strong Sell Amidst Flat Financials and Bearish Technicals - Markets Mojo,Anmol India Ltd Downgraded to Strong Sell Amidst Flat Financials and Bearish Technicals - Markets Mojo,ANMOL,news_rss,-0.9447389245033264
2026-01-19,Anmol India Ltd is Rated Strong Sell - Markets Mojo,Anmol India Ltd is Rated Strong Sell - Markets Mojo,ANMOL,news_rss,0.9406614303588867
2026-02-24,Anmol India Ltd Stock Falls to 52-Week Low of Rs.11.3 Amid Market Downturn - Markets Mojo,Anmol India Ltd Stock Falls to 52-Week Low of Rs.11.3 Amid Market Downturn - Markets Mojo,ANMOL,news_rss,-0.9688717722892761
2026-01-14,Anmol India Ltd Stock Falls to 52-Week Low of Rs.12.68 - Markets Mojo,Anmol India Ltd Stock Falls to 52-Week Low of Rs.12.68 - Markets Mojo,ANMOL,news_rss,-0.9628505110740662
2026-02-14,Why Investors Shouldn't Be Surprised By Anmol India Limited's (NSE:ANMOL) Low P/E - simplywall.st,Why Investors Shouldn't Be Surprised By Anmol India Limited's (NSE:ANMOL) Low P/E - simplywall.st,ANMOL,news_rss,0.0
2026-05-16,"Anmol India Limited Schedules Board Meeting on May 16, 2026 to Approve Q4 FY26 Financial Results - scanx.trade","Anmol India Limited Schedules Board Meeting on May 16, 2026 to Approve Q4 FY26 Financial Results - scanx.trade",ANMOL,news_rss,0.0
2026-03-13,CBI questions Anil Ambani's son Jai for 6.5 hours in Rs 228 crore bank fraud case - India Today,CBI questions Anil Ambani's son Jai for 6.5 hours in Rs 228 crore bank fraud case - India Today,ANMOL,news_rss,-0.5024852156639099
2026-03-13,Jai Anmol Ambani questioned by CBI for 6 hours in Rs 228-crore bank fraud case - The Indian Express,Jai Anmol Ambani questioned by CBI for 6 hours in Rs 228-crore bank fraud case - The Indian Express,ANMOL,news_rss,-0.573901355266571
2026-05-16,Anmol India Q4 Net Profit Rises 57% to ₹2.51 Crore - scanx.trade,Anmol India Q4 Net Profit Rises 57% to ₹2.51 Crore - scanx.trade,ANMOL,news_rss,0.9359180331230164
2026-02-03,Anmol Industries Appoints Abhishek Kumar as Vice President – Marketing - EventFAQs,Anmol Industries Appoints Abhishek Kumar as Vice President – Marketing - EventFAQs,ANMOL,news_rss,0.0
2025-11-19,Big win for India: US deports Anmol Bishnoi; key accused in Baba Siddique murder case - The Times of India,Big win for India: US deports Anmol Bishnoi; key accused in Baba Siddique murder case - The Times of India,ANMOL,news_rss,0.0
2025-11-19,Who is Anmol Bishnoi? Accused in Baba Siddique's murder deported to India from US | India News - Hindustan Times,Who is Anmol Bishnoi? Accused in Baba Siddique's murder deported to India from US | India News - Hindustan Times,ANMOL,news_rss,0.0
2025-12-09,CBI files case against Anil Ambani’s son in Rs 228 crore fraud case - The New Indian Express,CBI files case against Anil Ambani’s son in Rs 228 crore fraud case - The New Indian Express,ANMOL,news_rss,-0.5553632378578186
2023-06-05,Anmol India Ltd Board Approves Issue of Bonus Shares in ratio of 4:1 - ThePrint,Anmol India Ltd Board Approves Issue of Bonus Shares in ratio of 4:1 - ThePrint,ANMOL,news_rss,0.0
2025-12-09,Anil Ambani's son Jai Anmol named in Rs 228 crore banking fraud case by CBI - India Today,Anil Ambani's son Jai Anmol named in Rs 228 crore banking fraud case by CBI - India Today,ANMOL,news_rss,0.0
2025-11-19,Who is Anmol Bishnoi? 5 things about the gangster deported to India from US - The Indian Express,Who is Anmol Bishnoi? 5 things about the gangster deported to India from US - The Indian Express,ANMOL,news_rss,0.0
2024-04-19,Anmol India Ltd leads losers in 'B' group - Business Standard,Anmol India Ltd leads losers in 'B' group - Business Standard,ANMOL,news_rss,0.0
2025-11-18,"Anmol Bishnoi, Accused In Baba Siddique Murder Case, To Be Deported To India From US - The Times of India","Anmol Bishnoi, Accused In Baba Siddique Murder Case, To Be Deported To India From US - The Times of India",ANMOL,news_rss,0.0
2025-11-19,"Anmol Bishnoi, accused in Baba Siddiqui murder, lands in Delhi; NIA takes him to Patiala House court | India News - Hindustan Times","Anmol Bishnoi, accused in Baba Siddiqui murder, lands in Delhi; NIA takes him to Patiala House court | India News - Hindustan Times",ANMOL,news_rss,0.0
2023-01-31,"Anmol India Ltd Share Price Today,, ANMOL Share Price NSE, BSE - Business Today","Anmol India Ltd Share Price Today,, ANMOL Share Price NSE, BSE - Business Today",ANMOL,news_rss,0.0
2023-04-19,Anmol India Ltd. presents a strategic expansion plan - Business Outreach Magazine,Anmol India Ltd. presents a strategic expansion plan - Business Outreach Magazine,ANMOL,news_rss,0.0
2025-11-19,Anmol Bishnoi deported to India: Who is the notorious gangster? - The Indian Express,Anmol Bishnoi deported to India: Who is the notorious gangster? - The Indian Express,ANMOL,news_rss,0.0
2025-11-19,Gangster Anmol Bishnoi brought back to India. What dossiers reveal about ‘proxy for brother Lawrence’ - ThePrint,Gangster Anmol Bishnoi brought back to India. What dossiers reveal about ‘proxy for brother Lawrence’ - ThePrint,ANMOL,news_rss,0.0
2025-12-14,"High-security cell, 24-hour watch, to be escorted within prison: How Tihar Jail is trying to keep Anmol Bishnoi safe from rivals - The Indian Express","High-security cell, 24-hour watch, to be escorted within prison: How Tihar Jail is trying to keep Anmol Bishnoi safe from rivals - The Indian Express",ANMOL,news_rss,0.0
2026-05-26,Anmol eyes urban expansion - The Times of India,Anmol eyes urban expansion - The Times of India,ANMOL,news_rss,0.0
2021-06-07,Technical Analysis of Anmol India Ltd. (NSE:ANMOL) - TradingView,Technical Analysis of Anmol India Ltd. (NSE:ANMOL) - TradingView,ANMOL,news_rss,0.0
2026-05-13,How an AC blower blew up Anmol Kharb upset-hopes against Chen Yufei - The Indian Express,How an AC blower blew up Anmol Kharb upset-hopes against Chen Yufei - The Indian Express,ANMOL,news_rss,0.0
2025-12-09,"CBI books Anil Ambani’s firms, son Jai Anmol in Rs 14,852-cr bank fraud case - The Federal","CBI books Anil Ambani’s firms, son Jai Anmol in Rs 14,852-cr bank fraud case - The Federal",ANMOL,news_rss,0.0
2025-11-22,Video | How Deported Gangster Anmol Bishnoi Became One Of India's 'Most Wanted': Explained - NDTV,Video | How Deported Gangster Anmol Bishnoi Became One Of India's 'Most Wanted': Explained - NDTV,ANMOL,news_rss,0.0
2025-11-29,"Delhi court extends Anmol Bishnoi's custody; NIA gets 7 more days; Siddique, Moosewala links probed - The Times of India","Delhi court extends Anmol Bishnoi's custody; NIA gets 7 more days; Siddique, Moosewala links probed - The Times of India",ANMOL,news_rss,0.0
2025-12-09,CBI Probes Jai Anmol Ambani in Bank Fraud Case - Rediff MoneyWiz,CBI Probes Jai Anmol Ambani in Bank Fraud Case - Rediff MoneyWiz,ANMOL,news_rss,0.0
2026-03-26,"Anmol Ekka, Sakshi Rana thrilled after U-21 nominations at Hockey India Annual Awards - Telangana Today","Anmol Ekka, Sakshi Rana thrilled after U-21 nominations at Hockey India Annual Awards - Telangana Today",ANMOL,news_rss,0.7781703472137451
2025-11-18,"Wanted in Moose Wala & Baba Siddique killings, Lawrence’s brother Anmol Bishnoi being deported to Delhi - ThePrint","Wanted in Moose Wala & Baba Siddique killings, Lawrence’s brother Anmol Bishnoi being deported to Delhi - ThePrint",ANMOL,news_rss,-0.6604989171028137
2025-10-10,Anmol Kharb marches into Arctic Open Super 500 semis - The Indian Express,Anmol Kharb marches into Arctic Open Super 500 semis - The Indian Express,ANMOL,news_rss,0.0
2023-06-19,Tech analyst sees upside in these stocks - CNBC TV18,Tech analyst sees upside in these stocks - CNBC TV18,ANMOL,news_rss,0.0
2025-04-12,Anmol Singh Jaggi - Fortune India,Anmol Singh Jaggi - Fortune India,ANMOL,news_rss,0.0
2025-12-10,CBI books Anil Ambani's son in major bank fraud probe over alleged funds diversion - Telegraph India,CBI books Anil Ambani's son in major bank fraud probe over alleged funds diversion - Telegraph India,ANMOL,news_rss,-0.6795936822891235
2025-11-19,NIA arrests Anmol Bishnoi after gangster brought to India from US - Business Standard,NIA arrests Anmol Bishnoi after gangster brought to India from US - Business Standard,ANMOL,news_rss,-0.7026380300521851
2025-12-09,CBI books Anil Ambani's son over alleged cheating of Rs 228.06 crore with Union Bank of India - Telegraph India,CBI books Anil Ambani's son over alleged cheating of Rs 228.06 crore with Union Bank of India - Telegraph India,ANMOL,news_rss,-0.876227617263794
2025-11-19,Delhi court sends gangster Anmol Bishnoi to 11 days’ NIA custody - The Indian Express,Delhi court sends gangster Anmol Bishnoi to 11 days’ NIA custody - The Indian Express,ANMOL,news_rss,-0.5881414413452148
2024-02-20,Who dares wins! Faridabad's Anmol Kharb shows the way as gutsy 17-year-old has the badminton world gushin - The Times of India,Who dares wins! Faridabad's Anmol Kharb shows the way as gutsy 17-year-old has the badminton world gushin - The Times of India,ANMOL,news_rss,0.0
2024-11-21,Lawrence's brother Anmol applies for asylum in US - The Times of India,Lawrence's brother Anmol applies for asylum in US - The Times of India,ANMOL,news_rss,0.0
2025-11-06,"Samrala killing: Anmol Bishnoi gang claims credit, his jailed aide booked - The Indian Express","Samrala killing: Anmol Bishnoi gang claims credit, his jailed aide booked - The Indian Express",ANMOL,news_rss,-0.7233031392097473
2024-11-20,"Gangster Lawrence Bishnoi’s brother Anmol in custody in ‘Squirrel Cage Jail’ in Iowa, show records - ThePrint","Gangster Lawrence Bishnoi’s brother Anmol in custody in ‘Squirrel Cage Jail’ in Iowa, show records - ThePrint",ANMOL,news_rss,0.0
2024-01-30,"Anmol Kharb, S Bhargav, win All India Senior Ranking badminton titles in Jodhpur - The Times of India","Anmol Kharb, S Bhargav, win All India Senior Ranking badminton titles in Jodhpur - The Times of India",ANMOL,news_rss,0.0
2025-11-19,"Anmol Bishnoi, Lawrence Bishnoi's brother wanted in Baba Siddique case, to be deported to India | India News - Hindustan Times","Anmol Bishnoi, Lawrence Bishnoi's brother wanted in Baba Siddique case, to be deported to India | India News - Hindustan Times",ANMOL,news_rss,0.0
2026-03-14,Jai Anmol Ambani to join CBI probe for second consecutive day in Rs228 crore bank loan fraud case - Goa Chronicle,Jai Anmol Ambani to join CBI probe for second consecutive day in Rs228 crore bank loan fraud case - Goa Chronicle,ANMOL,news_rss,0.0
2025-07-27,Will Unnati Hooda’s defeat of PV Sindhu at China Open usher in a new era of Indian women’s singles? - The Indian Express,Will Unnati Hooda’s defeat of PV Sindhu at China Open usher in a new era of Indian women’s singles? - The Indian Express,ANMOL,news_rss,0.0
2025-11-18,"Anmol Bishnoi, key accused in Baba Siddique murder case, deported from U.S.; expected to land in India today, say police - The Hindu","Anmol Bishnoi, key accused in Baba Siddique murder case, deported from U.S.; expected to land in India today, say police - The Hindu",ANMOL,news_rss,0.0
2025-01-07,‘Make list of builders in Mumbai’: Anmol Bishnoi told aide as Bishnoi gang wanted to start extortion racket - The Indian Express,‘Make list of builders in Mumbai’: Anmol Bishnoi told aide as Bishnoi gang wanted to start extortion racket - The Indian Express,ANMOL,news_rss,0.0
2025-11-19,Baba Siddique murder case: Anmol Bishnoi set to land in India today - Mid-day,Baba Siddique murder case: Anmol Bishnoi set to land in India today - Mid-day,ANMOL,news_rss,0.0
2025-10-12,Indian trucker with ‘Anmol No Name Given’ license detained in Oklahoma amid illegal immigration crackdown | Hindustan Times - Hindustan Times,Indian trucker with ‘Anmol No Name Given’ license detained in Oklahoma amid illegal immigration crackdown | Hindustan Times - Hindustan Times,ANMOL,news_rss,-0.6031396985054016
2024-11-18,"Lawrence Bishnoi’s brother Anmol held in California; Indian officials, FBI discuss possibility of his return - The Indian Express","Lawrence Bishnoi’s brother Anmol held in California; Indian officials, FBI discuss possibility of his return - The Indian Express",ANMOL,news_rss,0.0
2024-02-19,"Anmol Kharb interview: On ‘damn good feeling’ of winning Asia team gold, working with Sindhu and Gopichand and more - The Indian Express","Anmol Kharb interview: On ‘damn good feeling’ of winning Asia team gold, working with Sindhu and Gopichand and more - The Indian Express",ANMOL,news_rss,0.6986703276634216
2026-03-13,CBI grills Anil Ambani's son Jai Anmol in Rs 228 crore bank fraud case - IBTimes India,CBI grills Anil Ambani's son Jai Anmol in Rs 228 crore bank fraud case - IBTimes India,ANMOL,news_rss,0.0
2024-11-22,One look at Anmol and we know why it is the most expensive buffalo in the world - The Times of India,One look at Anmol and we know why it is the most expensive buffalo in the world - The Times of India,ANMOL,news_rss,0.0
2024-11-14,"Anmol, the 1500 kg buffalo from Haryana, is worth Rs 23 crore; know why - The Times of India","Anmol, the 1500 kg buffalo from Haryana, is worth Rs 23 crore; know why - The Times of India",ANMOL,news_rss,0.0
2025-04-16,"DLF Camellias flat for ₹43 cr, ₹6.2 cr to mother: Where Gensol funds went - Business Standard","DLF Camellias flat for ₹43 cr, ₹6.2 cr to mother: Where Gensol funds went - Business Standard",ANMOL,news_rss,0.0
2023-07-06,"Splitsvilla 10 fame Anmol Chaudhary on being single mother in India, crowdsourcing money for delivery: ‘I raised Rs 5 lakh’ - The Indian Express","Splitsvilla 10 fame Anmol Chaudhary on being single mother in India, crowdsourcing money for delivery: ‘I raised Rs 5 lakh’ - The Indian Express",ANMOL,news_rss,0.0
2025-11-20,MHA renews restriction order on Lawrence Bishnoi for 3rd year - The Indian Express,MHA renews restriction order on Lawrence Bishnoi for 3rd year - The Indian Express,ANMOL,news_rss,-0.5778347253799438
2025-01-15,"Anil Ambani, Jai Anmol Ambani takes big decision, which stir stock market, shares of Reliance Infra, Reliance - India.Com","Anil Ambani, Jai Anmol Ambani takes big decision, which stir stock market, shares of Reliance Infra, Reliance - India.Com",ANMOL,news_rss,0.0
2025-06-20,‘We no longer have any association with Anmol Bishnoi’: fresh audio shows rift between Lawrence Bishnoi and Goldy Brar - The Indian Express,‘We no longer have any association with Anmol Bishnoi’: fresh audio shows rift between Lawrence Bishnoi and Goldy Brar - The Indian Express,ANMOL,news_rss,0.0
2023-06-05,"Hot stocks for next week: Tata Power, Hardwyn India, Sejal Glass, Nelco shares in focus - Business Today","Hot stocks for next week: Tata Power, Hardwyn India, Sejal Glass, Nelco shares in focus - Business Today",ANMOL,news_rss,0.0
2024-11-18,"Who is Anmol Bishnoi, Lawrence Bishnoi's brother who was detained in US | India News - Hindustan Times","Who is Anmol Bishnoi, Lawrence Bishnoi's brother who was detained in US | India News - Hindustan Times",ANMOL,news_rss,0.0
2025-04-28,"Anil Ambani making a comeback? Sons helped clear debts in billions, made several Reliance Group companies deb - India.Com","Anil Ambani making a comeback? Sons helped clear debts in billions, made several Reliance Group companies deb - India.Com",ANMOL,news_rss,0.0
2026-06-17,Anmol India Ltd is Rated Sell by MarketsMOJO - Markets Mojo,Anmol India Ltd is Rated Sell by MarketsMOJO - Markets Mojo,ANMOL,news_rss,0.0
2026-06-16,Anmol India Ltd Valuation Shifts Signal Renewed Price Attractiveness Amid Market Challenges - Markets Mojo,Anmol India Ltd Valuation Shifts Signal Renewed Price Attractiveness Amid Market Challenges - Markets Mojo,ANMOL,news_rss,0.9400108456611633
2026-06-09,Anmol India Ltd Valuation Shifts Signal Changing Market Sentiment - Markets Mojo,Anmol India Ltd Valuation Shifts Signal Changing Market Sentiment - Markets Mojo,ANMOL,news_rss,-0.8554592132568359
2026-05-27,Anmol India Ltd Upgraded to Sell on Improved Valuation Metrics and Financial Trends - Markets Mojo,Anmol India Ltd Upgraded to Sell on Improved Valuation Metrics and Financial Trends - Markets Mojo,ANMOL,news_rss,0.9564703106880188
2026-05-25,Anmol India Ltd Valuation Shifts Signal Price Attractiveness Amid Market Challenges - Markets Mojo,Anmol India Ltd Valuation Shifts Signal Price Attractiveness Amid Market Challenges - Markets Mojo,ANMOL,news_rss,0.5103757381439209
2026-05-19,Anmol India Ltd Downgraded to Strong Sell Amidst Flat Financials and Bearish Technicals - Markets Mojo,Anmol India Ltd Downgraded to Strong Sell Amidst Flat Financials and Bearish Technicals - Markets Mojo,ANMOL,news_rss,-0.9447389245033264
2026-01-19,Anmol India Ltd is Rated Strong Sell - Markets Mojo,Anmol India Ltd is Rated Strong Sell - Markets Mojo,ANMOL,news_rss,0.9406614303588867
2026-02-24,Anmol India Ltd Stock Falls to 52-Week Low of Rs.11.3 Amid Market Downturn - Markets Mojo,Anmol India Ltd Stock Falls to 52-Week Low of Rs.11.3 Amid Market Downturn - Markets Mojo,ANMOL,news_rss,-0.9688717722892761
2026-01-14,Anmol India Ltd Stock Falls to 52-Week Low of Rs.12.68 - Markets Mojo,Anmol India Ltd Stock Falls to 52-Week Low of Rs.12.68 - Markets Mojo,ANMOL,news_rss,-0.9628505110740662
2025-12-09,Who Is Jai Anmol Ambani? Ex-Reliance Home Finance Director Booked In Criminal Case - Republic World,Who Is Jai Anmol Ambani? Ex-Reliance Home Finance Director Booked In Criminal Case - Republic World,ANMOL,news_rss,0.0
2025-01-28,"Shark Tank India S4: Anmol Saxena’s “Push, Push, Push!” pitch secures Rs 50 lakh investment - financialexpress.com","Shark Tank India S4: Anmol Saxena’s “Push, Push, Push!” pitch secures Rs 50 lakh investment - financialexpress.com",ANMOL,news_rss,0.0
2025-01-12,"Anil Ambani, son Jai Anmol seek 'public shareholder' status: What next for RPower, Infra stocks? - Business Today","Anil Ambani, son Jai Anmol seek 'public shareholder' status: What next for RPower, Infra stocks? - Business Today",ANMOL,news_rss,0.0
2015-11-08,ये रही भारत की फर्जी इंवेस्टमेंट कंपनियों की लिस्ट | List of Fraud Chit fund Company - Bhopal Samachar,ये रही भारत की फर्जी इंवेस्टमेंट कंपनियों की लिस्ट | List of Fraud Chit fund Company - Bhopal Samachar,ANMOL,news_rss,0.0
2026-05-22,"Art Nirman promoters hold 1.84 crore shares, no encumbrance in FY26 - scanx.trade","Art Nirman promoters hold 1.84 crore shares, no encumbrance in FY26 - scanx.trade",ARTNIRMAN,news_rss,0.0
2026-05-25,"Art Nirman Limited Reports Earnings Results for the Fourth Quarter and Full Year Ended March 31, 2026 - marketscreener.com","Art Nirman Limited Reports Earnings Results for the Fourth Quarter and Full Year Ended March 31, 2026 - marketscreener.com",ARTNIRMAN,news_rss,0.0
2026-05-28,"Art Nirman Standalone March 2026 Net Sales at Rs 22.48 crore, up 151.92% Y-o-Y - Moneycontrol.com","Art Nirman Standalone March 2026 Net Sales at Rs 22.48 crore, up 151.92% Y-o-Y - Moneycontrol.com",ARTNIRMAN,news_rss,0.8878932595252991
2026-05-29,Art Nirman Ltd Valuation Shifts Highlight Price Attractiveness Concerns - Markets Mojo,Art Nirman Ltd Valuation Shifts Highlight Price Attractiveness Concerns - Markets Mojo,ARTNIRMAN,news_rss,-0.6787933111190796
2026-05-27,Art Nirman Q4 FY26: Revenue Surge Masks Profitability Concerns Amid Elevated Interest Costs - Markets Mojo,Art Nirman Q4 FY26: Revenue Surge Masks Profitability Concerns Amid Elevated Interest Costs - Markets Mojo,ARTNIRMAN,news_rss,0.497631311416626
2026-06-12,Eurotex Industries and Exports Ltd leads losers in 'B' group - Business Standard,Eurotex Industries and Exports Ltd leads losers in 'B' group - Business Standard,EUROTEXIND,news_rss,-0.6970727443695068
2026-06-09,Eurotex director Hariprasad Siotia passes away - scanx.trade,Eurotex director Hariprasad Siotia passes away - scanx.trade,EUROTEXIND,news_rss,0.0
2026-06-09,"Eurotex Industries and Exports Limited Announces Demise of Hariprasad Siotia, Non-Executive Director, On June 07, 2026 - marketscreener.com","Eurotex Industries and Exports Limited Announces Demise of Hariprasad Siotia, Non-Executive Director, On June 07, 2026 - marketscreener.com",EUROTEXIND,news_rss,0.0
2026-06-09,Eurotex Industries and Exports Ltd leads gainers in 'B' group - Business Standard,Eurotex Industries and Exports Ltd leads gainers in 'B' group - Business Standard,EUROTEXIND,news_rss,0.9301944375038147
2025-11-04,Eurotex Industries & Exports Ltd. Share Price Live Today - CNBC TV18,Eurotex Industries & Exports Ltd. Share Price Live Today - CNBC TV18,EUROTEXIND,news_rss,0.0
2026-02-10,Eurotex Industries Downgraded to Strong Sell Amid Technical and Fundamental Weaknesses - Markets Mojo,Eurotex Industries Downgraded to Strong Sell Amid Technical and Fundamental Weaknesses - Markets Mojo,EUROTEXIND,news_rss,-0.9701533913612366
2026-06-10,Eurotex Industries and Exports Ltd leads gainers in 'B' group - Business Standard,Eurotex Industries and Exports Ltd leads gainers in 'B' group - Business Standard,EUROTEXIND,news_rss,0.9301944375038147
2024-01-25,Eurotex Industries issues lockout notice at Kolhapur mill - Textile Excellence,Eurotex Industries issues lockout notice at Kolhapur mill - Textile Excellence,EUROTEXIND,news_rss,-0.8239955306053162
2025-02-08,Eurotex Industries and Exports reports standalone net loss of Rs 0.77 crore in the December 2024 quarter - Business Standard,Eurotex Industries and Exports reports standalone net loss of Rs 0.77 crore in the December 2024 quarter - Business Standard,EUROTEXIND,news_rss,-0.9712971448898315
2026-06-17,"Eurotex Industries and Exports Ltd Locks at Lower Circuit With 4.98% Loss — Sellers Queue, No Buyers in Sight - Markets Mojo","Eurotex Industries and Exports Ltd Locks at Lower Circuit With 4.98% Loss — Sellers Queue, No Buyers in Sight - Markets Mojo",EUROTEXIND,news_rss,-0.9442854523658752
2025-05-27,Ashapuri Gold Ornament Ltd leads losers in 'B' group - Business Standard,Ashapuri Gold Ornament Ltd leads losers in 'B' group - Business Standard,EUROTEXIND,news_rss,0.0
2026-06-16,Eurotex Industries Downgraded to Strong Sell Amid Weak Fundamentals and Technical Setbacks - Markets Mojo,Eurotex Industries Downgraded to Strong Sell Amid Weak Fundamentals and Technical Setbacks - Markets Mojo,EUROTEXIND,news_rss,-0.9719060063362122
2026-06-15,"Eurotex Industries and Exports Ltd Locks at Upper Circuit With 4.89% Gain — Buyers Queue, Sellers Absent - Markets Mojo","Eurotex Industries and Exports Ltd Locks at Upper Circuit With 4.89% Gain — Buyers Queue, Sellers Absent - Markets Mojo",EUROTEXIND,news_rss,0.5027540922164917
2026-06-11,Broad-Based Technical Strength Lifts Eurotex Industries and Exports Ltd to 52-Week High of Rs 24.54 - Markets Mojo,Broad-Based Technical Strength Lifts Eurotex Industries and Exports Ltd to 52-Week High of Rs 24.54 - Markets Mojo,EUROTEXIND,news_rss,0.9437876343727112
2026-06-11,"Eurotex Industries and Exports Ltd Locks at Lower Circuit With 9.99% Loss — Sellers Queue, No Buyers in Sight - Markets Mojo","Eurotex Industries and Exports Ltd Locks at Lower Circuit With 9.99% Loss — Sellers Queue, No Buyers in Sight - Markets Mojo",EUROTEXIND,news_rss,-0.9424939751625061
2026-06-09,Eurotex Industries and Exports Ltd Upgraded to Sell on Technical Improvements - Markets Mojo,Eurotex Industries and Exports Ltd Upgraded to Sell on Technical Improvements - Markets Mojo,EUROTEXIND,news_rss,0.9458198547363281
2026-06-10,"Eurotex Industries and Exports Ltd Locks at Upper Circuit With 20% Gain — Buyers Queue, Sellers Absent - Markets Mojo","Eurotex Industries and Exports Ltd Locks at Upper Circuit With 20% Gain — Buyers Queue, Sellers Absent - Markets Mojo",EUROTEXIND,news_rss,0.7662537097930908
2026-06-09,"Eurotex Industries and Exports Ltd Locks at Upper Circuit With 20% Gain — Buyers Queue, Sellers Absent - Markets Mojo","Eurotex Industries and Exports Ltd Locks at Upper Circuit With 20% Gain — Buyers Queue, Sellers Absent - Markets Mojo",EUROTEXIND,news_rss,0.7662537097930908
2026-05-28,Eurotex Industries Upgraded to Sell on Technical Improvements Despite Weak Fundamentals - Markets Mojo,Eurotex Industries Upgraded to Sell on Technical Improvements Despite Weak Fundamentals - Markets Mojo,EUROTEXIND,news_rss,0.9303203225135803
2026-05-23,Eurotex Industries Q4 FY26: Losses Deepen as Operations Collapse - Markets Mojo,Eurotex Industries Q4 FY26: Losses Deepen as Operations Collapse - Markets Mojo,EUROTEXIND,news_rss,-0.9611536860466003
2026-05-13,Eurotex Industries Downgraded to Strong Sell Amid Technical and Fundamental Concerns - Markets Mojo,Eurotex Industries Downgraded to Strong Sell Amid Technical and Fundamental Concerns - Markets Mojo,EUROTEXIND,news_rss,-0.9659380912780762
2026-06-09,"NLC India Share Price: Government ki Bechaini, Stock Gira! Kya Eurotex aur Suven Life Sciences Bannenge Naye Star? - Whalesbook","NLC India Share Price: Government ki Bechaini, Stock Gira! Kya Eurotex aur Suven Life Sciences Bannenge Naye Star? - Whalesbook",EUROTEXIND,news_rss,0.0
2026-06-09,Eurotex Industries & Exports Announces Demise of Non-Executive Director and Promoter - TipRanks,Eurotex Industries & Exports Announces Demise of Non-Executive Director and Promoter - TipRanks,EUROTEXIND,news_rss,-0.5728541612625122
2026-06-10,20% Upper Circuit: 7 Stocks That Hit Upper Circuit Today; Do You Own Any? - Trade Brains,20% Upper Circuit: 7 Stocks That Hit Upper Circuit Today; Do You Own Any? - Trade Brains,EUROTEXIND,news_rss,0.0
2026-06-12,"Genus Paper Boards Nine Monthly Results, Nine Monthly Earnings for Genus Paper Boards - The Economic Times","Genus Paper Boards Nine Monthly Results, Nine Monthly Earnings for Genus Paper Boards - The Economic Times",GENUSPAPER,news_rss,0.0
2026-02-13,What Genus Paper & Boards Limited's (NSE:GENUSPAPER) P/E Is Not Telling You - simplywall.st,What Genus Paper & Boards Limited's (NSE:GENUSPAPER) P/E Is Not Telling You - simplywall.st,GENUSPAPER,news_rss,0.0
2026-05-28,Genus Paper FY26 net profit rises 80% to ₹145.77 crore - scanx.trade,Genus Paper FY26 net profit rises 80% to ₹145.77 crore - scanx.trade,GENUSPAPER,news_rss,0.9137333035469055
2025-09-23,Shareholders Will Probably Not Have Any Issues With Genus Paper & Boards Limited's (NSE:GENUSPAPER) CEO Compensation - simplywall.st,Shareholders Will Probably Not Have Any Issues With Genus Paper & Boards Limited's (NSE:GENUSPAPER) CEO Compensation - simplywall.st,GENUSPAPER,news_rss,0.0
2024-05-06,GENUS P&B LIMITED Share Price Today - Live GENUSPAPER Stock Price for NSE/BSE - Upstox,GENUS P&B LIMITED Share Price Today - Live GENUSPAPER Stock Price for NSE/BSE - Upstox,GENUSPAPER,news_rss,0.0
2026-06-14,Genus Paper & Boards Ltd is Rated Sell - Markets Mojo,Genus Paper & Boards Ltd is Rated Sell - Markets Mojo,GENUSPAPER,news_rss,0.0
2026-05-16,Genus Paper & Boards Ltd is Rated Sell - Markets Mojo,Genus Paper & Boards Ltd is Rated Sell - Markets Mojo,GENUSPAPER,news_rss,0.0
2026-05-26,Genus Paper & Boards FY26 Profit Rises on Depreciation Change; Fire Impact Under Review - Whalesbook,Genus Paper & Boards FY26 Profit Rises on Depreciation Change; Fire Impact Under Review - Whalesbook,GENUSPAPER,news_rss,-0.9209913015365601
2026-03-12,Genus Paper & Boards Ltd Falls to 52-Week Low of Rs.10.42 - Markets Mojo,Genus Paper & Boards Ltd Falls to 52-Week Low of Rs.10.42 - Markets Mojo,GENUSPAPER,news_rss,-0.9647110104560852
2026-06-15,DSJ Keep Learning promoters confirm no encumbrance on shares in FY26 - scanx.trade,DSJ Keep Learning promoters confirm no encumbrance on shares in FY26 - scanx.trade,KEEPLEARN,news_rss,0.0
2026-02-10,DSJ Keep Learning Limited (KEEPLEARN) stock price prediction 2026–2030 - Bitget,DSJ Keep Learning Limited (KEEPLEARN) stock price prediction 2026–2030 - Bitget,KEEPLEARN,news_rss,0.0
2026-06-01,DSJ Keep Learning reports net loss of ₹96.70 lakh in FY26 - scanx.trade,DSJ Keep Learning reports net loss of ₹96.70 lakh in FY26 - scanx.trade,KEEPLEARN,news_rss,-0.8842489719390869
2025-07-30,DSJ Keep Learning Share Price Today - DSJ Keep Learning Ltd. Stock Price Live NSE/BSE - HDFC Sky,DSJ Keep Learning Share Price Today - DSJ Keep Learning Ltd. Stock Price Live NSE/BSE - HDFC Sky,KEEPLEARN,news_rss,0.0
2026-06-04,DSJ Keep Learning opens special window for physical share transfer - scanx.trade,DSJ Keep Learning opens special window for physical share transfer - scanx.trade,KEEPLEARN,news_rss,0.0
2024-03-20,DSJ KEEP LEARNING LTD Share Price Today - Live KEEPLEARN Stock Price for NSE/BSE - Upstox,DSJ KEEP LEARNING LTD Share Price Today - Live KEEPLEARN Stock Price for NSE/BSE - Upstox,KEEPLEARN,news_rss,0.0
2026-04-10,DSJ Keep Learning Limited Submits SEBI Compliance Certificate for Q4 FY26 - scanx.trade,DSJ Keep Learning Limited Submits SEBI Compliance Certificate for Q4 FY26 - scanx.trade,KEEPLEARN,news_rss,0.0
2026-05-30,"DSJ Keep Learning clears FY26 audited results, renews internal auditor mandate - TipRanks","DSJ Keep Learning clears FY26 audited results, renews internal auditor mandate - TipRanks",KEEPLEARN,news_rss,0.0
2026-06-09,"Announcement under Regulation 30 (LODR)-Change in Management - Shri Hariprasad Siotia, Non-Executive Director, died on June 7, 2026; he ceases as promoter group.","Announcement under Regulation 30 (LODR)-Change in Management - Shri Hariprasad Siotia, Non-Executive Director, died on June 7, 2026; he ceases as promoter group.",EUROTEXIND,screener,0.0
2026-05-26,Compliances-Reg.24(A)-Annual Secretarial Compliance - Annual Secretarial Compliance Report for FY ended 31 March 2026 filed; no non-compliances noted.,Compliances-Reg.24(A)-Annual Secretarial Compliance - Annual Secretarial Compliance Report for FY ended 31 March 2026 filed; no non-compliances noted.,EUROTEXIND,screener,0.0
2026-05-25,"Announcement under Regulation 30 (LODR)-Newspaper Publication - Intimation of Publication of Audited Financials for the Quarter and Year ended 31st March, 2026.","Announcement under Regulation 30 (LODR)-Newspaper Publication - Intimation of Publication of Audited Financials for the Quarter and Year ended 31st March, 2026.",EUROTEXIND,screener,0.0
2026-05-22,Announcement under Regulation 30 (LODR)-Change in Management - Board approved Ansari & Co. as internal auditor for FY 2026-27.,Announcement under Regulation 30 (LODR)-Change in Management - Board approved Ansari & Co. as internal auditor for FY 2026-27.,EUROTEXIND,screener,0.0
2026-05-22,"Board Meeting Outcome for Board Meeting Outcome For Outcome Of Board Meeting Held On 22Nd May, 2026 - On 22 May 2026, board approved FY26 audited results; Supreme Court ruled against company on Rs305.54 lakh duty.","Board Meeting Outcome for Board Meeting Outcome For Outcome Of Board Meeting Held On 22Nd May, 2026 - On 22 May 2026, board approved FY26 audited results; Supreme Court ruled against company on Rs305.54 lakh duty.",EUROTEXIND,screener,-0.769768476486206
2020-08-31,Rating update - from icra,Rating update - from icra,EUROTEXIND,screener,0.0
2019-02-15,Rating update - from icra,Rating update - from icra,EUROTEXIND,screener,0.0
2018-11-23,Rating update - from icra,Rating update - from icra,EUROTEXIND,screener,0.0
2018-05-21,Rating update - from icra,Rating update - from icra,EUROTEXIND,screener,0.0
2017-10-03,Rating update - from icra,Rating update - from icra,EUROTEXIND,screener,0.0
2017-03-23,Rating update - from icra,Rating update - from icra,EUROTEXIND,screener,0.0
2026-06-09,"Announcement under Regulation 30 (LODR)-Change in Management - Shri Hariprasad Siotia, Non-Executive Director, died on June 7, 2026; he ceases as promoter group.","Announcement under Regulation 30 (LODR)-Change in Management - Shri Hariprasad Siotia, Non-Executive Director, died on June 7, 2026; he ceases as promoter group.",EUROTEXIND,screener,0.0
2026-05-26,Compliances-Reg.24(A)-Annual Secretarial Compliance - Annual Secretarial Compliance Report for FY ended 31 March 2026 filed; no non-compliances noted.,Compliances-Reg.24(A)-Annual Secretarial Compliance - Annual Secretarial Compliance Report for FY ended 31 March 2026 filed; no non-compliances noted.,EUROTEXIND,screener,0.0
2026-05-25,"Announcement under Regulation 30 (LODR)-Newspaper Publication - Intimation of Publication of Audited Financials for the Quarter and Year ended 31st March, 2026.","Announcement under Regulation 30 (LODR)-Newspaper Publication - Intimation of Publication of Audited Financials for the Quarter and Year ended 31st March, 2026.",EUROTEXIND,screener,0.0
2026-05-22,Announcement under Regulation 30 (LODR)-Change in Management - Board approved Ansari & Co. as internal auditor for FY 2026-27.,Announcement under Regulation 30 (LODR)-Change in Management - Board approved Ansari & Co. as internal auditor for FY 2026-27.,EUROTEXIND,screener,0.0
2026-05-22,"Board Meeting Outcome for Board Meeting Outcome For Outcome Of Board Meeting Held On 22Nd May, 2026 - On 22 May 2026, board approved FY26 audited results; Supreme Court ruled against company on Rs305.54 lakh duty.","Board Meeting Outcome for Board Meeting Outcome For Outcome Of Board Meeting Held On 22Nd May, 2026 - On 22 May 2026, board approved FY26 audited results; Supreme Court ruled against company on Rs305.54 lakh duty.",EUROTEXIND,screener,-0.769768476486206
2020-08-31,Rating update - from icra,Rating update - from icra,EUROTEXIND,screener,0.0
2019-02-15,Rating update - from icra,Rating update - from icra,EUROTEXIND,screener,0.0
2018-11-23,Rating update - from icra,Rating update - from icra,EUROTEXIND,screener,0.0
2018-05-21,Rating update - from icra,Rating update - from icra,EUROTEXIND,screener,0.0
2017-10-03,Rating update - from icra,Rating update - from icra,EUROTEXIND,screener,0.0
2017-03-23,Rating update - from icra,Rating update - from icra,EUROTEXIND,screener,0.0
2026-05-26,,"  
 
 
Date: 06th April, 2026 
The Listing Department 
National Stock Exchange of India Ltd 
Exchange Plaza, C-1, Block G 
BandraKurla Complex,  
Bandra (E) 
Mumbai- 400051 
 
NSE Scrip Code: ANMOL 
Corporate Service Department 
Bombay Stock Exchange Limited 
25th Floor, P J Towers 
Dalal Street, Fort 
Mumbai- 400001 
 
 
BSE Scrip Code: 542437 
 
Sub: Submission of Disclosure required under Regulation 31(4) of SEBI (SAST) Regulations, 2011 for 
the year ended 31st March, 2026 
 
Dear Sir/ Madam, 
 
Pursuant to the provision of the Regulation 31(4) of SEBI (Substantial Acquisition of Shares & Takeovers) 
Regulations, 2011, please find enclosed the disclosure received from the Promoter & Promoter Group of 
the Company for the year ended 31st March, 2026 for your kind perusal and records.   
 
We request to take the same on your records.  
 
Thanking You, 
 
Yours Faithfully, 
For Anmol India Limited 
 
 
 
 
Parabhjot kaur  
Company Secretary & Co",ANMOL,nse,0.0
2026-05-16,," 1 
99!!L0050 
Mob ‘T@“@M 046554, QWM 
ANMOL 
I 
Web : www.anmolindialtd.com | Android : www.goo. gIJDCvQGQ 
16"" May, 2026 
The Listing Department 
Corporate Service Department 
National Stock Exchange of India Ltd 
Bombay Stock Exchange Limited 
Exchange Plaza, C-1, Block G 
25"" Floor, P J Towers 
Bandra Kurla Complex, 
Dalal Street, Fort 
Bandra (E), Mumbai- 400051 
Mumbai- 400001 
NSE Scrip Code: ANMOL 
BSE Scrip Code: 542437 
Sub: Disclosure under Regulation 30 & 33 of the SEBI (Listing Obligations and Disclosure Requirements) 
Regulations, 2015 
Re: Submission of Audited Standalone Financial Results for the Quarter and Financial Year ended on 
31 March, 2026 
Dear Sir, 
In compliance with the provisions of Regulation 30 and Regulation 33 of the SEBI (Listing Obligations and 
Disclosure Requirements) Regulations, 2015, we are pleased to inform you that the Board of Directors of 
the Company at their Meeting held today i.e. on Saturday, May 16, 2026 have app",ANMOL,nse,0.0
2026-04-20,," 20"" April, 2026 
R 
i 
PB! se!x.coswh 
oY 
Mob, 
135046! 
00 
A 
ANMOL 
T 
Web : www.anmolindialtd.com | Android : www.goo.g/DCvQ6Q 
- o 
& 
The Listing Department 
National Stock Exchange of India Ltd 
Exchange Plaza, C-1, Block G 
Bandra Kurla Complex, 
Bandra (E), Mumbai- 400051 
NSE Scrip Code: ANMOL 
Corporate Service Department 
Bombay Stock Exchange Limited 
25"" Floor, P J Towers 
Dalal Street, Fort 
Mumbai- 400001 
BSE Scrip Code: 542437 
Sub: Submission of Structural Digital Database Compliance Certificate for the Quarter ended 31% 
March, 2026 
Dear Sirs, 
Pursuant to provisions of Regulation 3(4) and 3(6) of SEBI (Prohibition of Insider Trading) Regulations, 
2015, please find enclosed herewith the Structural Digital Database Compliance Certificate for the 
Quarter ended 31° March, 2026. 
Kindly take the same on your records. 
Thanking You, 
Yours Faithfully, 
For Anmol India Limited 
PARABHJOT  Jamisrai 
KAUR 
ate 023082018193 
Parabhj",ANMOL,nse,0.0
2026-04-10,,"  
 
 
 
10th April, 2026 
 
To,  
National Stock Exchange of India Limited,  
Scrip Code: Anmol 
 
Sub: Intimation under Regulation 30 of the SEBI (Listing Obligations & Disclosure Requirements) 
Regulations, 2025 
 
This is with reference to the email communication received from BSE Limited on April 09, 2026, seeking 
clarification for a significant movement in the price of the securities of the Company. 
 
In this regard, we wish to state that the Company remains compliant with, and has duly adhered to, the 
disclosure obligations under Regulation 30 and other applicable provisions of the Securities and Exchange 
Board of India (Listing Obligations and Disclosure Requirements) Regulations, 2015, and has been 
promptly furnishing to the Stock Exchanges, all the relevant information as per the timelines prescribed 
therein. 
 
You are requested to take the above confirmation on record. 
 
Thanking You, 
 
Yours Faithfully, 
For Anmol India Limited 
 
 
 
",ANMOL,nse,0.0
2026-04-09,, ,ANMOL,nse,0.0
2026-04-07,," Date: 07t April, 2026 
& 
IN No. 
g_:/‘\ 
Mob.  +91-943: 
551:49, 98764340 
ANMOL Iﬁﬂlﬁiﬂb 
Web : www.anmolindialtd.com | Android : www.goo.g/DCvQ6Q 
- 
& 
l L51h .!!Lcoso:h 
00 
. 
The Listing Department 
National Stock Exchange of India Ltd 
Exchange Plaza, C-1, Block G 
Bandra Kurla Complex, 
Bandra (E), Mumbai- 400051 
NSE Scrip Code: ANMOL 
Corporate Service Department 
Bombay Stock Exchange Limited 
25 Floor, P J Towers 
Dalal Street, Fort 
Mumbai- 400001 
BSE Scrip Code: 542437 
Dear Sir/ Ma’am, 
Sub: Certificate under Regulation 74(5) of the SEBI (Depositories and Participants) Regulations, 2018 
for the quarter ended 31t March, 2026. 
In Compliance with Regulation 74(5) of SEBI (Depositories and Participants) Regulations, 2018, we are 
forwarding herewith a copy of the Certificate dated 06"" April, 2026, received from M/s Bigshare Services 
Pvt Ltd, the Registrar and Share Transfer Agent of the Company, for the quarter ended 31 March, 2026. 
Kindl",ANMOL,nse,0.0
2026-03-30,," ‘I_N‘Fo 
L51 
99 
Lcoso 
Mob""@’mﬂ.s 
65! mmiooo 
ANMOL IND 
Web : www.anmolindialtd.com 
| Android 
: www.gou.gI/DCvQGO 
£\ 3 
Date: 30"" March, 2026 
To 
The Listing Department 
National Stock Exchange of India Ltd 
Exchange Plaza, C-1, Block G 
Bandra Kurla Complex, 
Bandra (E) 
Mumbai- 400051 
NSE Scrip Code: ANMOL 
To 
The Deputy Manager 
Corporate Services Department 
Bombay Stock Exchange Limited 
25 Floor, P J Towers 
Dalal Street, Fort 
Mumbai- 400001 
BSE Scrip Code: 542437 
Subject: Closure of Trading Window 
Dear Sir(s), 
In Compliance with the SEBI (Prohibition of Insider Trading) Regulations, 2015 and SEBI (Prohibition of 
Insider Trading) (Amendment) Regulations, 2018 read with BSE Circular Ref. No. LIST/COMP/01/2019-20 
dated 2nd April, 2019, it is hereby informed that the ""Trading Window"" for dealing in the securities of the 
Company will remain closed for all Designated Persons and persons having access to Unpublished Price 
Sensitive I",ANMOL,nse,0.0
2026-03-25,," Date: 25™ March, 2026 
ANMOL I 
IN 
o. 
~L5 199!L0050h 
Mob. :491-9435046554, mooo 
Web 
: www.anmolindialtd.com 
| Android 
: www.goo.g\/‘DCvQGQ 
The Listing Department 
National Stock Exchange of India Ltd 
Exchange Plaza, C-1, Block G 
Bandra Kurla Complex, 
Bandra (E) 
Mumbai- 400051 
NSE Scrip Code: ANMOL 
Corporate Service Department 
Bombay Stock Exchange Limited 
25"" Floor, P J Towers 
Dalal Street, Fort 
Mumbai- 400001 
BSE Scrip Code: 542437 
Sub: Intimation regarding Reconstitution of Committees of the Board of Directors 
Dear Sir, 
This is to inform you that in view of resignation of Mr. Sanjeev Kumar, Independent Director of the Company w.e.f. 
17t March, 2026, the Board of Directors of the Company have approved and reconstituted the following Committees 
of the Board with immediate effect: 
1. 
Reconstitution of the Audit Committee by inducting Mr. Ripan Goyal, Independent Director as Chairperson of the 
Committee in place of Mr. Sanjeev Kuma",ANMOL,nse,0.0
2026-03-17,, ,ANMOL,nse,0.0
2026-03-17,," Date: 17t March, 2026 
(W 
? 
o. 
: L51 
j 
Mob. :491-943 o 6554, 9876434000 
ANMOL I 
Web 
: www.anmolindialtd.com 
| Android 
: www.goo.gl/DCvQ6Q 
ss!LcosomL 
1A LTD. ™ 
The Listing Department 
National Stock Exchange of India Ltd 
Exchange Plaza, C-1, Block G 
Bandra Kurla Complex, 
Bandra (E) 
Mumbai- 400051 
NSE Scrip Code: ANMOL 
Corporate Service Department 
Bombay Stock Exchange Limited 
25"" Floor, P J Towers 
Dalal Street, Fort 
Mumbai- 400001 
BSE Scrip Code: 542437 
Sub: Intimation of Resignation 
of Mr. Sanjeev Kumar from the position 
of Independent Director of the 
Company 
Dear Sir, 
Pursuant to Regulation 30 of the SEBI (Listing Obligations and Disclosure Requirements) Regulations, 2015, this is to 
inform that Mr. Sanjeev Kumar (DIN: 08693790), has tendered 
his resignation 
as Independent Director 
of the 
Company with effect from 17t March, 2026. 
The Company has received the confirmation from Mr. Sanjeev Kumar, that there are no",ANMOL,nse,0.0
2026-02-12,," 12t February, 2026 
b) 
Mob. :+91-9435046554, 
000 
ANMOL INDIA LTD.™ 
Web : www.anmolindialtd.com | Android ; www.goo.gl/DCvQ6Q 
(e 
\ 
The Listing Department 
National Stock Exchange of India Ltd 
Exchange Plaza, C-1, Block G 
Bandra Kurla Complex, 
Bandra (E), Mumbai- 400051 
NSE Scrip Code: ANMOL 
Corporate Service Department 
Bombay Stock Exchange Limited 
25™ Floor, P J Towers 
Dalal Street, Fort 
Mumbai- 400001 
BSE Scrip Code: 542437 
Sub: Disclosure under Regulation 30 & 33 of the SEBI (Listing Obligations and Disclosures 
Requirements) Regulations, 2015. 
Ref.: Submission of Un- audited Standalone Financial Results for the Quarter ended 31t December, 
2025 
Dear Sirs, 
Pursuant to Regulation 30 of the SEBI (LODR) Regulations 2015, we hereby inform you that the Board of 
Directors of the Company at its meeting held on today i.e. 12"" February, 2026 inter alia considered and 
approved the un- audited Financial Results for the quarter ended 31% December",ANMOL,nse,0.0
2026-01-23,," 19 January, 2026 
ANMOL IN @Tﬁ 
Web : www.anmolindialtd.com | Android : www.goo.g/DCvQEQ 
The Listing Department 
National Stock Exchange of India Ltd 
Exchange Plaza, C-1, Block G 
Bandra Kurla Complex, Bandra (E) 
Mumbai- 400051 
NSE Scrip Code: ANMOL 
Corporate Service Department 
Bombay Stock Exchange Limited 
25"" Floor, P J Towers 
Dalal Street, Fort 
Mumbai- 400001 
BSE Scrip Code: 542437 
Sub: Quarterly Reconciliation of Share Capital Audit Report (Quarter ended 31t December, 2025) 
Dear Sirs, 
We enclose herewith the quarterly Reconciliation of Share Capital Audit Report for quarter ended 31 
December, 2025 pursuant to Regulation 76 of SEBI (Depositories and Participants) Regulations, 2018. You 
are requested to kindly take the aforesaid information on your records and acknowledge the receipt of 
the same. 
This is for your information and records. 
Thanking You, 
Yours Faithfully, 
For Anmol India Limited 
PARABH oigitaly signea 
by PARABHIOT 
Jot 
",ANMOL,nse,0.0
2026-01-13,," Date: 11"" January, 2026 
IN No. 
: 
L51 199 Lcoso 
Mob. : 
+91-9435046554, WBﬂooo 
ANMOL I 
Web 
: www.anmolindialtd.com 
| Android 
: www.goo.g//DCvQEQ 
The Listing Department 
National Stock Exchange of India Ltd 
Exchange Plaza, C-1, Block G 
Bandra Kurla Complex, 
Bandra (E), Mumbai- 400051 
NSE Scrip Code: ANMOL 
Corporate Service Department 
Bombay Stock Exchange Limited 
25 Floor, P J Towers 
Dalal Street, Fort 
Mumbai- 400001 
BSE Scrip Code: 542437 
Dear Sir/ Ma’am, 
Sub: Certificate under Regulation 74(5) of the SEBI (Depositories and Participants) Regulations, 2018 for 
the quarter ended 31° December, 2025. 
In Compliance with Regulation 74(5) of SEBI (Depositories and Participants) Regulations, 2018, we are 
forwarding herewith 
a copy of the Certificate dated 08™ January, 2026, received from M/s Bigshare 
Services Pvt Ltd, the Registrar and Share Transfer Agent of the Company, for the quarter ended 31° 
December, 2025. 
Kindly take the same o",ANMOL,nse,0.0
2025-12-30,," Y 
s 
ANMOL 
Web 
: www.anmolindialtd.com 
| Android 
: www.goo.gl/DCvQ6Q 
Date: 30"" December, 2025 
The Listing Department 
Corporate Service Department 
National Stock Exchange of India Ltd 
Bombay Stock Exchange Limited 
Exchange Plaza, C-1, Block G 
25 Floor, P J Towers 
BandraKurla Complex, 
Dalal Street, Fort 
Bandra (E) 
Mumbai- 400001 
Mumbai- 400051 
NSE Scrip Code: ANMOL 
BSE Scrip Code: 542437 
Sub: Closure of Trading Window 
In compliance with the SEBI (Prohibition of Insider Trading) Regulations, 2015 and SEBI (Prohibition of 
Insider Trading) Amendment Regulations, 2018 read with BSE Circular Ref No. LIST/COMP/01/2019-20 
dated 02"" April, 2019, it is hereby informed that the “Trading Window” for dealing in the securities of the 
Company will remain closed for all designated persons and persons having access to Unpublished Price 
Sensitive Information with effect from 01"" January, 2026 till the expiry of 48 hours after the declaration 
of Financi",ANMOL,nse,0.0
2025-12-27,," Date: 26"" December, 2025 
Mob. : +91-9435 
ANMOL INDIA 
N 
AN 
Web : www.anmolindialtd.com 
| Android 
: www.goo.gl/DCvQ6Q 
To 
The Listing Department 
National Stock Exchange of India Ltd 
Exchange Plaza, C-1, Block G 
Bandra Kurla Complex, 
Bandra (E) 
Mumbai- 400051 
NSE Scrip Code: ANMOL 
To 
The Deputy Manager 
Corporate Services Department 
Bombay Stock Exchange Limited 
25™ Floor, P J Towers 
Dalal Street, Fort 
Mumbai- 400001 
BSE Scrip Code: 542437 
Sub: Submission of Voting Results of the Extra- Ordinary General Meeting of Anmol India Limited held 
on 26 December, 2025 
Dear Sir, 
We hereby inform that the Extra- Ordinary General Meeting of the Company was held on 26"" December, 2025 
at 10:00 A.M. at the Registered Office at 2/43, 2nd Floor, Block B, Agar Nagar, Ludhiana, Punjab- 141001. The 
item of the business contained in the Notice of the Extra- Ordinary General Meeting dated 03 December, 2025, 
were transacted and passed by the Members. 
I",ANMOL,nse,0.0
2025-12-26,," & ] mm& 
Bﬁ%’h 
4 
Mob. 
: 491-9435046554 
000 
ANMOL | 
Web : www.anmolindialtd.com | Android : www.goo.g//DCvQEQ 
e 
(% 
Date: 26"" December, 2025 
To 
To 
The Listing Department 
The Deputy Manager 
National Stock Exchange of India Ltd 
Corporate Services Department 
Exchange Plaza, C-1, Block G 
Bombay Stock Exchange Limited 
BandraKurla Complex, 
25 Floor, P J Towers 
Bandra (E) 
Dalal Street, Fort 
Mumbai- 400051 
Mumbai- 400001 
NSE Scrip Code:ANMOL 
BSE Scrip Code: 542437 
Subject: Proceedings of Extra- Ordinary General Meeting 
Dear Sir(s), 
As per regulation 30(6) read with part A of Schedule Ill of SEBI (Listing Obligations and Disclosure 
Requirements) Regulations, 2015, please find enclosed the proceedings of the Extra- Ordinary General 
Meeting of the Company held today that is 26"" December, 2025. 
Request you to kindly put the same on your record. 
Thanking You, 
Yours faithfully, 
For Anmol India Ltd 
PARABHJ 2oty 
OTKAUR %53t 
Parab",ANMOL,nse,0.0
2025-12-26,," 26t December, 2025 
ANMOL Iﬁﬂm 
& 
Web : www.anmolindialtd.com 
| Android 
: www.goo.gl/DCvQ6Q 
The Listing Department 
National Stock Exchange of India Ltd 
Exchange Plaza, C-1, Block G 
Bandra Kurla Complex, 
Bandra (E) 
Mumbai- 400051 
NSE Scrip Code: ANMOL 
Corporate Service Department 
Bombay Stock Exchange Limited 
25t Floor, P J Towers 
Dalal Street, Fort 
Mumbai- 400001 
BSE Scrip Code: 542437 
Sub: Outcome of Extra- Ordinary General Meeting 
Dear Sirs, 
As per Regulation 30 of Securities and Exchange Board of India (Listing Obligations & Disclosure 
Requirements), 2015, we hereby inform you that the Extra- Ordinary General Meeting of the 
Company was held on Friday, the 26 December, 2025 at the Registered Office of the Company 
at 2/43, 2nd Floor, Block B, Aggar Nagar, Ludhiana, Punjab- 141001 
at 10.00 A.M. through 
physical mode. 
The requisite quorum being present, the meeting was called to order. 
The resolution mentioned in the notice has been ",ANMOL,nse,0.0
2025-12-26,,"    
 
 
 
 
 
 
 
 26th December, 2025 
 
The Listing Department 
National Stock Exchange of India Ltd 
Exchange Plaza, C-1, Block G 
Bandra Kurla Complex,  
Bandra (E) 
Mumbai- 400051 
 
NSE Scrip Code: ANMOL 
Corporate Service Department 
Bombay Stock Exchange Limited 
25th Floor, P J Towers 
Dalal Street, Fort 
Mumbai- 400001 
 
 
BSE Scrip Code: 542437 
 
 
Sub: Outcome of Extra- Ordinary General Meeting 
 
Dear Sirs, 
 
As per Regulation 30 of Securities and Exchange Board of India (Listing Obligations & Disclosure 
Requirements), 2015, we hereby inform you that the Extra- Ordinary General Meeting of the 
Company was held on Friday, the 26th December, 2025 at the Registered Office of the Company 
at 2/43, 2nd Floor, Block B, Aggar Nagar, Ludhiana, Punjab- 141001 at 10.00 A.M. through 
physical mode.  
 
The requisite quorum being present, the meeting was called to order. 
 
Al the resolutions mentioned in the notice has been passed with requ",ANMOL,nse,0.0
2025-12-18,," ] ”!!LCOSO 
Web 
: www.anmolindialtd.com 
| Android 
: www.goo.gl/DCvQ6Q 
Date: 18"" December, 2025 
The Listing Department 
Corporate Service Department 
National Stock Exchange of India Ltd 
Bombay Stock Exchange Limited 
Exchange Plaza, C-1, Block G 
25"" Floor, P J Towers 
Bandra Kurla Complex, 
Dalal Street, Fort 
Bandra (E) 
Mumbai- 400001 
Mumbai- 400051 
NSE Scrip Code: ANMOL 
BSE Scrip Code: 542437 
Sub: Intimation of sad demise of Non- executive Director of the Company 
Dear Sir, 
We regret to inform sad demise of Mr. Kapil (DIN: 10781591), non- executive director of the Company on 18"" 
December, 2025. Mr. Kapil was appointed as non- executive director of the Company since 01t October, 2024. 
During 
his tenure as Director, the Company has immensely benefitted from 
his thorough knowledge and 
rich 
experience. 
The directors and employees of the Company convey their deep sympathy, sorrow and condolences to his family. 
Thanking You, 
Yours Faithfu",ANMOL,nse,0.0
2025-12-03,," - H ! 
Ls1&§1ss!|.coso 
@ 
65! 
E‘m:ulooo 
ANMOIiObI Wby 
Web : www.anmolindialtd.com | Android : www.goo.gl/DCvQ6Q 
Ce= 
03 December, 2025 
The Listing Department 
Corporate Service Department 
National Stock Exchange of India Ltd 
Bombay Stock Exchange Limited 
Exchange Plaza, C-1, Block G 
25 Floor, P J Towers 
BandraKurla Complex, 
Dalal Street, Fort 
Bandra (E), Mumbai- 400051 
Mumbai- 400001 
NSE Scrip Code:ANMOL 
BSE Scrip Code: 542437 
Sub: Submission of Notice of Extra Ordinary General Meeting of the Company to be held on Friday, 
26th December, 2025 
Pursuant to Regulation 30 of Listing Regulations and other applicable provisions of Listing Regulations, we 
wish to inform you that an Extra Ordinary General Meeting (EGM) of the Members of the Anmol India 
Limited will be held on Friday, 26"" December, 2025 at 10.00 A.M. at Registered Office of the Company at 
2 
Floor, 2/43, Block B, Aggar Nagar, Ludhiana, Punjab- 141001, to transact the business list",ANMOL,nse,0.0
2025-12-03,," 03"" December, 2025 
Web 
: www.anmolindialtd.com 
| Android 
: www.goo.g/DCvQ6Q 
The Listing Department 
National Stock Exchange of India Ltd 
Exchange Plaza, C-1, Block G 
Corporate Service Department 
Bombay Stock Exchange Limited 
25"" Floor, P J Towers 
BandraKurla Complex, 
Bandra (E), Mumbai- 400051 
Dalal Street, Fort 
Mumbai- 400001 
NSE Scrip Code:ANMOL 
BSE Scrip Code: 542437 
Sub: Regulation 30 of SEBI (Listing Obligation and Disclosure Requirements) Regulations, 2015 
Dear Sirs, 
Pursuant to Regulation 30 of the SEBI (LODR) Regulations, 2015, we would like to inform you that the Board of 
Directors of the Company at its meeting held today i.e. Wednesday, 03"" December, 2025 have inter-alia 
considered and approved the following: 
1. 
Appointment of Mr. Ripan Kumar Goyal (DIN: 11397550) as Non- executive Independent Director of the 
Company subject to the approval of the shareholders to be obtained by Extra Ordinary General Meeting 
(“EGM”). 
The Boar",ANMOL,nse,0.0
2025-11-13,," ANMOL Il\?ﬂm 
Web : www.anmolindialtd.com | Android : www.goo.g/DCvQ6Q 
13"" November, 2025 
The Listing Department 
Corporate Service Department 
National Stock Exchange of India Ltd 
Bombay Stock Exchange Limited 
Exchange Plaza, C-1, Block G 
25"" Floor, P 
J Towers 
Bandra Kurla Complex, 
Dalal Street, Fort 
Bandra (E), Mumbai- 400051 
Mumbai- 400001 
NSE Scrip Code: ANMOL 
BSE Scrip Code: 542437 
Sub: Disclosure under Regulation 30 & 33 of the SEBI (Listing Obligations and Disclosures Requirements) 
Regulations, 2015 
Ref: Submission of Un-audited Standalone Financial Results for the Quarter and half year ended 30"" 
September, 2025 
Dear Sirs, 
Pursuant to Regulation 30 of the SEBI (LODR) Regulations, 2015, we hereby inform you that the Board of 
Directors of the Company at its meeting held on today i.e. 13"" November, 2025 inter alia considered and 
approved the Un- audited Financial Results for the quarter and half year ended 30"" September, 2025. 
With regar",ANMOL,nse,0.0
2025-11-13,," ANMOL Il\?ﬂm 
Web : www.anmolindialtd.com | Android : www.goo.g/DCvQ6Q 
13"" November, 2025 
The Listing Department 
Corporate Service Department 
National Stock Exchange of India Ltd 
Bombay Stock Exchange Limited 
Exchange Plaza, C-1, Block G 
25"" Floor, P 
J Towers 
Bandra Kurla Complex, 
Dalal Street, Fort 
Bandra (E), Mumbai- 400051 
Mumbai- 400001 
NSE Scrip Code: ANMOL 
BSE Scrip Code: 542437 
Sub: Disclosure under Regulation 30 & 33 of the SEBI (Listing Obligations and Disclosures Requirements) 
Regulations, 2015 
Ref: Submission of Un-audited Standalone Financial Results for the Quarter and half year ended 30"" 
September, 2025 
Dear Sirs, 
Pursuant to Regulation 30 of the SEBI (LODR) Regulations, 2015, we hereby inform you that the Board of 
Directors of the Company at its meeting held on today i.e. 13"" November, 2025 inter alia considered and 
approved the Un- audited Financial Results for the quarter and half year ended 30"" September, 2025. 
With regar",ANMOL,nse,0.0
2025-10-14,," Date: 14"" October, 2025 
y 
Mob o193 
Pm,%’h 
ANMOL INS T 
Web : www.anmolindialtd.com | Android : www.goo.g/DCvQBQ 
The Listing Department 
Exchange Plaza, C-1, Block G 
Bandra Kurla Complex, 
NSE Scrip Code: ANMOL 
National Stock Exchange of India Ltd 
Bombay Stock Exchange Limited 
Bandra (E), Mumbai- 400051 
Corporate Service Department 
25"" Floor, PJ Towers 
Dalal Street, Fort 
Mumbai- 400001 
BSE Scrip Code: 542437 
Dear Sir/ Ma’am, 
Sub: Certificate under Regulation 74(5) of the SEBI (Depositories and Participants) Regulations, 2018 
for the quarter ended 30"" September, 2025 
In Compliance with Regulation 74(5) of SEBI (Depositories and Participants) Regulations, 2018, we are 
forwarding herewith a copy of the Certificate dated 09™ October, 2025, received from M/s Bigshare 
Services Pvt Ltd, the Registrar and Share Transfer Agent of the Company, for the quarter ended 30™ 
September, 2025. 
Kindly take the same on your record. 
Thanking You, 
For Anmol ",ANMOL,nse,0.0
2025-10-01,, ,ANMOL,nse,0.0
2025-10-01,," ) 
Mob. 
Web 
: www.anmolindialtd.com 
| Android 
: www.goo.gl/DCvQ6Q 
Date: 01° October, 2025 
To 
To 
The Listing Department 
The Deputy Manager 
National Stock Exchange of India Ltd 
Corporate Services Department 
Exchange Plaza, C-1, Block G 
Bombay Stock Exchange Limited 
Bandra Kurla Complex, 
25 Floor, P J Towers 
Bandra (E) 
Dalal Street, Fort 
Mumbai- 400051 
Mumbai- 400001 
NSE Scrip Code: ANMOL 
BSE Scrip Code: 542437 
Subject: Intimation of Resignation of Mrs. Bhupinderpreet Kaur, Independent Director 
Dear Sir(s), 
Pursuant to Regulation 30 of the SEBI (Listing Obligations and Disclosure Requirements) Regulations, 
2015, this is to inform that Mrs. Bhupinderpreet Kaur (DIN: 09074080), has tendered her resignation as 
Director of the Company with effect from 30"" September, 2025. 
The Company has received the confirmation from Mrs. Bhupinderpreet Kaur, that there are no other 
material reasons for her resignation other than those which 
is provi",ANMOL,nse,0.0
2025-09-30,," o] 
& o 
ANMOL INDIA LTD™ 
Web : www.anmolindialtd.com | Andreid : www.goo.g/DCvQ6Q 
Date: 30"" September, 2025 
To 
To 
The Listing Department 
The Deputy Manager 
National Stock Exchange of India Ltd 
Corporate Services Department 
Exchange Plaza, C-1, Block G 
Bombay Stock Exchange Limited 
Bandra Kurla Complex, 
25"" Floor, PJ Towers 
Bandra (E) 
Dalal Street, Fort 
Mumbai- 400051 
Mumbai- 400001 
NSE Scrip Code: ANMOL 
BSE Scrip Code: 542437 
Subject: Closure of Trading Window 
Dear Sir(s), 
In Compliance with the SEBI (Prohibition of Insider Trading) Regulations, 2015 and SEBI (Prohibition of 
Insider Trading) (Amendment) Regulations, 2018 read with BSE Circular Ref. No. LIST/COMP/01/2019-20 
dated 2nd April, 2019, it is hereby informed that the ""Trading Window"" for dealing in the securities of 
the Company will remain closed for all Designated Persons and persons having access to Unpublished 
Price Sensitive Information with effect from 01 October, 2025 ",ANMOL,nse,0.0
2025-09-27,, ,ANMOL,nse,0.0
2025-09-26,,"  
 
 
 
Date: 26th September, 2025 
 
To 
The Listing Department 
National Stock Exchange of India Ltd 
Exchange Plaza, C-1, Block G 
BandraKurla Complex,  
Bandra (E) 
Mumbai- 400051 
 
NSE Scrip Code:ANMOL 
To  
The Deputy Manager 
Corporate Services Department 
Bombay Stock Exchange Limited 
25th Floor, P J Towers 
Dalal Street, Fort 
Mumbai- 400001 
 
BSE Scrip Code: 542437 
 
Subject: Proceedings of Annual General Meeting 
 
Dear Sir(s), 
 
As per regulation 30(6) read with part A of Schedule III of SEBI (Listing Obligations and Disclosure 
Requirements) Regulations, 2015, please find enclosed the proceedings of the 27thAnnual General 
Meeting of the Company held today that is 26th September, 2025. 
 
Request you to kindly put the same on your record. 
 
Thanking You, 
Yours faithfully, 
 
For Anmol India Ltd 
 
 
Parabhjot Kaur 
Company Secretary & Compliance Officer 
 
 
Encl: As above 
 
 
 
Parabhjot 
Kaur
Digitally signed by ",ANMOL,nse,0.0
2025-09-26,," ANMOL Iﬁﬁmﬁﬂb 
Web : www.anmolindialtd.com | Android : www.goo.g/DCvQ6Q 
26t September, 2025 
The Listing Department 
Corporate Service Department 
National Stock Exchange of India Ltd 
Bombay Stock Exchange Limited 
Exchange Plaza, C-1, Block G 
25t Floor, P J Towers 
Bandra Kurla Complex, 
Dalal Street, Fort 
Bandra (E) 
Mumbai- 400001 
Mumbai- 400051 
NSE Scrip Code: ANMOL 
BSE Scrip Code: 542437 
Sub: Outcome of 27t Annual General Meeting 
Dear Sirs, 
As per Regulation 30 of Securities and Exchange Board of India (Listing Obligations & 
Disclosure Requirements), 2015, we hereby inform you that the 27t Annual General Meeting of 
the Company was held on Friday, the 26t September, 2025 at the Registered Office of the 
Company at 2/43, 224 Floor, Block B, Aggar Nagar, Ludhiana, Punjab- 141001 at 10.00 A.M. 
through physical mode. 
The requisite quorum being present, the meeting was called to order. 
Al the resolutions mentioned in the notice has been passed with",ANMOL,nse,0.0
2025-09-18,," 17t September, 2025 
Mob. W‘IMS 
6! QWBMM 
ANMOL INSAP T 
Web 
: www.anmolindialtd.com 
| Android 
: www.goo.gV/DCvQEQ 
The Listing Department 
National Stock Exchange of India Ltd 
Exchange Plaza, C-1, Block G 
Bandra Kurla Complex, 
Bandra (E), Mumbai- 400051 
NSE Scrip Code: ANMOL 
Corporate Service Department 
Bombay Stock Exchange Limited 
25 Floor, P J Towers 
Dalal Street, Fort 
Mumbai- 400001 
BSE Scrip Code: 542437 
Sub: Intimation of Credit Rating(s) pursuant to Regulation 30 of SEBI (Listing Obligations and Disclosure 
Requirements) Regulations, 2015 
Dear Sir/ Madam, 
Pursuant to the Regulation 30 of the SEBI (Listing Obligations and Disclosure Requirements) Regulations, 
2015, we wish to inform you that Care Edge Ratings has assigned the rating of the Company. 
The rating rationale as provided by the credit rating agency is enclosed herewith for your 
reference. 
This is for your information and records. 
Thanking You, 
Yours Faithfully, 
For ",ANMOL,nse,0.0
2025-08-30,," 30t August, 2025 
S IN 
No. : 
L51 
199!!!60 
% 
Mob. *wm 65 
ANMOL IND 
Web : www.anmolindialtd.com | Android : www.goo.gl/DCvQ6Q 
The Listing Department 
National Stock Exchange of India Ltd 
Exchange Plaza, C-1, Block G 
Corporate Service Department 
Bombay Stock Exchange Limited 
25t Floor, P J Towers 
Bandra Kurla Complex, 
Bandra (E) 
Mumbai- 400051 
Dalal Street, Fort 
Mumbai- 400001 
NSE Scrip Code: ANMOL 
BSE Scrip Code: 542437 
Sub: Outcome of Board Meeting 
Dear Sirs, 
In compliance with the provisions of Regulation 30 of SEBI (Listing Obligation and Disclosure 
Requirements), 2015, we are pleased to inform you that the Board of Directors of the Company 
in its meeting held today i.e. 30t August, 2025 inter-alia considered and approved the following 
matters: 
1. Notice of the 27% Annual General Meeting of the members of the Company to be held on 
Friday, 26t September, 2025 at Registered office of the company at 2nd Floor, Aggar Nagar, 
Block B",ANMOL,nse,0.0
2025-08-30,," 30t August, 2025 
S IN 
No. : 
L51 
199!!!60 
% 
Mob. *wm 65 
ANMOL IND 
Web : www.anmolindialtd.com | Android : www.goo.gl/DCvQ6Q 
The Listing Department 
National Stock Exchange of India Ltd 
Exchange Plaza, C-1, Block G 
Corporate Service Department 
Bombay Stock Exchange Limited 
25t Floor, P J Towers 
Bandra Kurla Complex, 
Bandra (E) 
Mumbai- 400051 
Dalal Street, Fort 
Mumbai- 400001 
NSE Scrip Code: ANMOL 
BSE Scrip Code: 542437 
Sub: Outcome of Board Meeting 
Dear Sirs, 
In compliance with the provisions of Regulation 30 of SEBI (Listing Obligation and Disclosure 
Requirements), 2015, we are pleased to inform you that the Board of Directors of the Company 
in its meeting held today i.e. 30t August, 2025 inter-alia considered and approved the following 
matters: 
1. Notice of the 27% Annual General Meeting of the members of the Company to be held on 
Friday, 26t September, 2025 at Registered office of the company at 2nd Floor, Aggar Nagar, 
Block B",ANMOL,nse,0.0
2025-08-08,," 08 August, 2025 
lN No. 
: 
L51 
!!LCOS 
'Q,'\ 
Mob. wx’g‘\‘m 0 5554 sTmmo 
ANMOL IND 
Web 
: www.anmolindialtd.com 
| Android : www.goo.gl/DCvQ6Q 
The Listing Department 
National Stock Exchange of India Ltd 
Exchange Plaza, C-1, Block G 
Bandra Kurla Complex, 
Bandra (E), Mumbai- 400051 
NSE Scrip Code: ANMOL 
Corporate Service Department 
Bombay Stock Exchange Limited 
25™ Floor, P J Towers 
Dalal Street, Fort 
Mumbai- 400001 
BSE Scrip Code: 542437 
Sub: 
Disclosure 
under 
Regulation 
30 
& 
33 
of 
the 
SEBI 
(Listing 
Obligations 
and 
Disclosures 
Requirements) Regulations, 2015. 
Ref.: Submission of Un- audited Standalone Financial Results for the Quarter ended 30"" June, 2025 
Dear 
Sir(s), 
Pursuant to Regulation 30 of the SEBI (LODR) Regulations 2015, we hereby inform you that the Board of 
Directors of the Company at its meeting held on today i.e. 08"" August, 2025 inter alia considered and 
approved the un- audited Financial Result",ANMOL,nse,0.0
2025-08-08,," 08 August, 2025 
lN No. 
: 
L51 
!!LCOS 
'Q,'\ 
Mob. wx’g‘\‘m 0 5554 sTmmo 
ANMOL IND 
Web 
: www.anmolindialtd.com 
| Android : www.goo.gl/DCvQ6Q 
The Listing Department 
National Stock Exchange of India Ltd 
Exchange Plaza, C-1, Block G 
Bandra Kurla Complex, 
Bandra (E), Mumbai- 400051 
NSE Scrip Code: ANMOL 
Corporate Service Department 
Bombay Stock Exchange Limited 
25™ Floor, P J Towers 
Dalal Street, Fort 
Mumbai- 400001 
BSE Scrip Code: 542437 
Sub: 
Disclosure 
under 
Regulation 
30 
& 
33 
of 
the 
SEBI 
(Listing 
Obligations 
and 
Disclosures 
Requirements) Regulations, 2015. 
Ref.: Submission of Un- audited Standalone Financial Results for the Quarter ended 30"" June, 2025 
Dear 
Sir(s), 
Pursuant to Regulation 30 of the SEBI (LODR) Regulations 2015, we hereby inform you that the Board of 
Directors of the Company at its meeting held on today i.e. 08"" August, 2025 inter alia considered and 
approved the un- audited Financial Result",ANMOL,nse,0.0
2025-07-14,," Date: 14 July, 2025 
ANMOL I 
winb 
Web 
: www.anmolindialtd.com 
| Android 
: www.goo.g//DCvQEQ 
The Listing Department 
National Stock Exchange of India Ltd 
Exchange Plaza, C-1, Block G 
Bandra Kurla Complex, 
Corporate Service Department 
Bombay Stock Exchange Limited 
25 Floor, P J Towers 
Dalal Street, Fort 
Bandra (E), Mumbai- 400051 
Mumbai- 400001 
NSE Scrip Code: ANMOL 
BSE Scrip Code: 542437 
Dear Sir/ Ma’am, 
Sub: Certificate under Regulation 74(5) of the SEBI (Depositories and Participants) Regulations, 2018 
for the quarter ended 30"" June, 2025. 
In Compliance with Regulation 74(5) of SEBI (Depositories and Participants) Regulations, 2018, we are 
forwarding herewith a copy of the Certificate dated 07"" July, 2025, received from M/s Bigshare Services 
Pvt Ltd, the Registrar and Share Transfer Agent of the Company, for the quarter ended 30*"" June, 2025. 
Kindly take the same on your record. 
Thanking You, 
For Anmol India Limited 
+ 
Di 
|y 
e",ANMOL,nse,0.0
2025-06-27,," o I 
\%"" 
Mob., 
: #91- 
000 
ANMOL Iﬁﬁmﬁﬂﬁ 
Web : www.anmolindialtd.com 
| Andreid : www.goo.g/DCvQ6Q 
Date: 27"" June, 2025 
To 
To 
The Listing Department 
The Deputy Manager 
National Stock Exchange of India Ltd 
Corporate Services Department 
Exchange Plaza, C-1, Block G 
Bombay Stock Exchange Limited 
Bandra Kurla Complex, 
25"" Floor, P J Towers 
Bandra (E) 
Dalal Street, Fort 
Mumbai- 400051 
Mumbai- 400001 
NSE Scrip Code: ANMOL 
BSE Scrip Code: 542437 
Subject: Closure of Trading Window 
Dear Sir(s), 
In Compliance with the SEBI (Prohibition of Insider Trading) Regulations, 2015 and SEBI (Prohibition of 
Insider Trading) (Amendment) Regulations, 2018 read with BSE Circular Ref. No. LIST/COMP/01/2019-20 
dated 2nd April, 2019, it is hereby informed that the ""Trading Window"" for dealing in the securities of 
the Company will remain closed for all Designated Persons and persons having access to Unpublished 
Price Sensitive 
Information 
with 
effe",ANMOL,nse,0.0
2025-05-17,," 1 
99!!L0050 
Mob ‘T@“@M 046554, QWM 
ANMOL 
I 
Web 
: www.anmolindialtd.com 
| Android 
: www.goo. gIJDCvQGQ 
17 May, 2025 
The Listing Department 
Corporate Service Department 
National Stock Exchange of India Ltd 
Bombay Stock Exchange Limited 
Exchange Plaza, C-1, Block G 
25 Floor, P J Towers 
Bandra Kurla Complex, 
Dalal Street, Fort 
Bandra (E), Mumbai- 400051 
Mumbai- 400001 
NSE Scrip Code: ANMOL 
BSE Scrip Code: 542437 
Sub: Disclosure under Regulation 30 & 33 of the SEBI (Listing Obligations and Disclosure Requirements) 
Regulations, 2015 
Re: Submission of Audited Standalone Financial Results for the Quarter and Financial Year ended on 
31 March, 2025 
Dear Sir, 
In compliance with the provisions of Regulation 30 and Regulation 33 of the SEBI (Listing Obligations and 
Disclosure Requirements) Regulations, 2015, we are pleased to inform you that the Board of Directors of 
the Company at their Meeting held today i.e. on Saturday, May 17%"", 2025 ha",ANMOL,nse,0.0
2025-05-17,," 1 
99!!L0050 
Mob ‘T@“@M 046554, QWM 
ANMOL 
I 
Web 
: www.anmolindialtd.com 
| Android 
: www.goo. gIJDCvQGQ 
17 May, 2025 
The Listing Department 
Corporate Service Department 
National Stock Exchange of India Ltd 
Bombay Stock Exchange Limited 
Exchange Plaza, C-1, Block G 
25 Floor, P J Towers 
Bandra Kurla Complex, 
Dalal Street, Fort 
Bandra (E), Mumbai- 400051 
Mumbai- 400001 
NSE Scrip Code: ANMOL 
BSE Scrip Code: 542437 
Sub: Disclosure under Regulation 30 & 33 of the SEBI (Listing Obligations and Disclosure Requirements) 
Regulations, 2015 
Re: Submission of Audited Standalone Financial Results for the Quarter and Financial Year ended on 
31 March, 2025 
Dear Sir, 
In compliance with the provisions of Regulation 30 and Regulation 33 of the SEBI (Listing Obligations and 
Disclosure Requirements) Regulations, 2015, we are pleased to inform you that the Board of Directors of 
the Company at their Meeting held today i.e. on Saturday, May 17%"", 2025 ha",ANMOL,nse,0.0
2025-05-15,," w5 
‘m M1$E1ss&omh 
) 
Mob, 
: 491:9435046554, 9876434000 
AniioL NSRS T 
Web 
: www.anmolindialtd.com 
| Android 
: www.goo.gl/DCvQEQ 
14"" May, 2025 
The Listing Department 
Corporate Service Department 
National Stock Exchange of India Ltd 
Bombay Stock Exchange Limited 
Exchange Plaza, C-1, Block G 
25t Floor, P 
J Towers 
BandraKurla Complex, 
Dalal Street, Fort 
Bandra (E), Mumbai- 400051 
Mumbai- 400001 
NSE Scrip Code:ANMOL 
BSE Scrip Code: 542437 
Sub: Submission of Voting Results of the Postal Ballot pursuant to Regulation 44 of SEBI (Listing Obligations 
and Disclosure Requirements) Regulations, 2015 
Dear Sir, 
This is to inform you that the Company had issued Postal Ballot Notice dated 11"" April, 2025 pursuant to the 
provisions of Section 110 of the Companies Act, 2013 read with Rule 22 of the Companies (Management and 
Administration) Rules, 2014 for seeking approval of the Members of the Company, 
in respect of special 
business item as set",ANMOL,nse,0.0
2025-05-02,," ss!LcosostL 
, 0876434000 
Web : www.anmolindialtd.com 
| Android 
: www.goo.gVDCvQEQ 
01°t May, 2025 
To 
The Listing Compliance Monitoring Team 
National Stock Exchange 
Exchange Plaza, C1, Block G, 
Bandra Kurla Complex, 
Bandra (E), Mumbai- 400051 
NSE Scrip Code: ANMOL 
Sub: Revised Corporate Announcement in connection with appointments of Directors with the reference to 
the original corporate announcement filed on 05th October, 2024. 
Ref: Reply to NSE Query received via mail dated 27th April, 2025 regarding Corporate Announcement filed 
under Regulation 30 of SEBI (LODR) Regulations, 2015. 
Dear Sirs, 
This is pursuant to the e-mail communication received from BSE dated 07th October, 2024, requiring additional 
details required for Corporate Announcement filed under Regulation 30 of SEBI (LODR) Regulations, 2015, 
pursuant to Regulation 30 of SEBI (LODR) Regulations, 2015 read with SEBI Circular dated July 13, 2023. 
Kindly find below the additional details",ANMOL,nse,0.0
2025-04-30,," 03"" April, 2025 
wo 
. 
>. No. 
yr. D>... Ao 
& ) C4 
Mob. Ne 046554, ws 
NMOL IND 
Web 
: www.anmolindialtd.com 
| Android 
: ae ete 
The Listing Department 
National Stock Exchange of India Ltd 
Exchange Plaza, C-1, Block G 
Bandra Kurla Complex, 
Bandra (E), Mumbai- 400051 
NSE Scrip Code: ANMOL 
Corporate Service Department 
Bombay Stock Exchange Limited 
25"" Floor, P J Towers 
Dalal Street, Fort 
Mumbai- 400001 
BSE Scrip Code: 542437 
Sub: Submission of Disclosure required under Regulation 31(4) of SEBI (SAST) Regulations, 2011 for the 
year ended 31° March, 2025 
Dear Sir/ Madam, 
Pursuant to the provision of the Regulation 31(4) of SEBI (Substantial Acquisition of Shares & Takeovers) 
Regulations, 2011, please find enclosed the disclosure received from the Promoter & Promoter Group of the 
Company for the year ended on 31* March, 2025 for your kind perusal and records. 
Kindly take the note of the same. 
Thanking You, 
Yours Faithfully, 
For Anm",ANMOL,nse,0.0
2025-04-17,," 16t April, 2025 
Wl 
b S 
PB! se!x.coswh 
\V‘y' 
Mob. 
135046! 
00 
A 
ANMOL 
T 
Web 
: www.anmolindialtd.com 
| Android 
: www.goo.g/DCvQ6Q 
The Listing Department 
National Stock Exchange of India Ltd 
Exchange Plaza, C-1, Block G 
Bandra Kurla Complex, 
Bandra (E), Mumbai- 400051 
NSE Scrip Code: ANMOL 
Corporate Service Department 
Bombay Stock Exchange Limited 
25™ Floor, P J Towers 
Dalal Street, Fort 
Mumbai- 400001 
BSE Scrip Code: 542437 
Sub: Submission of Structural Digital Database Compliance Certificate for the Quarter ended 31% 
March, 2025 
Dear Sirs, 
Pursuant to provisions of Regulation 3(4) and 3(6) of SEBI (Prohibition of Insider Trading) Regulations, 
2015, please find enclosed herewith the Structural 
Digital Database Compliance Certificate 
for the 
Quarter ended 31% March, 2025. 
Kindly take the same on your records. 
Thanking You, 
Yours Faithfully, 
For Anmol 
India Limited 
Digtalysgne 
by 
Parabhjot Kaur frarhiotkaur ",ANMOL,nse,0.0
2025-04-11,," ss!mosoih 
, 0876434000 
Web : www.anmolindialtd.com 
| Android 
: www.goo.gVDCvQEQ 
11t April, 2025 
The Listing Department 
Corporate Service Department 
National Stock Exchange of India Ltd 
Bombay Stock Exchange Limited 
Exchange Plaza, C-1, Block G 
25 Floor, P J Towers 
BandraKurla Complex, 
Dalal Street, Fort 
Bandra (E), Mumbai- 400051 
Mumbai- 400001 
NSE Scrip Code:ANMOL 
BSE Scrip Code: 542437 
Sub: 
Postal 
Ballot Notice- Disclosure under Regulation 
30 
of SEBI 
(Listing Obligation and Disclosure 
Requirements) Regulations, 2015 
Dear Sirs, 
Pursuant to Regulation 30 of the SEBI (LODR) Regulations, 2015, please find enclosed herewith the Postal Ballot 
dated 11t April, 2025, seeking approval of Members of the Company on the following Resolutions through Postal 
Ballot Process: 
S. No. 
Agenda 
1. 
Re- appointment of Mr. Sumit Goswami (DIN: 08708023) as Non- Executive Independent Director of the 
Company 
2. 
Re- appointment of Mr. Sanjeev",ANMOL,nse,0.0
2025-04-11,," 11t April, 2025 
é% 
Mob, 
: 491-943 
ANMOL INDIA 
AW A 
mei!xouu 
Web : www.anmolindialtd.com 
| Android 
: www.goo. gI/DCvQGQ 
The Listing Department 
National Stock Exchange of India Ltd 
Exchange Plaza, C-1, Block G 
BandraKurla Complex, 
Bandra (E), Mumbai- 400051 
NSE Scrip Code:ANMOL 
Corporate Service Department 
Bombay Stock Exchange Limited 
25 Floor, P J Towers 
Dalal Street, Fort 
Mumbai- 400001 
BSE Scrip Code: 542437 
Sub: Regulation 30 of SEBI (Listing Obligation and Disclosure Requirements) Regulations, 2015 
Dear Sirs, 
Pursuant to Regulation 30 of the SEBI (LODR) Regulations, 2015, we would like to inform you that the Board of 
Directors of the Company at its meeting held today i.e. Friday, 11t April, 2025, has approved the Postal Ballot 
Notice for seeking shareholder’s approval on re- appointments of Mr. Sumit Goswami (DIN: 08708023) and 
Mr. Sanjeev Kumar (DIN: 08693790) as Non —Executive Independent Directors of the Company for a 
furth",ANMOL,nse,0.0
2025-04-09,," Date: 09"" April, 2025 
L51h 
LC050. 
S 
k‘ WW&OM 
ANMOLI 
Web 
: www.anmolindialtd.com 
| Android 
: www.goo.g//DCvQEQ 
The Listing Department 
National Stock Exchange of India Ltd 
Exchange Plaza, C-1, Block G 
Bandra Kurla Complex, 
Bandra (E), Mumbai- 400051 
NSE Scrip Code: ANMOL 
Corporate Service Department 
Bombay Stock Exchange Limited 
25 Floor, P J Towers 
Dalal Street, Fort 
Mumbai- 400001 
BSE Scrip Code: 542437 
Dear Sir/ Ma’am, 
Sub: Certificate under Regulation 74(5) of the SEBI (Depositories and Participants) Regulations, 2018 
for the quarter ended 31t March, 2025. 
In Compliance with Regulation 74(5) of SEBI (Depositories and Participants) Regulations, 2018, we are 
forwarding herewith a copy of the Certificate dated 07"" April, 2025, received from M/s Bigshare Services 
Pvt Ltd, the Registrar and Share Transfer Agent of the Company, for the quarter ended 31 March, 2025. 
Kindly take the same on your record. 
Thanking You, 
For Anmol India",ANMOL,nse,0.0
2025-03-26,," Date: 26"" March, 2025 
aoe 
>), ¥ 
3 AN 
{S$ 
Mob. 
= +91:9435046554, 9876434000 
ANMOL INDL& 
L1 
Web 
: www.anmolindialtd.com 
| Android 
: www.goo.gl/DCvQ6Q 
To 
The Listing Department 
National Stock Exchange of India Ltd 
Exchange Plaza, C-1, Block G 
Bandra Kurla Complex, 
Bandra (E) 
Mumbai- 400051 
NSE Scrip Code: ANMOL 
To 
The Deputy Manager 
Corporate Services Department 
Bombay Stock Exchange Limited 
25"" Floor, PJ Towers 
Dalal Street, Fort 
Mumbai- 400001 
BSE Scrip Code: 542437 
Subject: Closure of Trading Window 
Dear Sir(s), 
In Compliance with the SEBI (Prohibition of Insider Trading) Regulations, 2015 and SEBI (Prohibition of 
Insider Trading) (Amendment) Regulations, 2018 read with BSE Circular Ref. No. LIST/COMP/01/2019-20 
dated 2nd April, 2019, it is hereby informed that the ""Trading Window"" for dealing in the securities of 
the Company will remain closed for all Designated Persons and persons having access to Unpublished 
Price",ANMOL,nse,0.0
2025-03-17,,"  
 
 
 
 
 
 
Date: 10th March, 2025 
 
To  
The Listing Compliance Monitoring Team 
National Stock Exchange  
Exchange Plaza, C1, Block G, 
Bandra Kurla Complex, 
Bandra (E), Mumbai- 400051 
 
 
NSE Scrip Code: ANMOL 
 
 
Sub: Reply to clarification sought by NSE by email on 10th March, 2025 about the Financial Results reported 
for the quarter ended 31st December, 2024 
 
 
Dear Sir/ Madam, 
 
This is in response to an email communication from the NSE dated 10th March, 2025, seeking clarification on 
Financial Results not signed by authorized signatory.  
 
We would like to submit here that as per the requirement of Regulation 33(2)(b) of SEBI (LODR) Regulations, 2015,  
the Financial Results submitted to the stock exchanges shall be signed by the chairperson or managing director, 
or a whole time director or in the absence of all, other authorized director who is duly authorized by the Board of 
Directors to sign the financial results.  
 
We hereby",ANMOL,nse,0.0
2025-03-10,, ,ANMOL,nse,0.0
2025-02-26,," 26"" February, 2025 
AANMOL INDIA 
Ri 
>. ba AA 
¢ «S 5 
Mob. ""7491-9435046554, 9876434000 
Web 
: www.anmolindialtd.com 
| Android 
: www.goo.gl/DCvQ6Q 
The Listing Department 
National Stock Exchange of India Ltd 
Exchange Plaza, C-1, Block G 
Bandra Kurla Complex, 
Bandra (E), Mumbai- 400051 
NSE Scrip Code: ANMOL 
Corporate Service Department 
Bombay Stock Exchange Limited 
25"" Floor, PJ Towers 
Dalal Street, Fort 
Mumbai- 400001 
BSE Scrip Code: 542437 
Sub: Regulation 30 of SEBI (Listing Obligation and Disclosure Requirements) Regulations, 2015 
Dear Sirs, 
Pursuant to Regulation 30 of the SEBI (LODR) Regulations, 2015, we wish to inform that based on the 
recommendation of the Nomination 
& Remuneration Committee, the Board of Directors of the Company 
at its meeting held today i.e. Wednesday, 26"" February, 2025, have inter-alia considered and approved 
the following: 
1. 
Re- appointments of Mr. Sanjeev Kumar (DIN: 08693790 
) and Mr. Sumit Goswami",ANMOL,nse,0.0
2025-02-26,," 26"" February, 2025 
AANMOL INDIA 
Ri 
>. ba AA 
¢ «S 5 
Mob. ""7491-9435046554, 9876434000 
Web 
: www.anmolindialtd.com 
| Android 
: www.goo.gl/DCvQ6Q 
The Listing Department 
National Stock Exchange of India Ltd 
Exchange Plaza, C-1, Block G 
Bandra Kurla Complex, 
Bandra (E), Mumbai- 400051 
NSE Scrip Code: ANMOL 
Corporate Service Department 
Bombay Stock Exchange Limited 
25"" Floor, PJ Towers 
Dalal Street, Fort 
Mumbai- 400001 
BSE Scrip Code: 542437 
Sub: Regulation 30 of SEBI (Listing Obligation and Disclosure Requirements) Regulations, 2015 
Dear Sirs, 
Pursuant to Regulation 30 of the SEBI (LODR) Regulations, 2015, we wish to inform that based on the 
recommendation of the Nomination 
& Remuneration Committee, the Board of Directors of the Company 
at its meeting held today i.e. Wednesday, 26"" February, 2025, have inter-alia considered and approved 
the following: 
1. 
Re- appointments of Mr. Sanjeev Kumar (DIN: 08693790 
) and Mr. Sumit Goswami",ANMOL,nse,0.0
2025-02-12,," 12t February, 2025 
@! 
Mob. 
: 
+91-9435046554, 
000 
ANMOL 
INDIA 
LTD.™ 
Web 
: www.anmolindialtd.com 
| Android 
; www.goo.gl/DCvQ6Q 
The Listing Department 
National Stock Exchange of India Ltd 
Exchange Plaza, C-1, Block G 
Bandra Kurla Complex, 
Bandra (E), Mumbai- 400051 
NSE Scrip Code: ANMOL 
Corporate Service Department 
Bombay Stock Exchange Limited 
25™ Floor, P J Towers 
Dalal Street, Fort 
Mumbai- 400001 
BSE Scrip Code: 542437 
Sub: 
Disclosure 
under 
Regulation 
30 
& 
33 
of 
the 
SEBI 
(Listing 
Obligations 
and 
Disclosures 
Requirements) Regulations, 2015. 
Ref.: Submission of Un- audited Standalone Financial Results for the Quarter ended 31t December, 
2024 
Dear Sirs, 
Pursuant to Regulation 30 of the SEBI (LODR) Regulations 2015, we hereby inform you that the Board of 
Directors of the Company at its meeting held on today i.e. 12"" February, 2025 inter alia considered and 
approved the un- audited Financial Results fo",ANMOL,nse,0.0
2025-02-12,," 12t February, 2025 
@! 
Mob. 
: 
+91-9435046554, 
000 
ANMOL 
INDIA 
LTD.™ 
Web 
: www.anmolindialtd.com 
| Android 
; www.goo.gl/DCvQ6Q 
The Listing Department 
National Stock Exchange of India Ltd 
Exchange Plaza, C-1, Block G 
Bandra Kurla Complex, 
Bandra (E), Mumbai- 400051 
NSE Scrip Code: ANMOL 
Corporate Service Department 
Bombay Stock Exchange Limited 
25™ Floor, P J Towers 
Dalal Street, Fort 
Mumbai- 400001 
BSE Scrip Code: 542437 
Sub: 
Disclosure 
under 
Regulation 
30 
& 
33 
of 
the 
SEBI 
(Listing 
Obligations 
and 
Disclosures 
Requirements) Regulations, 2015. 
Ref.: Submission of Un- audited Standalone Financial Results for the Quarter ended 31t December, 
2024 
Dear Sirs, 
Pursuant to Regulation 30 of the SEBI (LODR) Regulations 2015, we hereby inform you that the Board of 
Directors of the Company at its meeting held on today i.e. 12"" February, 2025 inter alia considered and 
approved the un- audited Financial Results fo",ANMOL,nse,0.0
2025-02-12,," 12t February, 2025 
@! 
Mob. 
: 
+91-9435046554, 
000 
ANMOL 
INDIA 
LTD.™ 
Web 
: www.anmolindialtd.com 
| Android 
; www.goo.gl/DCvQ6Q 
The Listing Department 
National Stock Exchange of India Ltd 
Exchange Plaza, C-1, Block G 
Bandra Kurla Complex, 
Bandra (E), Mumbai- 400051 
NSE Scrip Code: ANMOL 
Corporate Service Department 
Bombay Stock Exchange Limited 
25™ Floor, P J Towers 
Dalal Street, Fort 
Mumbai- 400001 
BSE Scrip Code: 542437 
Sub: 
Disclosure 
under 
Regulation 
30 
& 
33 
of 
the 
SEBI 
(Listing 
Obligations 
and 
Disclosures 
Requirements) Regulations, 2015. 
Ref.: Submission of Un- audited Standalone Financial Results for the Quarter ended 31t December, 
2024 
Dear Sirs, 
Pursuant to Regulation 30 of the SEBI (LODR) Regulations 2015, we hereby inform you that the Board of 
Directors of the Company at its meeting held on today i.e. 12"" February, 2025 inter alia considered and 
approved the un- audited Financial Results fo",ANMOL,nse,0.0
2025-01-13,," Date: 13"" January, 2025 
Web 
: www.anmolindialtd.com 
| Android : www.goo.g/DCvQ6Q 
The Listing Department 
National Stock Exchange of India Ltd 
Exchange Plaza, C-1, Block G 
Bandra Kurla Complex, 
Bandra (E), Mumbai- 400051 
NSE Scrip Code: ANMOL 
Corporate Service Department 
Bombay Stock Exchange Limited 
25 Floor, P J Towers 
Dalal Street, Fort 
Mumbai- 400001 
BSE Scrip Code: 542437 
Dear Sir/ Ma’am, 
Sub: Certificate under Regulation 74(5) of the SEBI (Depositories and Participants) Regulations, 2018 
for the quarter ended 31t December, 2024 
In Compliance with Regulation 74(5) of SEBI (Depositories and Participants) Regulations, 2018, we are 
forwarding herewith 
a copy of the Certificate dated 04™ January, 2025, received from M/s Bigshare 
Services Pvt Ltd, the Registrar and Share Transfer Agent of the Company, for the quarter ended 31°* 
December, 2024. 
Kindly take the same on your record. 
Thanking You, 
For Anmol India Limited 
Pa ra th Digitall",ANMOL,nse,0.0
2024-12-30,," Y 
s 
ANMOL 
Web 
: www.anmolindialtd.com 
| Android 
: www.goo.gl/DCvQ6Q 
Date: 30"" December, 2024 
The Listing Department 
Corporate Service Department 
National Stock Exchange of India Ltd 
Bombay Stock Exchange Limited 
Exchange Plaza, C-1, Block G 
25% Floor, P J Towers 
BandraKurla Complex, 
Dalal Street, Fort 
Bandra (E) 
Mumbai- 400001 
Mumbai- 400051 
NSE Scrip Code: ANMOL 
BSE Scrip Code: 542437 
Sub: Closure of Trading Window 
In compliance with the SEBI (Prohibition of Insider Trading) Regulations, 2015 and SEBI (Prohibition of 
Insider Trading) Amendment Regulations, 2018 read with BSE Circular Ref No. LIST/COMP/01/2019-20 
dated 02"" April, 2019, it is hereby informed that the “Trading Window” for dealing in the securities of 
the Company will remain closed for all designated persons and persons having access to Unpublished 
Price Sensitive Information with effect from 01 January, 2025 
till the expiry of 48 hours after the 
declaration of Finan",ANMOL,nse,0.0
2024-11-12,," ANM'L
12’h November, 2024
TheListing Department
National Stock Exchange ofIndia Ltd
Exchange Plaza, C-1, BlockG
Bandra Kurla Complex,
Bandra (E), Mumbai- 400051
NSE Scrip Code: ANMOL
CINNo.: L51909PB1998PLC0503O0
Mob. : +91-9435046554, 9876434d00
ANMOL INDIA LTD.
Web: www.anmoIindialtd.com| Android: wvrw.goo gI/DCvO6Q
Corporate Service Department
Bombay Stock Exchange Limited
25th Floor,P J Towers
Dalal Street, Fort
Mumbai- 400001
BSEScrip Code: 542437
Sub: Disclosure under Regulation 30& 33 ofthe SEBI (Listing Obligations and Disclosures Requirements)
Regulations, 2015
Ref: Submission of Un-audited Standalone Financial Results for the Quarter and half year ended 30th
September, 2024
Dear Sirs,
Pursuant to Regulation 30 of the SEBI (LODR) Regulations, 2015, we hereby inform you that the Board of
Directors of the Company atits meeting held on today i.e. 12th November, 2024 inter alia considered and
approved the Un- audited Financial Results for the quarter and h",ANMOL,nse,0.0
2024-11-12,," ANM'L
12’h November, 2024
TheListing Department
National Stock Exchange ofIndia Ltd
Exchange Plaza, C-1, BlockG
Bandra Kurla Complex,
Bandra (E), Mumbai- 400051
NSE Scrip Code: ANMOL
CINNo.: L51909PB1998PLC0503O0
Mob. : +91-9435046554, 9876434d00
ANMOL INDIA LTD.
Web: www.anmoIindialtd.com| Android: wvrw.goo gI/DCvO6Q
Corporate Service Department
Bombay Stock Exchange Limited
25th Floor,P J Towers
Dalal Street, Fort
Mumbai- 400001
BSEScrip Code: 542437
Sub: Disclosure under Regulation 30& 33 ofthe SEBI (Listing Obligations and Disclosures Requirements)
Regulations, 2015
Ref: Submission of Un-audited Standalone Financial Results for the Quarter and half year ended 30th
September, 2024
Dear Sirs,
Pursuant to Regulation 30 of the SEBI (LODR) Regulations, 2015, we hereby inform you that the Board of
Directors of the Company atits meeting held on today i.e. 12th November, 2024 inter alia considered and
approved the Un- audited Financial Results for the quarter and h",ANMOL,nse,0.0
2024-11-08,," w5 
‘m M1$E1ss&omh 
) 
Mob, 
: 491:9435046554, 9876434000 
AniioL NSRS T 
Web 
: www.anmolindialtd.com 
| Android 
: www.goo.gl/DCvQEQ 
07t November, 2024 
The Listing Department 
Corporate Service Department 
National Stock Exchange of India Ltd 
Bombay Stock Exchange Limited 
Exchange Plaza, C-1, Block G 
25% Floor, P 
J Towers 
BandraKurla Complex, 
Dalal Street, Fort 
Bandra (E), Mumbai- 400051 
Mumbai- 400001 
NSE Scrip Code:ANMOL 
BSE Scrip Code: 542437 
Sub: Submission of Voting Results of the Postal Ballot pursuant to Regulation 44 of SEBI (Listing Obligations 
and Disclosure Requirements) Regulations, 2015 
Dear Sir, 
This is to inform you that the Company had issued Postal Ballot Notice dated 05"" October, 2024, pursuant to 
the provisions of Section 110 of the Companies Act, 2013 read with Rule 22 of the Companies (Management 
and Administration) Rules, 2014 for seeking approval of the Members of the Company, in respect of special 
business item ",ANMOL,nse,0.0
2024-10-09,," Date: 08"" October, 2024 
Mob 
ANMOL | 
P 
199! Lcosoh 
INDLA LTD 
Web 
: www.anmolindialtd.com 
| Android 
: www.goo.g/DCvQBQ 
The Listing Department 
Exchange Plaza, C-1, Block G 
Bandra Kurla Complex, 
Bandra (E), Mumbai- 400051 
NSE Scrip Code: ANMOL 
National Stock Exchange of India Ltd 
Corporate Service Department 
Bombay Stock Exchange Limited 
25"" Floor, P J Towers 
Dalal Street, Fort 
Mumbai- 400001 
BSE Scrip Code: 542437 
Dear Sir/ Ma’am, 
Sub: Certificate under Regulation 74(5) of the SEBI (Depositories and Participants) Regulations, 2018 
for the quarter ended 30"" September, 2024 
In Compliance with Regulation 74(5) of SEBI (Depositories and Participants) Regulations, 2018, we are 
forwarding herewith 
a copy of the Certificate dated 05™ October, 2024, received from M/s Bigshare 
Services Pvt Ltd, the Registrar and Share Transfer Agent of the Company, for the quarter ended 30™ 
September, 2024. 
Kindly take the same on your record. 
Thanking ",ANMOL,nse,0.0
2024-10-07,," ss!LcosostL 
, 0876434000 
Web : www.anmolindialtd.com 
| Android 
: www.goo.gVDCvQEQ 
07t October, 2024 
To, 
The Listing Department 
National Stock Exchange of India Ltd 
Exchange Plaza, C-1, Block G 
Bandra Kurla Complex, 
Bandra (E) 
Mumbai- 400051 
NSE Scrip Code: ANMOL 
Sub: Revised Corporate Announcement in connection with appointments of Directors with the reference to 
the original corporate announcement filed on 05th October, 2024. 
Ref: Reply to NSE Query received via mail dated 07th October, 2024 regarding Corporate Announcement 
filed under Regulation 30 of SEBI (LODR) Regulations, 2015. 
Dear Sirs, 
This is pursuant to the e-mail communication received from NSE dated 07th October, 2024, requiring additional 
details required for Corporate Announcement filed under Regulation 30 of SEBI (LODR) Regulations, 2015, 
pursuant to Regulation 30 of SEBI (LODR) Regulations, 2015 read with SEBI Circular dated July 13, 2023. 
Kindly find below the additional det",ANMOL,nse,0.0
2024-10-05,," ss!mosoih 
, 0876434000 
Web : www.anmolindialtd.com 
| Android 
: www.goo.gVDCvQEQ 
05t October, 2024 
The Listing Department 
Corporate Service Department 
National Stock Exchange of India Ltd 
Bombay Stock Exchange Limited 
Exchange Plaza, C-1, Block G 
25 Floor, P J Towers 
BandraKurla Complex, 
Dalal Street, Fort 
Bandra (E), Mumbai- 400051 
Mumbai- 400001 
NSE Scrip Code:ANMOL 
BSE Scrip Code: 542437 
Sub: 
Postal 
Ballot Notice- Disclosure under Regulation 
30 
of SEBI 
(Listing Obligation and Disclosure 
Requirements) Regulations, 2015 
Dear Sirs, 
Pursuant to Regulation 30 of the SEBI (LODR) Regulations, 2015, please find enclosed herewith the Postal Ballot 
dated 05t October, 2024, seeking approval of Members of the Company on the following Resolutions through 
Postal Ballot Process: 
S. No. 
Agenda 
1. 
Appointment of Mr. Kapil (DIN: 10781591) as Non- Executive Non Independent Director of the Company 
2. 
Appointment of Mrs. Ridhima Garg (DI",ANMOL,nse,0.0
2024-10-05,," 05t October, 2024 
, 0876434000 
Web : www.anmolindialtd.com 
| Android 
: www.goo.g/DCvQEQ 
The Listing Department 
Exchange Plaza, C-1, Block G 
BandraKurla Complex, 
Bandra (E), Mumbai- 400051 
NSE Scrip Code:ANMOL 
National Stock Exchange of India Ltd 
Corporate Service Department 
Bombay Stock Exchange Limited 
25t Floor, P J Towers 
Dalal Street, Fort 
Mumbai- 400001 
BSE Scrip Code: 542437 
Sub: Regulation 30 of SEBI (Listing Obligation and Disclosure Requirements) Regulations, 2015 
Dear Sirs, 
Pursuant to Regulation 30 of the SEBI (LODR) Regulations, 2015, we would like to inform you that the Board of 
Directors of the Company at its meeting held today i.e. Saturday, 05% October, 2024, have inter-alia considered 
and approved the following: 
1. 
Appointment 
of 
Mr. 
Kapil 
(DIN: 
10781591) 
as 
Non- executive 
Non- 
Independent 
Director 
and 
appointment of Mrs. Ridhima Garg (DIN: 10791451) as Non- executive Independent Director of the 
Co",ANMOL,nse,0.0
2024-09-29,," o I 
\%"" 
Mob., 
: #91- 
000 
ANMOL Iﬁﬁmﬁﬂﬁ 
Web : www.anmolindialtd.com 
| Andreid : www.goo.g/DCvQ6Q 
Date: 29'"" September, 2024 
To 
To 
The Listing Department 
The Deputy Manager 
National Stock Exchange of India Ltd 
Corporate Services Department 
Exchange Plaza, C-1, Block G 
Bombay Stock Exchange Limited 
Bandra Kurla Complex, 
25"" Floor, P J Towers 
Bandra (E) 
Dalal Street, Fort 
Mumbai- 400051 
Mumbai- 400001 
NSE Scrip Code: ANMOL 
BSE Scrip Code: 542437 
Subject: Closure of Trading Window 
Dear Sir(s), 
In Compliance with the SEBI (Prohibition of Insider Trading) Regulations, 2015 and SEBI (Prohibition of 
Insider Trading) (Amendment) Regulations, 2018 read with BSE Circular Ref. No. LIST/COMP/01/2019-20 
dated 2nd April, 2019, it is hereby informed that the ""Trading Window"" for dealing in the securities of 
the Company will remain closed for all Designated Persons and persons having access to Unpublished 
Price Sensitive Information with effe",ANMOL,nse,0.0
2024-09-27,,"  
 
 
 
 
 
 
 
 
Date: 26th September, 2024 
 
To 
The Listing Department 
National Stock Exchange of India Ltd 
Exchange Plaza, C-1, Block G 
Bandra Kurla Complex,  
Bandra (E) 
Mumbai- 400051 
 
NSE Scrip Code: ANMOL 
To  
The Deputy Manager 
Corporate Services Department 
Bombay Stock Exchange Limited 
25th Floor, P J Towers 
Dalal Street, Fort 
Mumbai- 400001 
 
BSE Scrip Code: 542437 
 
 
Sub: Submission of Voting Results of the 26th Annual General Meeting of the Anmol India Limited held 
on 26th September, 2024 
 
Dear Sir, 
 
We hereby inform that the 26th AGM of the Company was held on 26th September, 2024 at 10:00 A.M. at the 
Registered Office at 2/43, 2nd Floor, Block B, Aggar Nagar, Ludhiana, Punjab- 141001. All the items of the 
business contained in the Notice of the AGM dated 26th September, 2024, were transacted and passed by the 
Members. 
 
In this regard, please find enclosed the following: 
 
Consolidated Voting Results of",ANMOL,nse,0.0
2024-09-26,," Date: 26"" September, 2024 
P es!mosoh 
{ﬁv ) 
Mob. 49194350465 
000 
ANMOL INDIA 
Web : www.anmolindialtd.com 
| Android 
: www.goo.q//DCvQBQ 
To 
The Listing Department 
National Stock Exchange of India Ltd 
Exchange Plaza, C-1, Block G 
BandraKurla Complex, 
Bandra (E) 
Mumbai- 400051 
NSE Scrip Code:ANMOL 
To 
The Deputy Manager 
Corporate Services Department 
Bombay Stock Exchange Limited 
25 Floor, P J Towers 
Dalal Street, Fort 
Mumbai- 400001 
BSE Scrip Code: 542437 
Subject: Proceedings of Annual General Meeting 
Dear Sir(s), 
As per regulation 30(6) read with part A of Schedule 
Ill of SEBI 
(Listing Obligations and Disclosure 
Requirements) Regulations, 2015, 
please find enclosed the 
proceedings 
of the 26""""Annual General 
Meeting of the Company held today that is 26"" September, 2024. 
Request you to kindly put the same on your record. 
Thanking You, 
Yours faithfully, 
For Anmol 
India Ltd 
Parabhjot Kaur 
Company Secretary & Compli",ANMOL,nse,0.0
2024-09-26,," Parabhjot 
Kaur
Digitally signed by 
Parabhjot Kaur 
Date: 2024.09.26 
11:19:08 +05'30'
",ANMOL,nse,0.0
2024-08-31,," S 
IN No. 
: 
L51 
199!!!60 
% 
Mob. *wm 
65 
ANMOL IND 
Web 
: www.anmolindialtd.com 
| Android : www.goo.gl/DCvQ6Q 
31st August, 2024 
The Listing Department 
Corporate Service Department 
National Stock Exchange of India Ltd 
Bombay Stock Exchange Limited 
Exchange Plaza, C-1, Block G 
25t Floor, P J Towers 
Bandra Kurla Complex, 
Dalal Street, Fort 
Bandra (E) 
Mumbai- 400001 
Mumbai- 400051 
NSE Scrip Code: ANMOL 
BSE Scrip Code: 542437 
Sub: Outcome of Board Meeting 
Dear Sirs, 
In compliance with the provisions of Regulation 30 of SEBI (Listing Obligation and Disclosure 
Requirements), 2015, we are pleased to inform you that the Board of Directors of the Company 
in 
its 
meeting 
held 
today 
i.e. 
31st August, 
2024 
inter-alia considered 
and approved 
the 
following matters: 
1. Notice of the 26% Annual General Meeting of the members of the Company to be held on 
Thursday, 26™ September, 2024 at Registered office 
of the company at",ANMOL,nse,0.0
2024-08-10,," 10 August, 2024 
lN No. 
: 
L51 
!!LCOS 
'Q,'\ 
Mob. wx’g‘\‘m 0 5554 sTmmo 
ANMOL IND 
Web 
: www.anmolindialtd.com 
| Android : www.goo.gl/DCvQ6Q 
The Listing Department 
National Stock Exchange of India Ltd 
Exchange Plaza, C-1, Block G 
Bandra Kurla Complex, 
Bandra (E), Mumbai- 400051 
NSE Scrip Code: ANMOL 
Corporate Service Department 
Bombay Stock Exchange Limited 
25™ Floor, P J Towers 
Dalal Street, Fort 
Mumbai- 400001 
BSE Scrip Code: 542437 
Sub: 
Disclosure 
under 
Regulation 
30 
& 
33 
of 
the 
SEBI 
(Listing 
Obligations 
and 
Disclosures 
Requirements) Regulations, 2015. 
Ref.: Submission of Un- audited Standalone Financial Results for the Quarter ended 30"" June, 2024 
Dear 
Sir(s), 
Pursuant to Regulation 30 of the SEBI (LODR) Regulations 2015, we hereby inform you that the Board of 
Directors of the Company at its meeting held on today i.e. 10"" August, 2024 inter alia considered and 
approved the un- audited Financial Result",ANMOL,nse,0.0
2024-08-10,," 10 August, 2024 
lN No. 
: 
L51 
!!LCOS 
'Q,'\ 
Mob. wx’g‘\‘m 0 5554 sTmmo 
ANMOL IND 
Web 
: www.anmolindialtd.com 
| Android : www.goo.gl/DCvQ6Q 
The Listing Department 
National Stock Exchange of India Ltd 
Exchange Plaza, C-1, Block G 
Bandra Kurla Complex, 
Bandra (E), Mumbai- 400051 
NSE Scrip Code: ANMOL 
Corporate Service Department 
Bombay Stock Exchange Limited 
25™ Floor, P J Towers 
Dalal Street, Fort 
Mumbai- 400001 
BSE Scrip Code: 542437 
Sub: 
Disclosure 
under 
Regulation 
30 
& 
33 
of 
the 
SEBI 
(Listing 
Obligations 
and 
Disclosures 
Requirements) Regulations, 2015. 
Ref.: Submission of Un- audited Standalone Financial Results for the Quarter ended 30"" June, 2024 
Dear 
Sir(s), 
Pursuant to Regulation 30 of the SEBI (LODR) Regulations 2015, we hereby inform you that the Board of 
Directors of the Company at its meeting held on today i.e. 10"" August, 2024 inter alia considered and 
approved the un- audited Financial Result",ANMOL,nse,0.0
2024-07-17,," IN No. : L51 
ANMOLE\“B% 
Web 
: www.anmolindialtd.com 
| Android 
: www.goo.g/DCvQBQ 
Date: 17t July, 2024 
The Listing Department 
Corporate Service Department 
National Stock Exchange of India Ltd 
Bombay Stock Exchange Limited 
Exchange Plaza, C-1, Block G 
25"" Floor, P J Towers 
Bandra Kurla Complex, 
Dalal Street, Fort 
Bandra (E), Mumbai- 400051 
Mumbai- 400001 
NSE Scrip Code: ANMOL 
BSE Scrip Code: 542437 
Dear Sir/ Ma’am, 
Sub: Certificate under Regulation 74(5) of the SEBI (Depositories and Participants) Regulations, 2018 
for the quarter ended 30"" June, 2024 
In Compliance with Regulation 74(5) of SEBI (Depositories and Participants) Regulations, 2018, we are 
forwarding herewith a copy of the Certificate dated 03 July, 2024, received from M/s Bigshare Services 
Pvt Ltd, the Registrar and Share Transfer Agent of the Company, for the quarter ended 30*"" June, 2024. 
Kindly take the same on your record. 
Thanking You, 
For Anmol India Limited 
Pa ra",ANMOL,nse,0.0
2024-06-27,," Date: 27"" June, 2024 
o I 
\%/‘ 
Mob., 
: #91- 
S 
000 
ANMOL Iﬁﬁm@ﬂﬁ 
Web : www.anmolindialtd.com 
| Andreid : www.goo.g/DCvQ6Q 
To 
The Listing Department 
National Stock Exchange of India Ltd 
Exchange Plaza, C-1, Block G 
Bandra Kurla Complex, 
Bandra (E) 
Mumbai- 400051 
NSE Scrip Code: ANMOL 
To 
The Deputy Manager 
Corporate Services Department 
Bombay Stock Exchange Limited 
25"" Floor, P J Towers 
Dalal Street, Fort 
Mumbai- 400001 
BSE Scrip Code: 542437 
Subject: Closure of Trading Window 
Dear Sir(s), 
In Compliance with the SEBI (Prohibition of Insider Trading) Regulations, 2015 and SEBI (Prohibition of 
Insider Trading) (Amendment) Regulations, 2018 read with BSE Circular Ref. No. LIST/COMP/01/2019-20 
dated 2nd April, 2019, it is hereby informed that the ""Trading Window"" for dealing in the securities of 
the Company will remain closed for all Designated Persons and persons having access to Unpublished 
Price Sensitive 
Information 
with ",ANMOL,nse,0.0
2024-05-15,," 15' May, 2024 
ANMOL INDI& 
LTD.™ 
Web 
: www.anmolindialtd.com 
| Android 
: www.goo.gl/DCvQEQ 
The Listing Department 
National Stock Exchange of India Ltd 
Exchange Plaza, C-1, Block G 
Bandra Kurla Complex, 
Bandra (E), Mumbai- 400051 
NSE Scrip Code: ANMOL 
Corporate Service Department 
Bombay Stock Exchange Limited 
25 Floor, P J Towers 
Dalal Street, Fort 
Mumbai- 400001 
BSE Scrip Code: 542437 
Sub: Announcement under Regulation 30 of SEBI (Listing Obligations and Disclosures Requirements) 
Regulations, 2015 
Dear Sirs, 
The Company in its board meeting held on 14"" May, 2024 has approved the Audited Financial Results of 
the Company for the Quarter and year ended on 31% March, 2024. Please find enclosed Standalone 
Financial Statement Highlights for Q4FY24 vs Q4F23 and FY24 vs F23. 
This is for your information and records. 
Thanking You, 
Yours Faithfully, 
For Anmol 
India Limited 
1 
Digitally signed 
Pa rath 
by Parabhjot Kaur 
Date: 2024.0",ANMOL,nse,0.0
2024-05-14,," 14 May, 2024 
O 
L 
s -g 
kﬁ%%‘lﬂ 
PE1998PLC050 
ANMOL I 
%Tl’ 
Web : www.anmolindialtd.com 
| Android 
: www.goo.gl/DCvQ6Q 
The Listing Department 
National Stock Exchange of India Ltd 
Exchange Plaza, C-1, Block G 
Bandra Kurla Complex, 
Bandra (E) 
Mumbai- 400051 
NSE Scrip Code: ANMOL 
Corporate Service Department 
Bombay Stock Exchange Limited 
25 Floor, P J Towers 
Dalal Street, Fort 
Mumbai- 400001 
BSE Scrip Code: 542437 
Sub: Submission of half yearly Disclosure on Related Party Transactions 
Dear Sirs, 
In compliance with Regulation 23(9) of SEBI (Listing Obligation and Disclosure Requirements), 2015, we 
submit herewith the disclosure on Related Party Transactions on standalone basis 
for the half year ended 
315 March, 2024. 
This is for your information and records. 
Thanking You, 
Yours Faithfully, 
For Anmol 
India Limited 
Parabhjot Kaur 
Company Secretary & Compliance Officer 
Encl.: 
As Above 
REGD. OFFICE 
BRANCH OFFICE 
BRANC",ANMOL,nse,0.0
2024-05-14,," 1 
99!!L0050 
Mob ‘T@“@M 046554, QWM 
ANMOL 
I 
Web 
: www.anmolindialtd.com 
| Android 
: www.goo. gIJDCvQGQ 
14* May, 2024 
The Listing Department 
Corporate Service Department 
National Stock Exchange of India Ltd 
Bombay Stock Exchange Limited 
Exchange Plaza, C-1, Block G 
25"" Floor, P J Towers 
Bandra Kurla Complex, 
Dalal Street, Fort 
Bandra (E), Mumbai- 400051 
Mumbai- 400001 
NSE Scrip Code: ANMOL 
BSE Scrip Code: 542437 
Sub: Disclosure under Regulation 30 & 33 of the SEBI (Listing Obligations and Disclosure Requirements) 
Regulations, 2015 
Re: Submission of Audited Standalone Financial Results for the Quarter and Financial Year ended on 
31 March, 2024 
Dear Sir, 
In compliance with the provisions of Regulation 30 and Regulation 33 of the SEBI (Listing Obligations and 
Disclosure Requirements) Regulations, 2015, we are pleased to inform you that the Board of Directors of 
the Company at their Meeting held today i.e. on Tuesday, May 14"", 2024 ha",ANMOL,nse,0.0
2024-05-14,," 1 
99!!L0050 
Mob ‘T@“@M 046554, QWM 
ANMOL 
I 
Web 
: www.anmolindialtd.com 
| Android 
: www.goo. gIJDCvQGQ 
14* May, 2024 
The Listing Department 
Corporate Service Department 
National Stock Exchange of India Ltd 
Bombay Stock Exchange Limited 
Exchange Plaza, C-1, Block G 
25"" Floor, P J Towers 
Bandra Kurla Complex, 
Dalal Street, Fort 
Bandra (E), Mumbai- 400051 
Mumbai- 400001 
NSE Scrip Code: ANMOL 
BSE Scrip Code: 542437 
Sub: Disclosure under Regulation 30 & 33 of the SEBI (Listing Obligations and Disclosure Requirements) 
Regulations, 2015 
Re: Submission of Audited Standalone Financial Results for the Quarter and Financial Year ended on 
31 March, 2024 
Dear Sir, 
In compliance with the provisions of Regulation 30 and Regulation 33 of the SEBI (Listing Obligations and 
Disclosure Requirements) Regulations, 2015, we are pleased to inform you that the Board of Directors of 
the Company at their Meeting held today i.e. on Tuesday, May 14"", 2024 ha",ANMOL,nse,0.0
2024-05-10,,"  
 
 
Date: 06th April, 2024 
The Listing Department 
National Stock Exchange of India Ltd 
Exchange Plaza, C-1, Block G 
BandraKurla Complex,  
Bandra (E) 
Mumbai- 400051 
 
NSE Scrip Code: ANMOL 
Corporate Service Department 
Bombay Stock Exchange Limited 
25th Floor, P J Towers 
Dalal Street, Fort 
Mumbai- 400001 
 
 
BSE Scrip Code: 542437 
 
Sub: Submission of Disclosure required under Regulation 31(4) of SEBI (SAST) Regulations, 2011 for 
the year ended 31st March, 2024 
 
Dear Sir/ Madam, 
 
Pursuant to the provision of the Regulation 31(4) of SEBI (Substantial Acquisition of Shares & Takeovers) 
Regulations, 2011, please find enclosed the disclosure received from the Promoter & Promoter Group of 
the Company for the year ended 31st March, 2024 for your kind perusal and records.   
 
We request to take the same on your records.  
 
Thanking You, 
 
Yours Faithfully, 
For Anmol India Limited 
 
 
 
 
Parabhjot kaur  
Company Secretary & Co",ANMOL,nse,0.0
2024-04-08,," IN No. : L51 
ANMOLE\“B% 
Web 
: www.anmolindialtd.com 
| Android 
: www.goo.g/DCvQBQ 
Date: 08"" April, 2024 
The Listing Department 
Corporate Service Department 
National Stock Exchange of India Ltd 
Bombay Stock Exchange Limited 
Exchange Plaza, C-1, Block G 
25"" Floor, P J Towers 
Bandra Kurla Complex, 
Dalal Street, Fort 
Bandra (E), Mumbai- 400051 
Mumbai- 400001 
NSE Scrip Code: ANMOL 
BSE Scrip Code: 542437 
Dear Sir/ Ma’am, 
Sub: Certificate under Regulation 74(5) of the SEBI (Depositories and Participants) Regulations, 2018 
for the quarter ended 31t March, 2024 
In Compliance with Regulation 74(5) of SEBI (Depositories and Participants) Regulations, 2018, we are 
forwarding herewith 
a copy of the 
Certificate dated 03"" April, 2024, received from M/s Bigshare 
Services Pvt Ltd, the Registrar and Share Transfer Agent of the Company, for the quarter ended 31° 
march, 2024. 
Kindly take the same on your record. 
Thanking You, 
For Anmol India Limit",ANMOL,nse,0.0
2024-02-23,, ,ANMOL,nse,0.0
2024-02-23,," Date: 23"" February, 2024 
X R 
‘I_N_F L5t 99!LC050h 
Mob, 
: +91-9435046554, 
9876434000 
ANMOL INDL& LD 
Web : www.anmolindialtd.com 
| Android 
;: www.goo.g/DCvQBQ 
To 
The Listing Department 
National Stock Exchange of India Ltd 
Exchange Plaza, C-1, Block G 
Bandra Kurla Complex, 
Bandra (E) 
Mumbai- 400051 
NSE Scrip Code: ANMOL 
To 
The Deputy Manager 
Corporate Services Department 
Bombay Stock Exchange Limited 
25"" Floor, P J Towers 
Dalal Street, Fort 
Mumbai- 400001 
BSE Scrip Code: 542437 
Subject: Intimation of Resignation of Mrs. Nidhi Chopra, Independent Director 
Dear Sir(s), 
Pursuant to Regulation 30 of the SEBI (Listing Obligations and Disclosure Requirements) Regulations, 
2015, this is to inform that Mrs. Nidhi Chopra (DIN: 09075403), has tendered her resignation as Director 
of the Company with effect from 23 February, 2024. 
The Company has received the confirmation from Mrs. Nidhi Chopra, that there are no other material 
reasons f",ANMOL,nse,0.0
2024-02-23,," Date: 23"" February, 2024 
X R 
‘I_N_F L5t 99!LC050h 
Mob, 
: +91-9435046554, 
9876434000 
ANMOL INDL& LD 
Web : www.anmolindialtd.com 
| Android 
;: www.goo.g/DCvQBQ 
To 
The Listing Department 
National Stock Exchange of India Ltd 
Exchange Plaza, C-1, Block G 
Bandra Kurla Complex, 
Bandra (E) 
Mumbai- 400051 
NSE Scrip Code: ANMOL 
To 
The Deputy Manager 
Corporate Services Department 
Bombay Stock Exchange Limited 
25"" Floor, P J Towers 
Dalal Street, Fort 
Mumbai- 400001 
BSE Scrip Code: 542437 
Subject: Intimation of Resignation of Mrs. Nidhi Chopra, Independent Director 
Dear Sir(s), 
Pursuant to Regulation 30 of the SEBI (Listing Obligations and Disclosure Requirements) Regulations, 
2015, this is to inform that Mrs. Nidhi Chopra (DIN: 09075403), has tendered her resignation as Director 
of the Company with effect from 23 February, 2024. 
The Company has received the confirmation from Mrs. Nidhi Chopra, that there are no other material 
reasons f",ANMOL,nse,0.0
2024-02-08,," ANMOL INDIA LTD ™ 
Web 
: www.anmolindialtd.com 
| Android 
: www.goo.gl/DCvQEQ 
- 
CA 
08"" February, 2024 
The Listing Department 
Corporate Service Department 
National Stock Exchange of India Ltd 
Bombay Stock Exchange Limited 
Exchange Plaza, C-1, Block G 
25 Floor, P J Towers 
Bandra Kurla Complex, 
Dalal Street, Fort 
Bandra (E), Mumbai- 400051 
Mumbai- 400001 
NSE Scrip Code: ANMOL 
BSE Scrip Code: 542437 
Sub: Announcement under Regulation 30 of SEBI (Listing Obligations and Disclosures Requirements) 
Regulations, 2015 
Dear Sirs, 
The Company in its board meeting held on 06"" February, 2023 has approved the unaudited Financial 
Results of the Company for the Third Quarter ended on 31 Decemebr, 2023. Please find enclosed 
Standalone Financial Statement Highlights for Q3FY24 vs Q3F23. 
This is for your information and records. 
Thanking You, 
Yours Faithfully, 
For Anmol 
India Limited 
~ 
Parabhjot Kaur 
Company Secretary & Compliance Officer 
M",ANMOL,nse,0.0
2024-02-06,," , 0876434000 
Web : www.anmolindialtd.com 
| Android 
: www.goo.gVDCvQEQ 
06"" February, 2024 
The Listing Department 
National Stock Exchange of India Ltd 
Exchange Plaza, C-1, Block G 
BandraKurla Complex, 
Bandra (E), Mumbai- 400051 
NSE Scrip Code:ANMOL 
Corporate Service Department 
Bombay Stock Exchange Limited 
25 Floor, P J Towers 
Dalal Street, Fort 
Mumbai- 400001 
BSE Scrip Code: 542437 
Sub: Disclosure under Regulation 30 & 33 of the SEBI (Listing Obligations and Disclosures Requirements) 
Regulations, 2015 
Ref.: Submission of Un- audited Standalone Financial Results for the Quarter ended 31° December, 
2023 
Dear Sirs, 
Pursuant to Regulation 30 of the SEBI (LODR) Regulations, 2015, we would like to inform you that the Board of 
Directors of the Company at its meeting held today i.e. Friday, 06"" February, 2024, inter alia considered and 
approved the un- audited Financial Results for the quarter ended 31* December, 2023. 
With regard to the above, ",ANMOL,nse,0.0
2024-02-06,," , 0876434000 
Web : www.anmolindialtd.com 
| Android 
: www.goo.gVDCvQEQ 
06"" February, 2024 
The Listing Department 
National Stock Exchange of India Ltd 
Exchange Plaza, C-1, Block G 
BandraKurla Complex, 
Bandra (E), Mumbai- 400051 
NSE Scrip Code:ANMOL 
Corporate Service Department 
Bombay Stock Exchange Limited 
25 Floor, P J Towers 
Dalal Street, Fort 
Mumbai- 400001 
BSE Scrip Code: 542437 
Sub: Disclosure under Regulation 30 & 33 of the SEBI (Listing Obligations and Disclosures Requirements) 
Regulations, 2015 
Ref.: Submission of Un- audited Standalone Financial Results for the Quarter ended 31° December, 
2023 
Dear Sirs, 
Pursuant to Regulation 30 of the SEBI (LODR) Regulations, 2015, we would like to inform you that the Board of 
Directors of the Company at its meeting held today i.e. Friday, 06"" February, 2024, inter alia considered and 
approved the un- audited Financial Results for the quarter ended 31* December, 2023. 
With regard to the above, ",ANMOL,nse,0.0
2024-01-29,," i R 
hl_N_"" L5t ssal.cosoh 
Mob, 
: +91-9435046554, 
9876434000 
ANMOL INDL& LD 
Web : www.anmolindialtd.com 
| Android 
;: www.goo.g/DCvQBQ 
Date: 29"" January, 2024 
To 
To 
The Listing Department 
The Deputy Manager 
National Stock Exchange of India Ltd 
Corporate Services Department 
Exchange Plaza, C-1, Block G 
Bombay Stock Exchange Limited 
Bandra Kurla Complex, 
25"" Floor, P J Towers 
Bandra (E) 
Dalal Street, Fort 
Mumbai- 400051 
Mumbai- 400001 
NSE Scrip Code: ANMOL 
BSE Scrip Code: 542437 
Subject: Intimation of Resignation of Director 
Dear Sir(s), 
Pursuant to Regulation 30 of the SEBI (Listing Obligations and Disclosure Requirements) Regulations, 
2015, this is to inform that Mr. Sahil Aggarwal (DIN: 07269522), has tendered his resignation as Director 
of the Company with effect from 29 January, 2024. 
The Company has received the confirmation from Mr. Sahil Aggarwal, that there are no other material 
reasons for 
his resignation other tha",ANMOL,nse,0.0
2024-01-29,," i R 
hl_N_"" L5t ssal.cosoh 
Mob, 
: +91-9435046554, 
9876434000 
ANMOL INDL& LD 
Web : www.anmolindialtd.com 
| Android 
;: www.goo.g/DCvQBQ 
Date: 29"" January, 2024 
To 
To 
The Listing Department 
The Deputy Manager 
National Stock Exchange of India Ltd 
Corporate Services Department 
Exchange Plaza, C-1, Block G 
Bombay Stock Exchange Limited 
Bandra Kurla Complex, 
25"" Floor, P J Towers 
Bandra (E) 
Dalal Street, Fort 
Mumbai- 400051 
Mumbai- 400001 
NSE Scrip Code: ANMOL 
BSE Scrip Code: 542437 
Subject: Intimation of Resignation of Director 
Dear Sir(s), 
Pursuant to Regulation 30 of the SEBI (Listing Obligations and Disclosure Requirements) Regulations, 
2015, this is to inform that Mr. Sahil Aggarwal (DIN: 07269522), has tendered his resignation as Director 
of the Company with effect from 29 January, 2024. 
The Company has received the confirmation from Mr. Sahil Aggarwal, that there are no other material 
reasons for 
his resignation other tha",ANMOL,nse,0.0
2024-01-16,," vw 
mn_p L5t 
99 
C050 
Mob, :+91-9435046: 
ANMOL INDL& 
LTD. ™ 
Web : www.anmolindialtd.com 
| Android 
: www.goo.gVDCvQ6Q 
Date: 16"" January, 2024 
To 
To 
The Listing Department 
The Deputy Manager 
National Stock Exchange of India Ltd 
Corporate Services Department 
Exchange Plaza, C-1, Block G 
Bombay Stock Exchange Limited 
Bandra Kurla Complex, 
25"" Floor, P J Towers 
Bandra (E) 
Dalal Street, Fort 
Mumbai- 400051 
Mumbai- 400001 
NSE Scrip Code: ANMOL 
BSE Scrip Code: 542437 
Subject: Outcome of Analyst Institutional Investor Meeting 
Dear Sir(s), 
Pursuant to Regulation 30 of the SEBI (Listing Obligations and Disclosure Requirements) Regulations, 
2015, we wish to inform you that during the Company’s Management one on one meeting with the 
Ventura Securities Limited, no Unpublished Price Sensitive Information pertaining to the Company was 
shared. 
We request to take the same on your records. 
Thanking You, 
For Anmol 
India Ltd 
Parabhjot ",ANMOL,nse,0.0
2024-01-16,," Date: 16'"" January, 2024 
CIN No. LW AR 
Mob. ‘T’Q\‘BM 
6554, Wﬁooﬂ 
ANMOL INDIA 
LTD.™ 
Web 
: www.anmolindialtd.com 
| Android 
; www.goo.gl/DCvQ6Q 
w57 
\« 
The Listing Department 
National Stock Exchange of India Ltd 
Exchange Plaza, C-1, Block G 
Bandra Kurla Complex, 
Bandra (E), Mumbai- 400051 
NSE Scrip Code: ANMOL 
Corporate Service Department 
Bombay Stock Exchange Limited 
25"" Floor, PJ Towers 
Dalal Street, Fort 
Mumbai- 400001 
BSE Scrip Code: 542437 
Dear Sir/ Ma’am, 
Sub: Certificate under Regulation 74(5) of the SEBI (Depositories and Participants) Regulations, 2018 
forthe quarter ended 31° December, 2023. 
In Compliance with Regulation 74(5) of SEBI (Depositories and Participants) Regulations, 2018, we are 
forwarding herewith 
a copy of the Certificate dated 09"" January, 2024, received from M/s Bigshare 
Services Pvt Ltd, the Registrar and Share Transfer Agent of the Company, for the quarter ended 31 
December, 2023. 
Kindly take the s",ANMOL,nse,0.0
2024-01-11,," Date: 11'"" January, 2024 
Web 
: www.anmolindialtd.com 
| Android 
: www.goo.gl/DCvQ6Q 
The Listing Department 
National Stock Exchange of India Ltd 
Exchange Plaza, C-1, Block G 
Bandra Kurla Complex, 
Bandra (E) 
Mumbai- 400051 
NSE Scrip Code: ANMOL 
Corporate Service Department 
Bombay Stock Exchange Limited 
25% Floor, P J Towers 
Dalal Street, Fort 
Mumbai- 400001 
BSE Scrip Code: 542437 
Sub: Intimation of Schedule of Analyst /Institutional Investor Meeting 
Dear Sir/Madam, 
Pursuant to the provision of Regulation 30 of SEBI (Listing Obligations and Disclosure Requirements) 
Regulations 2015, we hereby inform that Management of the Company shall engage in a one on one/group 
meeting with following Analyst/Investors virtually: 
Date 
Interaction with 
16"" January 2024 at 11.00 A.M. 
| Ventura Securities Ltd 
Note: Dates are subject to changes. Changes may happen due to exigencies on the part of investors/ 
Company. 
We request you to take the same on ",ANMOL,nse,0.0
2023-12-31,," Y 
s 
ANMOL 
Web 
: www.anmolindialtd.com 
| Android 
: www.goo.gl/DCvQ6Q 
Date: 30"" December, 2023 
The Listing Department 
Corporate Service Department 
National Stock Exchange of India Ltd 
Bombay Stock Exchange Limited 
Exchange Plaza, C-1, Block G 
25"" Floor, P J Towers 
BandraKurla Complex, 
Dalal Street, Fort 
Bandra (E) 
Mumbai- 400001 
Mumbai- 400051 
NSE Scrip Code: ANMOL 
BSE Scrip Code: 542437 
Sub: Closure of Trading Window 
In compliance with the SEBI (Prohibition of Insider Trading) Regulations, 2015 and SEBI (Prohibition of 
Insider Trading) Amendment Regulations, 2018 read with BSE Circular Ref No. LIST/COMP/01/2019-20 
dated 02"" April, 2019, it is hereby informed that the “Trading Window” for dealing in the securities of 
the Company will remain closed for all designated persons and persons having access to Unpublished 
Price Sensitive Information with effect from 01% January, 2024 
till the expiry of 48 hours after the 
declaration of Fina",ANMOL,nse,0.0
2023-12-20,," 20t December, 2023 
, 0876434000 
Web : www.anmolindialtd.com 
| Android 
: www.goo.g/DCvQEQ 
The Listing Department 
National Stock Exchange of India Ltd 
Exchange Plaza, C-1, Block G 
Bandra Kurla Complex, 
Bandra (E), Mumbai- 400051 
NSE Scrip Code: ANMOL 
Corporate Service Department 
Bombay Stock Exchange Limited 
25t Floor, P J Towers 
Dalal Street, Fort 
Mumbai- 400001 
BSE Scrip Code: 542437 
Sub: Announcement under Regulation 30 on winning the Certificate of Recognition for Excellence in Supply 
Chain & Global Sourcing 
Dear Sirs, 
We wish to inform that the Company has been facilitated for exemplary contribution towards the society for 
Excellence in Supply Chain & Global Sourcing from Optimal Media Solutions, the Times Group. 
Please find attached herewith the copy of the Certificate of Recognition. 
This is for your information and record. 
Thanking You, 
Yours Faithfully, 
For Anmol India Limited 
VIJAY 
KUMAR 
Vijay Kumar 
Managing Director &",ANMOL,nse,0.0
2023-12-15,," 15 December, 2023 
, 0876434000 
Web : www.anmolindialtd.com 
| Android 
: www.goo.g/DCvQEQ 
The Listing Department 
National Stock Exchange of India Ltd 
Exchange Plaza, C-1, Block G 
Bandra Kurla Complex, 
Bandra (E), Mumbai- 400051 
NSE Scrip Code: ANMOL 
Corporate Service Department 
Bombay Stock Exchange Limited 
25 Floor, P J Towers 
Dalal Street, Fort 
Mumbai- 400001 
BSE Scrip Code: 542437 
Sub: Regulation 30 of SEBI (Listing Obligation and Disclosure Requirements) Regulations, 2015 
Dear Sirs, 
Pursuant to Regulation 30 of the SEBI (LODR) Regulations, 2015, we would like to inform you that the Board of 
Directors of the Company at its meeting held today i.e. Friday, 15! December, 2023, have inter-alia considered 
and approved the following: 
1. 
Toreview and plan various avenues for the growth of the Company, organically and inorganically, for 
next five years. 
2. 
Raising of Funds from QIBs for meeting working capital requirements and acquisitions, ",ANMOL,nse,0.0
2023-12-14,," Date: 14th December, 2023 
The Listing Department 
National Stock Exchange of India Ltd 
Exchange Plaza, C-1, Block G 
BandraKurla Complex,  
Bandra (E) 
Mumbai- 400051 
NSE Scrip Code:ANMOL 
Corporate Service Department 
Bombay Stock Exchange Limited 
25th Floor, P J Towers 
Dalal Street, Fort 
Mumbai- 400001 
BSE Scrip Code: 542437 
Sub: Disclosures under sub-regulation 6 of regulation 10 of SEBI (Substantial Acquisition of Shares and 
Takeover) Regulations, 2011 
Please find enclosed herewith disclosure received under sub-regulation 6 of Regulation 10 of SEBI 
(Substantial Acquisition of Shares and Takeover) Regulations, 2011 from Mr. Tilak Raj (The Acquirer). 
You are requested to kindly take the same on your records. 
For and on behalf of Promoter Group of 
Anmol India Limited 
Vijay Kumar 
Director 
DIN: 00574900 
Place: Ludhiana 
Date: 14th December, 2023 
Encl: As Above 
VIJAY 
KUMAR
Digitally signed 
by VIJAY KUMAR 
Date: 2023.12.14 
10:58:19 +0",ANMOL,nse,0.0
2023-12-14,," v9 
h.¥. 
No. 
: AN 
|. A 
OX 
Mob. 
+ 
+91-9435046554, 9876434000 
x 
i 
Web 
: www.anmolindialtd.com 
| Android 
: www.goo.gl/DCvQ6Q 
Date: 14%"" December, 2023 
The Listing Department 
National Stock Exchange of India Ltd 
Exchange Plaza, C-1, Block G 
BandraKurla Complex, 
Bandra (E) 
Mumbai- 400051 
NSE Scrip Code:ANMOL 
Corporate Service Department 
Bombay Stock Exchange Limited 
25% Floor, P J Towers 
Dalal Street, Fort 
Mumbai- 400001 
BSE Scrip Code: 542437 
Sub: Disclosures under sub-regulation 6 of regulation 10 of SEBI (Substantial Acquisition of Shares and 
Takeover) Regulations, 2011 
Please find enclosed herewith disclosure received under sub-regulation 
6 of Regulation 
10 of SEBI 
{Substantial Acquisition of Shares and Takeover) Regulations, 2011 from Mr. Tilak Raj {The Acquirer). 
You are requested to kindly take the same on your records. 
For and on behalf of Promoter Group of 
Anmol India Limited 
Digitally signed 
VIJAY 
by VI",ANMOL,nse,0.0
2023-12-04,," o 
CIN No. 
: L51909PB1998PLC050300 
Mob. 
: +91-9435046554, 9876434000 
ANMOL INDIA LTD. 
Web 
- wvav.anmolindialtd com 
| Android 
 www goo gl DC/060 
ANM™L, 
04"" December, 2023 
The Listing Department 
Corporate Service Department 
National Stock Exchange of India Ltd 
Bombay Stock Exchange Limited 
Exchange Plaza, C-1, Block G 
25 Floor, P J Towers 
Bandra Kurla Complex, 
Dalal Street, Fort 
Bandra (E), Mumbai- 400051 
Mumbai- 400001 
NSE Scrip Code: ANMOL 
BSE Scrip Code: 542437 
Sub: Disclosures under Regulation 10(5) of SEBI (Substantial Acquisition of Shares and Takeovers) 
Regulations, 2011 
Dear Sirs, 
Notice 
is hereby given pursuant to Regulation 
10(1)(a)(ii) read with regulation 10(5) 
of the SEBI 
(Substantial Acquisition of Shares and Takeovers) Regulations, 2011, that Mr. Tilak Raj member_of 
promoter group of Anmol India limited (‘the company’/the Target Company’) 
is proposing to acquire 
7790000 shares of the Target company from Mr.",ANMOL,nse,0.0
2023-11-09,," a 
&) 
Rh. No. : 
w. » 
Ww. | 
Mob. a, 
| 046554, 7h 
ANMOL IND 
Web 
: www.anmolindialtd.com 
| Android 
: fs SIE 
09"" November, 2023 
The Listing Department 
Corporate Service Department 
National Stock Exchange of India Ltd 
Bombay Stock Exchange Limited 
Exchange Plaza, C-1, Block G 
25% Floor, P J Towers 
Bandra Kurla Complex, 
Dalal Street, Fort 
Bandra (E), Mumbai- 400051 
Mumbai- 400001 
NSE Scrip Code: ANMOL 
BSE Scrip Code: 542437 
Sub: Announcement under Regulation 30 of SEBI (Listing Obligations and Disclosures Requirements) 
Regulations, 2015 
Dear Sirs, 
The Company in its board meeting held on November 07, 2023 has approved the unaudited Financial 
Results of the Company for the Second Quarter ended on 30"" September, 2023. Please find enclosed 
Standalone Financial Statement Highlights for Q2FY24 vs Q2F23. 
This is for your information and records. Thanking You, 
Yours Faithfully, 
For Anmol India Limited 
Parabhjot Kaur 
Company Secret",ANMOL,nse,0.0
2023-11-07,," 07"" November, 2023 
L51&199 
LCOS 
o;h 
Mob. ,+”§1‘§ 35046554, 9 000 
ANMOL INDIA 
Web 
: www.anmolindialtd.com 
| Android 
: www.goo.gl/DCvQ6Q 
The Listing Department 
National Stock Exchange of India Ltd 
Exchange Plaza, C-1, Block G 
Corporate Service Department 
Bombay Stock Exchange Limited 
25 Floor, P J Towers 
Dalal Street, Fort 
Mumbai- 400001 
Bandra Kurla Complex, 
Bandra (E) 
Mumbai- 400051 
NSE Scrip Code: ANMOL 
BSE Scrip Code: 542437 
Sub: Announcement under Regulation 30 of SEBI (LODR) Regulations, 2015- Business Update 
Dear Sirs, 
Anmol India Ltd. one of the leading players in Supply chain management for commodity trade 
has in its board meeting held on November 07th, 2023 approved the unaudited Financial 
Results of the Company for the Quarter and Half Year ended 30th September, 2023. 
In the coming months, Anmol India Ltd 
is strategically placing 
a stronger emphasis on 
technology-driven solutions to elevate our business operations. ",ANMOL,nse,0.5706619024276733
2023-11-07,," 07"" November, 2023 
O 
L 
s -g 
kﬁ%%‘lﬂ 
PE1998PLC050 
ANMOL I 
%Tl’ 
Web : www.anmolindialtd.com 
| Android 
: www.goo.gl/DCvQ6Q 
The Listing Department 
National Stock Exchange of India Ltd 
Exchange Plaza, C-1, Block G 
Bandra Kurla Complex, 
Bandra (E) 
Mumbai- 400051 
NSE Scrip Code: ANMOL 
Corporate Service Department 
Bombay Stock Exchange Limited 
25 Floor, P J Towers 
Dalal Street, Fort 
Mumbai- 400001 
BSE Scrip Code: 542437 
Sub: Submission of half yearly Disclosure on Related Party Transactions 
Dear Sirs, 
In compliance with Regulation 23(9) of SEBI (Listing Obligation and Disclosure Requirements), 2015, we 
submit herewith the disclosure on Related Party Transactions on standalone basis 
for the half year ended 
30t September, 2023. 
This is for your information and records. 
Thanking You, 
Yours Faithfully, 
For Anmol 
India Limited 
Parabhjot Kaur 
Company Secretary & Compliance Officer 
Encl.: 
As Above 
REGD. OFFICE 
BRANCH OFFI",ANMOL,nse,0.0
2023-11-07,," (AW AR 
) 
y 
Mob. 
: #91-9435046554, 9876434000 
ANMOL 
INDIA 
LTD.™ 
Web : www.anmolindialtd.com 
| Android 
: www.goo gi/DCvQ6Q 
07 November, 2023 
The Listing Department 
Corporate Service Department 
National Stock Exchange of India Ltd 
Bombay Stock Exchange Limited 
Exchange Plaza, C-1, Block G 
25 Floor, P J Towers 
Bandra Kurla Complex, 
Dalal Street, Fort 
Bandra (E), Mumbai- 400051 
Mumbai- 400001 
NSE Scrip Code: ANMOL 
BSE Scrip Code: 542437 
Sub: Disclosure under Regulation 30 & 33 of the SEBI (Listing Obligations and Disclosures Requirements) 
Regulations, 2015 
Ref: Submission of Un-audited Standalone Financial Results for the Quarter and half year ended 30"" 
September, 2023 
Dear Sirs, 
Pursuant to Regulation 30 of the SEBI (LODR) Regulations, 2015, we hereby inform you that the Board of 
Directors of the Company at its meeting held on today i.e. 07"" November, 2023 inter alia considered and 
approved the Un- audited Financial Results for ",ANMOL,nse,0.0
2023-10-12,," Date: 30"" September, 2023 
L51 
199%& 
ANMOL FI%IA D 
Web 
: www.anmolindialtd.com 
| Android : www.goo.g/DCvQ8Q 
The Listing Department 
National Stock Exchange of India Ltd 
Exchange Plaza, C-1, Block G 
Bandra Kurla Complex, 
Bandra (E), Mumbai- 400051 
NSE Scrip Code: ANMOL 
Corporate Service Department 
Bombay Stock Exchange Limited 
25"" Floor, P J Towers 
Dalal Street, Fort 
Mumbai- 400001 
BSE Scrip Code: 542437 
Dear Sir/ Ma’am, 
Sub: Certificate under Regulation 74(5) of the SEBI (Depositories and Participants) Regulations, 2018 
for the quarter ended 30"" September, 2023. 
In Compliance with Regulation 74(5) of SEBI (Depositories and Participants) Regulations, 2018, we are 
forwarding herewith 
a copy of the Certificate dated 05% October, 2023, received from M/s Blgshare 
Services Pvt Ltd, the Registrar and Share Transfer Agent of the Company, for the quarter ended 3o 
September, 2023. 
Kindly take the same on your record. 
Thanking You, 
For Anmol",ANMOL,nse,0.0
2023-09-30,," o I 
\%/‘ 
Mob., 
: #91- 
S 
000 
ANMOL Iﬁﬁm@ﬂﬁ 
Web : www.anmolindialtd.com 
| Andreid : www.goo.g/DCvQ6Q 
Date: 30"" September, 2023 
To 
To 
The Listing Department 
The Deputy Manager 
National Stock Exchange of India Ltd 
Corporate Services Department 
Exchange Plaza, C-1, Block G 
Bombay Stock Exchange Limited 
Bandra Kurla Complex, 
25"" Floor, P J Towers 
Bandra (E) 
Dalal Street, Fort 
Mumbai- 400051 
Mumbai- 400001 
NSE Scrip Code: ANMOL 
BSE Scrip Code: 542437 
Subject: Closure of Trading Window 
Dear Sir(s), 
In Compliance with the SEBI (Prohibition of Insider Trading) Regulations, 2015 and SEBI (Prohibition of 
Insider Trading) (Amendment) Regulations, 2018 read with BSE Circular Ref. No. LIST/COMP/01/2019-20 
dated 2nd April, 2019, it is hereby informed that the ""Trading Window"" for dealing in the securities of 
the Company will remain closed for all Designated Persons and persons having access to Unpublished 
Price Sensitive Information with ",ANMOL,nse,0.0
2023-09-12,," SL 
Rh. 
AW 
AN 
L 
Mob. 491:9435046554, 9876434000 
ANMOL INDIA 
Web 
: www.anmolindialtd.com 
| Android 
: www.goo.gl/DCvQ6Q 
§."" 
{S 
Date: 12% September, 2023 
To 
To 
The Listing Department 
The Deputy Manager 
National Stock Exchange of India Ltd 
Corporate Services Department 
Exchange Plaza, C-1, Block G 
Bombay Stock Exchange Limited 
Bandra Kurla Complex, 
25th Floor, P J Towers 
Bandra (E) 
Dalal Street, Fort 
Mumbai- 400051 
Mumbai- 400001 
NSE Scrip Code: ANMOL 
BSE Scrip Code: 542437 
Sub: Submission of Voting Results of the Postal Ballot pursuant to Regulation 44 of SEBI (Listing 
Obligations and Disclosure Requirements) Regulations, 2015 
Dear Sir, 
This 
is to inform you that the Company had issued Postal Ballot Notice dated 10% August, 2023, pursuant to the 
provisions of Section 110 
of the Companies Act, 2013 read with Rule 22 of the Companies (Management and 
Administration) Rules, 2014 for seeking approval of the Members of the",ANMOL,nse,0.0
2023-08-10,," 5 
- No. 
: Zh. | 
Mob. : +91-0435046554, 9876434000 
ANMOL INDIA LTD 
Web 
: www.anmolindialtd.com 
| Android 
: www.goo.gl/DCvQ6Q 
7 O 
Pa 
Date: 10th August, 2023 
To 
To 
The Listing Department 
The Deputy Manager 
National Stock Exchange of India Ltd 
Corporate Services Department 
Exchange Plaza, C-1, Block G 
Bombay Stock Exchange Limited 
Bandra Kurla Complex, 
25% Floor, P J Towers 
Bandra (E) 
Dalal Street, Fort 
Mumbai- 400051 
Mumbai- 400001 
NSE Scrip Code: ANMOL 
BSE Scrip Code: 542437 
Sub: Submission of Voting Results of the 25"" Annual General Meeting of the Anmol India Limited held 
on 10% August, 2023 
Dear Sir, 
We hereby inform that the 25"" AGM of the Company was held on 09% August, 2023 at 10:00 A.M. at the 
Registered Office at 2/43, 2nd Floor, Block B, Aggar Nagar, Ludhiana, Punjab- 141001. All the items of the 
business contained 
in the Notice of the AGM dated 09"" August, 2023, were transacted and passed by the 
Members. 
In ",ANMOL,nse,0.0
2023-08-10,," Web 
: www.anmolindialtd.com 
| Android 
: www.goo.gl/DCvQ6Q 
10% August, 2023 
The Listing Department 
Corporate Service Department 
National Stock Exchange of India Ltd 
Bombay Stock Exchange Limited 
Exchange Plaza, C-1, Block G 
25% Floor, P J Towers 
BandraKurla Complex, 
Dalal Street, Fort 
Bandra (E), Mumbai- 400051 
Mumbai- 400001 
NSE Scrip Code:ANMOL 
BSE Scrip Code: 542437 
Sub: Regulation 30 of SEBI (Listing Obligation and Disclosure Requirements) Regulations, 2015 
Dear Sirs, 
Pursuant to Regulation 30 of the SEBI (LODR) Regulations, 2015, we would like to inform you that the Board 
of Directors of the Company 
at 
its meeting held today i.e. Thursday, 10"" August, 2023, have inter-alia 
considered and approved the following: 
1. 
Increase in the Authorized Share Capital of the Company from existing Rs. 57 Crores to Rs. 77 Crores 
and consequent alteration in the Capital Clause of the Memorandum of Association of the Company, 
subject to the appro",ANMOL,nse,0.6281368732452393
2023-08-09,," NP 
Rh. y 
: 49 
4 
&) 
Mob. 
: +91-0435046554, 9876434000 
ANMOL INDIA 
Web 
: www.anmolindialtd.com 
| Android 
: www.goo.gl/DCvQ6Q 
09th August, 2023 
The Listing Department 
Corporate Service Department 
National Stock Exchange of India Ltd 
Bombay Stock Exchange Limited 
Exchange Plaza, C-1, Block G 
25th Floor, P J Towers 
Bandra Kurla Complex, 
Dalal Street, Fort 
Bandra (E) 
Mumbai- 400001 
Mumbai- 400051 
NSE Scrip Code: ANMOL 
BSE Scrip Code: 542437 
Sub: Outcome of 25t* Annual General Meeting 
Dear Sirs, 
As 
per Regulation 
30 
of Securities 
and Exchange Board 
of India 
(Listing Obligations 
& 
Disclosure Requirements), 2015, we hereby inform you that the 25% Annual General Meeting of 
the Company was held on Wednesday, the 09th August, 2023 at the Registered Office of the 
Company at 2/43, 27d Floor, Block B, Aggar Nagar, Ludhiana, Punjab- 141001 at 10.00 A.M. 
through physical mode. 
The requisite quorum being present, the meeting",ANMOL,nse,0.0
2023-07-31,," wi 
- No. : L51 |. 
AQ 
¢S 
Mob.  491-0435046554, 9876434000 
ANMOL INDIA 
Web 
: www.anmolindialtd.com 
| Android 
: www.goo.gl/DCvQ6Q 
Date: 27"" July, 2023 
The Listing Department 
Corporate Service Department 
National Stock Exchange of India Ltd 
Bombay Stock Exchange Limited 
Exchange Plaza, C-1, Block G 
25% Floor, P J Towers 
Bandra Kurla Complex, 
Dalal Street, Fort 
Bandra (E), Mumbai- 400051 
Mumbai- 400001 
NSE Scrip Code: ANMOL 
BSE Scrip Code: 542437 
Sub: Intimation of Book Closure pursuant to Regulation 42 of the SEBI (LODR) Regulations, 
2015 
Dear Sir, 
Pursuant to Regulation 42 of the Securities and Exchange Board of India (Listing Obligations and 
Disclosure Requirements) Regulations, 2015, the Register of Members and Share Transfer Books will 
remain closed from Wednesday, August 02, 2023 to Wednesday, August 09, 2023 (both days inclusive) 
for taking record of the Members of the Company for the purpose of 25"" Annual General Meeting of t",ANMOL,nse,0.0
2023-07-31,," 31% July, 2023 
N 
Bh. No. : 
wh 
Ww NN 
<) 
Mob. 
: +01-0435046554, 9876434000 
ANMOL INDIA 
Web 
: www.anmolindialtd.com 
| Android 
: www.goo.gl/DCvQ6Q 
The Listing Department 
National Stock Exchange of India Ltd 
Exchange Plaza, C-1, Block G 
Bandra Kurla Complex, 
Bandra (E) 
Mumbai- 400051 
NSE Scrip Code: ANMOL 
Corporate Service Department 
Bombay Stock Exchange Limited 
25% Floor, P J Towers 
Dalal Street, Fort 
Mumbai- 400001 
BSE Scrip Code: 542437 
Sub: Announcement under Regulation 30 of SEBI (LODR) Regulations, 2015- Business Update 
Dear Sirs, 
Anmol India Ltd. one of the leading players in Supply chain management industry, Commodity 
Trading, and Coal Import, 
in its board meeting held on July 27%, 2023 has approved the 
unaudited Financial Results of the Company for the First Quarter ended on 30"" June 2023. 
Please find enclosed Standalone Financial Statement Highlights for Q1FY24 vs Q4F23 vs 
Q1FY23. 
This is for your information and",ANMOL,nse,0.0
2023-07-27,," 27t July, 2023 
lN No. 
: 
L51 
!!LCOS 
'Q,'\ 
Mob. wx’g‘\‘m 0 5554 sTmmo 
ANMOL IND 
Web 
: www.anmolindialtd.com 
| Android : www.goo.gl/DCvQ6Q 
The Listing Department 
National Stock Exchange of India Ltd 
Exchange Plaza, C-1, Block G 
Bandra Kurla Complex, 
Bandra (E), Mumbai- 400051 
NSE Scrip Code: ANMOL 
Corporate Service Department 
Bombay Stock Exchange Limited 
25™ Floor, P J Towers 
Dalal Street, Fort 
Mumbai- 400001 
BSE Scrip Code: 542437 
Sub: 
Disclosure 
under 
Regulation 
30 
& 
33 
of 
the 
SEBI 
(Listing 
Obligations 
and 
Disclosures 
Requirements) Regulations, 2015. 
Ref.: Submission of Un- audited Standalone Financial Results for the Quarter ended 30"" June, 2023 
Dear 
Sir(s), 
Pursuant to Regulation 30 of the SEBI (LODR) Regulations 2015, we hereby inform you that the Board of 
Directors of the Company at its meeting held on today i.e. 27t July, 2023 inter alia considered and 
approved the un- audited Financial Results f",ANMOL,nse,0.0
2023-07-27,," 27t July, 2023 
lN No. 
: 
L51 
!!LCOS 
'Q,'\ 
Mob. wx’g‘\‘m 0 5554 sTmmo 
ANMOL IND 
Web 
: www.anmolindialtd.com 
| Android : www.goo.gl/DCvQ6Q 
The Listing Department 
National Stock Exchange of India Ltd 
Exchange Plaza, C-1, Block G 
Bandra Kurla Complex, 
Bandra (E), Mumbai- 400051 
NSE Scrip Code: ANMOL 
Corporate Service Department 
Bombay Stock Exchange Limited 
25™ Floor, P J Towers 
Dalal Street, Fort 
Mumbai- 400001 
BSE Scrip Code: 542437 
Sub: 
Disclosure 
under 
Regulation 
30 
& 
33 
of 
the 
SEBI 
(Listing 
Obligations 
and 
Disclosures 
Requirements) Regulations, 2015. 
Ref.: Submission of Un- audited Standalone Financial Results for the Quarter ended 30"" June, 2023 
Dear 
Sir(s), 
Pursuant to Regulation 30 of the SEBI (LODR) Regulations 2015, we hereby inform you that the Board of 
Directors of the Company at its meeting held on today i.e. 27t July, 2023 inter alia considered and 
approved the un- audited Financial Results f",ANMOL,nse,0.0
2023-07-21,," Date: 21% July, 2023 
oN 
9435046554, 9876434000 
ANMOL INDIA ETD 
Web 
: www.anmolindialtd.com 
| Android 
: www.goo.gl/DCvQ6Q 
The Listing Department 
National Stock Exchange of India Ltd 
Exchange Plaza, C-1, Block G 
Bandra Kurla Complex, 
Bandra (E), Mumbai- 400051 
NSE Scrip Code: ANMOL 
Corporate Service Department 
Bombay Stock Exchange Limited 
25% Floor, P J Towers 
Dalal Street, Fort 
Mumbai- 400001 
BSE Scrip Code: 542437 
Dear Sir/ Ma’am, 
Sub: Certificate under Regulation 74(5) of the SEBI (Depositories and Participants) Regulations, 2018 
for the quarter ended 30"" June, 2023. 
In Compliance with Regulation 74(5) of SEBI (Depositories and Participants) Regulations, 2018, we are 
forwarding herewith a copy of the Certificate dated 04%"" July, 2023, received from M/s Bigshare Services 
Pvt Ltd, the Registrar and Share Transfer Agent of the Company, for the quarter ended 30"" June, 2023. 
Kindly take the same on your record. 
Thanking You, 
For Anmo",ANMOL,nse,0.0
2023-07-20,," 20"" July, 2023 
ANMOL INDIA 
Rh. No. : we 
Nn 
Mob. 4910435046554, 9876434000 
RY 
Web 
: www.anmolindialtd.com 
| Android 
: www.goo.gl/DCvQ6Q 
The Listing Department 
National Stock Exchange of India Ltd 
Exchange Plaza, C-1, Block G 
Bandra Kurla Complex, Bandra (E) 
Mumbai- 400051 
NSE Scrip Code: ANMOL 
Corporate Service Department 
Bombay Stock Exchange Limited 
25% Floor, P J Towers 
Dalal Street, Fort 
Mumbai- 400001 
BSE Scrip Code: 542437 
Sub: Intimation regarding allotment of Bonus Shares 
Dear Sirs, 
Pursuant to provisions of Regulation 30 read with Schedule Ill of SEBI {Listing Obligation and Disclosure 
Requirements) Regulations, 2015, and in furtherance to our letters dated 02"" June, 2023 and 06 July, 
2023, regarding issuance of Bonus Shares to the equity shareholders of the Company, we wish to inform 
you that the Board of Directors in its meeting held today, i.e. 20"" July, 2023, has allotted 45531320 fully 
paid- up Bonus Equity Shares of ",ANMOL,nse,0.0
2023-07-13,," 13th July, 2023 
Web 
: www.anmolindialtd.com 
| Android 
: www.goo.gl/DCvQ6Q 
The Listing Department 
National Stock Exchange of India Ltd 
Exchange Plaza, C-1, Block G 
Bandra Kurla Complex, 
Bandra (E) 
Mumbai- 400051 
NSE Scrip Code: ANMOL 
Corporate Service Department 
Bombay Stock Exchange Limited 
25th Floor, P J Towers 
Dalal Street, Fort 
Mumbai- 400001 
BSE Scrip Code: 542437 
Sub: Outcome of Board Meeting 
Dear Sirs, 
In compliance with the provisions of Regulation 30 of SEBI (Listing Obligation and Disclosure 
Requirements), 2015, we are pleased to inform you that the Board of Directors of the Company 
in its meeting held today i.e. 13% July, 2023 inter-alia considered and approved the following 
matters: 
1. 
Notice of the 25th Annual General Meeting of the members of the Company to be held on 
Wednesday, 09th day of August, 2023 at Registered office of the company at 2nd Floor, 
Aggar Nagar, Block B, Ludhiana, Punjab 141001 at 10.00 A.M. 
2. 
",ANMOL,nse,0.0
2023-07-08,," 07%"" July, 2023 
|. k pe du 
4 
Mob. : +91-9435046554, 9876434000 
ANMOL. INDIA 
Web 
: www.anmolindialtd.com 
| Android 
: www.goo.gl/DCvQ6Q 
The Listing Department 
National Stock Exchange of India Ltd 
Exchange Plaza, C-1, Block G 
Bandra Kurla Complex, 
Bandra (E), Mumbai- 400051 
NSE Scrip Code: ANMOL 
Corporate Service Department 
Bombay Stock Exchange Limited 
25% Floor, P J Towers 
Dalal Street, Fort 
Mumbai- 400001 
BSE Scrip Code: 542437 
Sub: Publication of Intimation of Record Date for Issue of Bonus Shares 
Dear Sirs, 
Please find enclosed herewith copies of newspaper advertisement of Intimation of Record Date for Issue 
of Bonus Shares published in “Pioneer” (English Newspaper) & “Nawan Zamana” (Punjabi Newspaper) 
on Friday, the 07"" July, 2023. 
Kindly take the same on your records. 
Thanking You, 
Yours Faithfully, 
For Anmol India Limited 
PARABHJ psy 
OT KAUR 552727 
Parabhjot Kaur 
Company Secretary & Compliance Officer 
M. No. A2671",ANMOL,nse,0.0
2023-07-06,," . 
Be No. AAW 
AN 
Mob. :+91-943 35046554, 987 76434000 
ANMOL INDIA 
Web 
: www.anmolindialtd.com 
| Android 
: www.goo.gl/DCvQ6Q 
Date: 06 July, 2023 
To 
To 
The Listing Department 
The Deputy Manager 
National Stock Exchange of India Ltd 
Corporate Services Department 
Exchange Plaza, C-1, Block G 
Bombay Stock Exchange Limited 
Bandra Kurla Complex, 
25% Floor, P J Towers 
Bandra (E) 
Dalal Street, Fort 
Mumbai- 400051 
Mumbai- 400001 
NSE Scrip Code: ANMOL 
BSE Scrip Code: 542437 
Subject: Intimation of Record Date for Issue of Bonus Shares 
Dear Sir(s), 
Pursuant to Regulation 42 of the SEBI {Listing Obligations & Disclosure Requirements) Regulations 2015, 
this is to inform you that Company has fixed Tuesday, 18"" July, 2023 as the record date for determining 
eligibility of the shareholders for issuance of Bonus Equity Shares of the Company in the proportion of 
4{Four) Equity Shares of Rs. 10/- each for every 1 (One) existing Equity Share of Rs. ",ANMOL,nse,0.0
2023-07-06,," SL 
Rh. 
AW 
AN 
L 
Mob. 491:9435046554, 9876434000 
ANMOL INDIA 
Web 
: www.anmolindialtd.com 
| Android 
: www.goo.gl/DCvQ6Q 
§."" 
{S 
Date: 06 July, 2023 
To 
To 
The Listing Department 
The Deputy Manager 
National Stock Exchange of India Ltd 
Corporate Services Department 
Exchange Plaza, C-1, Block G 
Bombay Stock Exchange Limited 
Bandra Kurla Complex, 
25th Floor, P J Towers 
Bandra (E) 
Dalal Street, Fort 
Mumbai- 400051 
Mumbai- 400001 
NSE Scrip Code: ANMOL 
BSE Scrip Code: 542437 
Sub: Submission of Voting Results of the Postal Ballot pursuant to Regulation 44 of SEBI (Listing 
Obligations and Disclosure Requirements) Regulations, 2015 
Dear Sir, 
This 
is to inform you that the Company had issued Postal 
Ballot Notice dated 02"" June, 2023, pursuant to the 
provisions of Section 110 
of the Companies Act, 2013 read with Rule 22 of the Companies (Management and 
Administration) Rules, 2014 for seeking approval of the Members of the Compa",ANMOL,nse,0.0
2023-07-06,," SL 
Rh. 
AW 
AN 
L 
Mob. 491:9435046554, 9876434000 
ANMOL INDIA 
Web 
: www.anmolindialtd.com 
| Android 
: www.goo.gl/DCvQ6Q 
§."" 
{S 
Date: 06 July, 2023 
To 
To 
The Listing Department 
The Deputy Manager 
National Stock Exchange of India Ltd 
Corporate Services Department 
Exchange Plaza, C-1, Block G 
Bombay Stock Exchange Limited 
Bandra Kurla Complex, 
25th Floor, P J Towers 
Bandra (E) 
Dalal Street, Fort 
Mumbai- 400051 
Mumbai- 400001 
NSE Scrip Code: ANMOL 
BSE Scrip Code: 542437 
Sub: Submission of Voting Results of the Postal Ballot pursuant to Regulation 44 of SEBI (Listing 
Obligations and Disclosure Requirements) Regulations, 2015 
Dear Sir, 
This 
is to inform you that the Company had issued Postal 
Ballot Notice dated 02"" June, 2023, pursuant to the 
provisions of Section 110 
of the Companies Act, 2013 read with Rule 22 of the Companies (Management and 
Administration) Rules, 2014 for seeking approval of the Members of the Compa",ANMOL,nse,0.0
2023-06-30,," Date: 30% June, 2023 
wi 
TW y 
3 - 
AQ 
&) 
Mob. 
: +91:9435046554, 9876434000 
ANMOL INDIA 
LT 
Web 
: www.anmolindialtd.com 
| Android 
: www.goo.gl/DCvQ6Q 
To 
The Listing Department 
National Stock Exchange of India Ltd 
Exchange Plaza, C-1, Block G 
Bandra Kurla Complex, 
Bandra (E) 
Mumbai- 400051 
NSE Scrip Code: ANMOL 
To 
The Deputy Manager 
Corporate Services Department 
Bombay Stock Exchange Limited 
25% Floor, P J Towers 
Dalal Street, Fort 
Mumbai- 400001 
BSE Scrip Code: 542437 
Subject: Closure of Trading Window 
Dear Sir(s), 
In Compliance with the SEBI (Prohibition of Insider Trading) Regulations, 2015 and SEBI {Prohibition of 
Insider Trading) (Amendment) Regulations, 2018 read with BSE Circular Ref. No. LIST/COMP/01/2019-20 
dated 2nd April, 2019, it is hereby informed that the ""Trading Window"" for dealing in the securities of 
the Company will remain closed for all Designated Persons and persons having access to Unpublished 
Pric",ANMOL,nse,0.0
2023-06-06,," i 
EY. 
No. : L51 hh 
Mob. *491:9435046554 , 9876434000 
ANMOL INDIA 
Web 
: www.anmolindialtd.com 
| Android 
: www.goo.gl/DCvQ6Q 
06 June, 2023 
The Listing Department 
Corporate Service Department 
National Stock Exchange of India Ltd 
Bombay Stock Exchange Limited 
Exchange Plaza, C-1, Block G 
25"" Floor, P J Towers 
Bandra Kurla Complex, 
Dalal Street, Fort 
Bandra (E), Mumbai- 400051 
Mumbai- 400001 
NSE Scrip Code: ANMOL 
BSE Scrip Code: 542437 
Sub: Newspaper Publication regarding completion of dispatch of Postal Ballot Notice 
Dear Sirs, 
Please find enclosed herewith copies of copies of newspaper advertisement published 
in “Economic 
Times” (English Newspaper) & “Desh Sewak” (Punjabi Newspaper) on Tuesday, the 06"" June, 2023 with 
respect to completion of dispatch of Notice of Postal Ballot to the Members. 
Kindly take the same on your records. 
Thanking You, 
Yours Faithfully, 
- 
For Anmol India Limited 
PARABH) paris 
OT KAUR 
525555 
P",ANMOL,nse,0.0
2023-06-05,,"  
 
 
05th June, 2023 
The Listing Department 
National Stock Exchange of India Ltd 
Exchange Plaza, C-1, Block G 
BandraKurla Complex,  
Bandra (E), Mumbai- 400051 
 
NSE Scrip Code:ANMOL 
Corporate Service Department 
Bombay Stock Exchange Limited 
25th Floor, P J Towers 
Dalal Street, Fort 
Mumbai- 400001 
 
BSE Scrip Code: 542437 
 
Sub: Postal Ballot Notice- Disclosure under Regulation 30 of SEBI (Listing Obligation and Disclosure 
Requirements) Regulations, 2015 
 
Dear Sirs, 
 
Pursuant to Regulation 30 of the SEBI (LODR) Regulations, 2015, please find enclosed herewith the Postal 
Ballot Notice dated 02nd June, 2023, seeking approval of Members of the Company by way of Special 
Resolution(s) on the following resolutions through Postal Ballot Process: 
 
S. No. 
Agenda 
1. 
To increase the Authorized Share Capital of the Company and approve alteration in 
Capital Clause of the Memorandum of Association of the Company. 
2. 
To approve the Issuanc",ANMOL,nse,0.0
2023-06-05,," N 
& 
Armor 
Web 
: www.anmolindialtd.com 
| Android 
: www.goo.gl/DCvQ6Q 
05% June, 2023 
The Listing Department 
Corporate Service Department 
National Stock Exchange of India Ltd 
Bombay Stock Exchange Limited 
Exchange Plaza, C-1, Block G 
25 Floor, P J Towers 
Bandra Kurla Complex, 
Dalal Street, Fort 
Bandra (E), Mumbai- 400051 
Mumbai- 400001 
NSE Scrip Code: ANMOL 
BSE Scrip Code: 542437 
Sub: Announcement under Regulation 30 of SEBI (LODR) Regulations, 2021 Monthly Update- Anmol India 
Ltd. Board Approves Issue of Bonus Shares in ratio of 4:1 
Dear Sirs, 
Ludhiana, 03 June 2023: Anmol India Ltd. (BSE: 542437, NSE: ANMOL), one of the leading players in Supply 
chain management industry, Commodity Trading, and Coal Import, has approved issue of bonus shares in 
the ratio of 4:1, i.e. 4 Equity Shares for every 1 Equity Share held by the shareholders of the Company as 
on the record date, subject to the approval of shareholders. 
The board also approved ",ANMOL,nse,0.0
2023-06-02,," 02""June, 2023 
bh. No. : L51909PB1 i 
AN 
Mob. : 491-9435046554, 9876434000 
ANMOL INDIA 
Web 
: www.anmolindialtd.com 
| Android 
: www.goo.gl/DCvQ6Q 
The Listing Department 
National Stock Exchange of India Ltd 
Exchange Plaza, C-1, Block G 
BandraKurla Complex, 
Bandra (E), Mumbai- 400051 
NSE Scrip Code:ANMOL 
Corporate Service Department 
Bombay Stock Exchange Limited 
25% Floor, P J Towers 
Dalal Street, Fort 
Mumbai- 400001 
BSE Scrip Code: 542437 
Sub: Regulation 30 of SEBI (Listing Obligation and Disclosure Requirements} Regulations, 2015 
Dear Sirs, 
Pursuant to Regulation 30 of the SEBI (LODR) Regulations, 2015, we would like to inform you that the Board of 
Directors of the Company at its meeting held today i.e. Friday, 02"" June, 2023, have inter-alia considered and 
approved the following: 
Recommending Issue of Bonus Shares in the ratio of 4:1, i.e. 4 (Four) Equity Shares of Rs. 10/- each for 
every 
1 (One) Equity Share of Rs. 10/- each, held ",ANMOL,nse,0.0
2023-06-02,," 02""June, 2023 
bh. No. : L51909PB1 i 
AN 
Mob. : 491-9435046554, 9876434000 
ANMOL INDIA 
Web 
: www.anmolindialtd.com 
| Android 
: www.goo.gl/DCvQ6Q 
The Listing Department 
National Stock Exchange of India Ltd 
Exchange Plaza, C-1, Block G 
BandraKurla Complex, 
Bandra (E), Mumbai- 400051 
NSE Scrip Code:ANMOL 
Corporate Service Department 
Bombay Stock Exchange Limited 
25% Floor, P J Towers 
Dalal Street, Fort 
Mumbai- 400001 
BSE Scrip Code: 542437 
Sub: Regulation 30 of SEBI (Listing Obligation and Disclosure Requirements} Regulations, 2015 
Dear Sirs, 
Pursuant to Regulation 30 of the SEBI (LODR) Regulations, 2015, we would like to inform you that the Board of 
Directors of the Company at its meeting held today i.e. Friday, 02"" June, 2023, have inter-alia considered and 
approved the following: 
Recommending Issue of Bonus Shares in the ratio of 4:1, i.e. 4 (Four) Equity Shares of Rs. 10/- each for 
every 
1 (One) Equity Share of Rs. 10/- each, held ",ANMOL,nse,0.0
2023-06-01,," Date: 25%"" May, 2023 
clo No 
4 435046 554, 9876434 000 
Web 
: www.anmolindialtd.com 
| Android 
: www.goo.gl/DCvQ6Q 
To 
The Listing Department 
National Stock Exchange of India Ltd 
Exchange Plaza, C-1, Block G 
Bandra Kurla Complex, 
Bandra (E) 
Mumbai- 400051 
NSE Scrip Code: ANMOL 
To 
The Deputy Manager 
Corporate Services Department 
Bombay Stock Exchange Limited 
25"" Floor, P J Towers 
Dalal Street, Fort 
Mumbai- 400001 
BSE Scrip Code: 542437 
Subject: Closure of Trading Window 
Dear Sir(s), 
In Compliance with the SEBI (Prohibition of Insider Trading) Regulations, 2015 and SEBI {Prohibition of 
Insider Trading) (Amendment) Regulations, 2018 read with BSE Circular Ref. No. LIST/COMP/01/2019-20 
dated 2nd April, 2019, it is hereby informed that the ""Trading Window"" for dealing in the securities of 
the Company will remain closed for all Designated Persons and persons having access to Unpublished 
Price Sensitive Information with effect from 25"" May",ANMOL,nse,0.0
2023-05-26,," 26'"" May, 2023 
- No. 
: AW AN 
RS 
Mob. : +01:0435046554, 9876434000 
ANMOL INDIA 
Web 
: www.anmolindialtd.com 
| Android 
: www.goo.gl/DCvQ6Q 
The Listing Department 
National Stock Exchange of India Ltd 
Exchange Plaza, C-1, Block G 
Bandra Kurla Complex, 
Bandra (E) 
Mumbai- 400051 
NSE Scrip Code: ANMOL 
Corporate Service Department 
Bombay Stock Exchange Limited 
25% Floor, P J Towers 
Dalal Street, Fort 
Mumbai- 400001 
BSE Scrip Code: 542437 
Sub: Submission of Annual Secretarial Compliance Report for the financial year ended 31° March, 2023. 
Dear Sir/ Madam, 
Pursuant to Regulation 24A of SEBI {Listing Obligations and Disclosure Requirements) Regulations, 2015, 
issued by Securities Exchange Board of India, please find attached Annual Secretarial Compliance Report 
{ASCR) for the financial year ended 31% March, 2023, issued by M/s Reecha Goel & Associates, Practicing 
Company Secretaries, Phillaur. 
This is for your information and records. 
Tha",ANMOL,nse,0.0
2023-05-26,," IN 
| x 
: du AG 
LJ) 
i) Mob. 
: +91-9435046554, 9876434000 
La 
Web 
: www.anmolindialtd.com 
| Android 
: www.goo.gl/DCvQ6Q 
26"" May, 2023 
The Listing Department 
Corporate Service Department 
National Stock Exchange of India Ltd 
Bombay Stock Exchange Limited 
Exchange Plaza, C-1, Block G 
25% Floor, P J Towers 
Bandra Kurla Complex, Bandra (E) 
Dalal Street, Fort 
Mumbai- 400051 
Mumbai- 400001 
NSE Scrip Code: ANMOL 
BSE Scrip Code: 542437 
Sub: Transcript of Investor's Conference Call organized on May 23, 2023 to discuss Financial Results 
for the Quarter and Financial Year ended March 31, 2023 
Dear Sirs, 
In continuation to our letter dated 24™ May, 2023, Please find attached the Transcript of Investor's 
Conference Call organized on May 23, 2023 to discuss the Financial Results for the Quarter and Financial 
Year ended March 31, 2023 for your information and records. 
Please take the same on your records. 
For Anmol India Limited 
PARABH patsy",ANMOL,nse,0.0
2023-05-24,,"  
 
 
 
24th May, 2023 
 
The Listing Department 
National Stock Exchange of India Ltd 
Exchange Plaza, C-1, Block G 
Bandra Kurla Complex, Bandra (E) 
Mumbai- 400051 
 
NSE Scrip Code: ANMOL 
Corporate Service Department 
Bombay Stock Exchange Limited 
25th Floor, P J Towers 
Dalal Street, Fort 
Mumbai- 400001 
 
BSE Scrip Code: 542437 
 
Sub: Audio Recording Link of Investor’s Conference Call organized on May 23, 2023 to discuss Financial 
Results for the Quarter and Financial Year ended March 31, 2023 
 
Dear Sirs, 
 
Please find below the audio recording link of Investor’s Conference Call organized on May 23, 2023 to 
discuss the Financial Results for the Quarter and Financial Year ended March 31, 2023 for your 
information and records. 
 
Audio Recording Link: https://www.mediafire.com/file/nsusub1t0wyn15a/Audio_Recording.mpeg/file 
 
 
 
Please take the same on your records. 
 
For Anmol India Limited 
 
 
 
Vijay Kumar 
Managing Director ",ANMOL,nse,0.0
2023-05-22,," - No. : AW 
A wih. 
Se 
Mob. ~491.0435046554, 
046554, 9876434000 
a INDIA 
Web 
: www.anmolindialtd.com 
| Android 
: www.goo.gl/DCvQ6Q 
22"" May, 2023 
The Listing Department 
Corporate Service Department 
National Stock Exchange of India Ltd 
Bombay Stock Exchange Limited 
Exchange Plaza, C-1, Block G 
25% Floor, P J Towers 
Bandra Kurla Complex, Bandra (E) 
Dalal Street, Fort 
Mumbai- 400051 
Mumbai- 400001 
NSE Scrip Code: ANMOL 
BSE Scrip Code: 542437 
Sub: Schedule of Conference Call with Analyst / Investors 
Sir/Madam, 
Pursuant 
to Regulation 
30 and Part A of Schedule 
III 
of SEBI (Listing Obligations and 
Disclosure Requirements) Regulations 2015, we would like to inform you that the Company will 
hold a Conference Call with Analyst / Investors on Tuesday, May 23, 2023 at 4:00 P.M. as per 
schedule enclosed herewith, to discuss the Audited Financial Results of the Company for the 
Quarter and Financial Year ended March 31, 2023. No price 
se",ANMOL,nse,0.0
2023-05-22,," - No. : AW 
A wih. 
Se 
Mob. ~491.0435046554, 
046554, 9876434000 
a INDIA 
Web 
: www.anmolindialtd.com 
| Android 
: www.goo.gl/DCvQ6Q 
22"" May, 2023 
The Listing Department 
Corporate Service Department 
National Stock Exchange of India Ltd 
Bombay Stock Exchange Limited 
Exchange Plaza, C-1, Block G 
25% Floor, P J Towers 
Bandra Kurla Complex, Bandra (E) 
Dalal Street, Fort 
Mumbai- 400051 
Mumbai- 400001 
NSE Scrip Code: ANMOL 
BSE Scrip Code: 542437 
Sub: Schedule of Conference Call with Analyst / Investors 
Sir/Madam, 
Pursuant 
to Regulation 
30 and Part A of Schedule 
III 
of SEBI (Listing Obligations and 
Disclosure Requirements) Regulations 2015, we would like to inform you that the Company will 
hold a Conference Call with Analyst / Investors on Tuesday, May 23, 2023 at 4:00 P.M. as per 
schedule enclosed herewith, to discuss the Audited Financial Results of the Company for the 
Quarter and Financial Year ended March 31, 2023. No price 
se",ANMOL,nse,0.0
2023-05-18,," 05t April, 2023 
wo? 
\ 
Rh. No. 
w. » 
wh 
¢ (>) 1 
Mob. 5 046554, pr 
ANMOL IND 
Web 
: www.anmolindialtd.com 
| Android 
: 7 
SATA 
The Listing Department 
National Stock Exchange of India Ltd 
Exchange Plaza, C-1, Block G 
Bandra Kurla Complex, 
Bandra (E), Mumbai- 400051 
NSE Scrip Code: ANMOL 
Corporate Service Department 
Bombay Stock Exchange Limited 
25"" Floor, P J Towers 
Dalal Street, Fort 
Mumbai- 400001 
BSE Scrip Code: 542437 
Sub: Submission of Disclosure required under Regulation 31(4) of SEBI (SAST) Regulations, 2011 for the 
year ended 31% March, 2023 
Dear Sir/ Madam, 
Pursuant to the provision of the Regulation 31(4) of SEBI (Substantial Acquisition of Shares & Takeovers) 
Regulations, 2011, please find enclosed the disclosure received from the Promoter & Promoter Group of the 
Company for the year ended on 315 March, 2023 for your kind perusal and records. 
Kindly take the note of the same. 
Thanking You, 
Yours Faithfully, 
For A",ANMOL,nse,0.0
2023-05-17,," wn 
- h 4d 
4 
$Y 
Mob. : +01-0435046554, 9876434000 
ANMOL. INDIA 
Web 
: www.anmolindialtd.com 
| Android 
: www.goo.gl/DCvQ6Q 
17*"" May, 2023 
The Listing Department 
Corporate Service Department 
National Stock Exchange of India Ltd 
Bombay Stock Exchange Limited 
Exchange Plaza, C-1, Block G 
25% Floor, P J Towers 
Bandra Kurla Complex, 
Dalal Street, Fort 
Bandra (E) 
Mumbai- 400001 
Mumbai- 400051 
NSE Scrip Code: ANMOL 
BSE Scrip Code: 542437 
Sub: Submission of half yearly Disclosure on Related Party Transactions 
Dear Sirs, 
In compliance with Regulation 23(9) of SEBI (Listing Obligation and Disclosure Requirements), 2015, we 
submit herewith the disclosure on Related Party Transactions on standalone basis for the half year ended 
315 March, 2023. 
This is for your information and records. 
Thanking You, 
Yours Faithfully, 
For Anmol India Limited 
Parabhjot Kaur 
Company Secretary & Compliance Officer 
Encl.: As Above 
REGD. OFFICE 
: 
|",ANMOL,nse,0.0
2023-05-17,," wn 
- h 4d 
4 
$Y 
Mob. : +01-0435046554, 9876434000 
ANMOL. INDIA 
Web 
: www.anmolindialtd.com 
| Android 
: www.goo.gl/DCvQ6Q 
17*"" May, 2023 
The Listing Department 
Corporate Service Department 
National Stock Exchange of India Ltd 
Bombay Stock Exchange Limited 
Exchange Plaza, C-1, Block G 
25% Floor, P J Towers 
Bandra Kurla Complex, 
Dalal Street, Fort 
Bandra (E) 
Mumbai- 400001 
Mumbai- 400051 
NSE Scrip Code: ANMOL 
BSE Scrip Code: 542437 
Sub: Submission of half yearly Disclosure on Related Party Transactions 
Dear Sirs, 
In compliance with Regulation 23(9) of SEBI (Listing Obligation and Disclosure Requirements), 2015, we 
submit herewith the disclosure on Related Party Transactions on standalone basis for the half year ended 
315 March, 2023. 
This is for your information and records. 
Thanking You, 
Yours Faithfully, 
For Anmol India Limited 
Parabhjot Kaur 
Company Secretary & Compliance Officer 
Encl.: As Above 
REGD. OFFICE 
: 
|",ANMOL,nse,0.0
2023-05-17,," Bh. No. 
: AW 
| 
Mob. *491:9435046554, 9876434000 
aan INDIA LTD. > 
Web 
: www.anmolindialtd.com 
| Android 
: www.goo.gl/DCvQ6Q 
17*"" May, 2023 
The Listing Department 
Corporate Service Department 
National Stock Exchange of India Ltd 
Bombay Stock Exchange Limited 
Exchange Plaza, C-1, Block G 
25% Floor, P J Towers 
Bandra Kurla Complex, 
Dalal Street, Fort 
Bandra (E), Mumbai- 400051 
Mumbai- 400001 
NSE Scrip Code: ANMOL 
BSE Scrip Code: 542437 
Sub: Disclosure under Regulation 30 & 33 of the SEBI (Listing Obligations and Disclosure Requirements) 
Regulations, 2015 
Re: Submission of Audited Standalone Financial Results for the Quarter and Financial Year ended on 
31% March, 2023 
Dear Sir, 
In compliance with the provisions of Regulation 30 and Regulation 33 of the SEBI {Listing Obligations and 
Disclosure Requirements) Regulations, 2015, we are pleased to inform you that the Board of Directors of 
the Company at their Meeting held today i.e. on We",ANMOL,nse,0.0
2023-05-09,," 09"" May, 2023 
33 
Rh. | 
¢ dW 
4 'N 
OX 
Mob. 
: +91:9435046554, 9876434000 
ANMOL INDIA 
Web 
: www.anmolindialtd.com 
| Android 
: www.goo.gl/DCvQ6Q 
The Listing Department 
National Stock Exchange of India Ltd 
Exchange Plaza, C-1, Block G 
Bandra Kurla Complex, 
Bandra (E), Mumbai- 400051 
NSE Scrip Code: ANMOL 
Corporate Service Department 
Bombay Stock Exchange Limited 
25% Floor, P J Towers 
Dalal Street, Fort 
Mumbai- 400001 
BSE Scrip Code: 542437 
Sub: Intimation on re-appointment of Independent Director of the Company 
Ref: Regulation 30 of SEBI (LODR) Regulations, 2015 
Dear Sirs, 
We wish to inform you that Board of Directors of the Company at their meeting held today i.e. 09"" May, 
2023, based on the recommendation of the Nomination & Remuneration Committee and subject to the 
approval of the Members of the Company at the ensuing Annual General Meeting, have approved the 
proposal for re-appointment of Mr. Bhupesh Goyal (DIN: 08126023), as ",ANMOL,nse,0.0
2023-04-17,," bh. No. 
: 
wn.) wy. | 
10 
Mob. 4919435046554, 9876434000 
ANMOL INDIA LTD. ™ 
Web 
: www.anmolindialtd.com 
| Android 
: www.goo.gl/DCvQ6Q 
17"" April, 2023 
The Listing Department 
Corporate Service Department 
National Stock Exchange of India Ltd 
Bombay Stock Exchange Limited 
Exchange Plaza, C-1, Block G 
25% Floor, P J Towers 
Bandra Kurla Complex, 
Dalal Street, Fort 
Bandra (E), Mumbai- 400051 
Mumbai- 400001 
NSE Scrip Code: ANMOL 
BSE Scrip Code: 542437 
Sub: Announcement under Regulation 30 of SEBI (LODR) Regulations, 2021- Business Update 
Dear Sirs, 
This is to inform you that the management of Anmol India Ltd has decided to form a strategic committee 
“Expansion and Growth Committee”. The role of the Committee will be to explore new opportunities in 
the Chemical related products and steel related products like Iron Ore, Iron Pellet, Met Coke etc. 
The committee will focus on investments in new products and to expand into new demographics. The ",ANMOL,nse,0.0
2023-04-14,,"      
   
CIN No. : L51 
DP 
Dr, ne, 
Mob. “¥491-9435046554, 9876434000 
NMOL INDLA 
Web 
: www.anmolindialtd.com 
| Android 
: www.goo.gl/DCvQ6Q 
we, 
es 
   
  
  
Date: 14"" April, 2023 
  
 
The Listing Department 
Corporate Service Department 
National Stock Exchange of India Ltd 
Bombay Stock Exchange Limited 
Exchange Plaza, C-1, Block G 
25"" Floor, P J Towers 
Bandra Kurla Complex, 
Dalal Street, Fort 
Bandra (E), Mumbai- 400051 
Mumbai- 400001 
NSE Scrip Code: ANMOL 
BSE Scrip Code: 542437 
 
 
  
Dear Sir/ Ma’am, 
Sub: Certificate under Regulation 74(5) of the SEBI (Depositories and Participants) Regulations, 2018 
for the quarter ended 31* March, 2023. 
In Compliance with Regulation 74(5) of SEBI (Depositories and Participants) Regulations, 2018, we are 
forwarding herewith a copy of the Certificate dated 05"""" April, 2023, received from M/s Bigshare Services 
Pvt Ltd, the Registrar and Share Transfer Agent of the Company, for the quarter",ANMOL,nse,0.0
2023-03-30,,"   
Date: 30° March, 2023 
i 
>. e 
: ¢. eal Pcs, 
‘Ss 
Mob. 
© +94:9435046554, 9876434000 
ANMOL INDLA LTD 
Web 
: www.anmolindialtd.com 
| Android 
: www.goo.gl/DCvQ6Q 
   
  
  
 
To 
The Listing Department 
National Stock Exchange of India Ltd 
Exchange Plaza, C-1, Block G 
Bandra Kurla Complex, 
Bandra (E) 
Mumbai- 400051 
NSE Scrip Code: ANMOL 
To 
The Deputy Manager 
Corporate Services Department 
Bombay Stock Exchange Limited 
25"" Floor, P J Towers 
Dalal Street, Fort 
Mumbai- 400001 
 BSE Scrip Code: 542437 
   
Subject: Closure of Trading Window 
Dear Sir(s), 
In Compliance with the SEBI (Prohibition of Insider Trading) Regulations, 2015 and SEBI (Prohibition of 
Insider Trading) (Amendment) Regulations, 2018 read with BSE Circular Ref. No. LIST/COMP/01/2019-20 
dated 2nd April, 2019, it is hereby informed that the ""Trading Window"" for dealing in the securities of 
the Company will remain closed for all Designated Persons and persons havi",ANMOL,nse,0.0
2023-02-10,,"   
  
10°"" February, 2023 
    
   
wa 
>. No. 
Pn, Messe. 
C to 
Mob, :+91-9435046554, 9876434000 
NMOL INDIA 
Web 
: www.anmolindialtd.com 
| Android 
: www.goo.gl/DCvQ6Q 
  
  
The Listing Department 
National Stock Exchange of India Ltd 
Exchange Plaza, C-1, Block G 
Bandra Kurla Complex, 
Bandra (E), Mumbai- 400051 
NSE Scrip Code: ANMOL 
Corporate Service Department 
Bombay Stock Exchange Limited 
25"" Floor, P J Towers 
Dalal Street, Fort 
Mumbai- 400001 
  
  
BSE Scrip Code: 542437 
  
Sub: Publication of Unaudited Standalone Financial Results for the Quarter ended 31° December, 
2022 
Dear Sirs, 
Please find enclosed herewith copies of newspaper advertisement of unaudited standalone Financial 
Results for the quarter ended 31st December, 2022 published 
in “Pioneer” (English Newspaper) 
& 
“Nawan Zamana” (Punjabi Newspaper) on Friday, the 10"" February, 2023. 
Kindly take the same on your records. 
Thanking You, 
Yours Faithfully, 
For",ANMOL,nse,0.0
2023-02-09,," a 
, 
pe No. : 
aN 
Mob. ""1494:9435046554 
046554, 9876434000 
ANMOL INDIA 
Web 
: www.anmolindialtd.com 
| Android 
: www.goo.gl/DCvQ6Q 
   
  
  
09°"" February, 2023 
  
 
The Listing Department 
Corporate Service Department 
National Stock Exchange of India Ltd 
Bombay Stock Exchange Limited 
Exchange Plaza, C-1, Block G 
25"" Floor, PJ Towers 
Bandra Kurla Complex, 
Dalal Street, Fort 
Bandra (E), Mumbai- 400051 
Mumbai- 400001 
NSE Scrip Code: ANMOL 
BSE Scrip Code: 542437 
 
 
  
Sub: 
Disclosure 
under 
Regulation 
30 
& 
33 
of 
the 
SEBI 
(Listing 
Obligations 
and 
Disclosures 
Requirements) Regulations, 2015. 
Ref.: Submission of Un- audited Standalone Financial Results for the Quarter ended 31° December, 
2022 
Dear Sirs, 
Pursuant to Regulation 30 of the SEBI (LODR) Regulations 2015, we hereby inform you that the Board of 
Directors of the Company at its meeting held on today i.e. 09"" February, 2023 inter alia considered an",ANMOL,nse,0.0
2023-01-30,," Ni 
th No. es 
Do, Mot. 
& 
Mob. i aa 
Web 
: www.anmolindialtd.com 
| Android : 
ame Same 
   
  
  
  
30"" January, 2022 
  
 
The Listing Department 
Corporate Service Department 
National Stock Exchange of India Ltd 
Bombay Stock Exchange Limited 
Exchange Plaza, C-1, Block G 
25"" Floor, PJ Towers 
Bandra Kurla Complex, 
Dalal Street, Fort 
Bandra (E), Mumbai- 400051 
Mumbai- 400001 
NSE Scrip Code: ANMOL 
BSE Scrip Code: 542437 
 
 
  
Sub: Certificate under Regulation 74 (5) of the SEBI (Depositories and Participants) Regulations, 2018, 
for the quarter ended 31° December, 2022. 
Dear Sirs, 
In compliance with Regulation 74(5) of SEBI (Depositories and Participants) Regulations, 2018, we are 
forwarding herewith a copy of the certificate received from M/s Bigshare Services Pvt Ltd, the Registrar 
and Share Transfer Agent of the Company, for the quarter ended 31% December, 2022. 
Kindly take the same on your records. 
Thanking You, 
Yours Fai",ANMOL,nse,0.0
2022-12-31,," i 
>. e 
: ¢. eal Pcs, 
‘Ss 
Mob. 
© +94:9435046554, 9876434000 
ANMOL INDLA LTD 
Web 
: www.anmolindialtd.com 
| Android 
: www.goo.gl/DCvQ6Q 
   
  
  
Date: 31%* December, 2022 
  
 
To 
The Listing Department 
National Stock Exchange of India Ltd 
Exchange Plaza, C-1, Block G 
Bandra Kurla Complex, 
Bandra (E) 
Mumbai- 400051 
NSE Scrip Code: ANMOL 
 
To 
The Deputy Manager 
Corporate Services Department 
Bombay Stock Exchange Limited 
25"" Floor, P J Towers 
Dalal Street, Fort 
Mumbai- 400001 
BSE Scrip Code: 542437 
   
Subject: Closure of Trading Window 
Dear Sir(s), 
In Compliance with the SEBI (Prohibition of Insider Trading) Regulations, 2015 and SEBI (Prohibition of 
Insider Trading) (Amendment) Regulations, 2018 read with BSE Circular Ref. No. LIST/COMP/01/2019-20 
dated 2nd April, 2019, 
it is hereby informed that the ""Trading Window"" for dealing in the securities of 
the Company will remain closed for all Designated Persons and pers",ANMOL,nse,0.0
2022-11-16,,"   
16 November, 2022 
    
hm. No. : L51 Do 
occ Nn, 
Mob. ""¥#91:9435046554, 9876434000 
ANMOL INDIA 
Web 
: www.anmolindialtd.com 
| Android 
: www.goo.gl/DCvQ6Q 
Ni 
eo 
   
  
  
  
The Listing Department 
National Stock Exchange of India Ltd 
Exchange Plaza, C-1, Block G 
Bandra Kurla Complex, 
Bandra (E) 
Mumbai- 400051 
NSE Scrip Code: ANMOL 
 
Corporate Service Department 
Bombay Stock Exchange Limited 
25"" Floor, PJ Towers 
Dalal Street, Fort 
Mumbai- 400001 
BSE Scrip Code: 542437 
 
 
  
Sub: Submission of half yearly Disclosure on Related Party Transactions 
Dear Sirs, 
In compliance with Regulation 23(9) of SEBI (Listing Obligation and Disclosure Requirements), 2015, we 
submit herewith the disclosure on Related Party Transactions on standalone basis for the half year ended 
30"" September, 2022. 
This is for your information and records. 
Thanking You, 
Yours Faithfully, 
For Anmol India Limited 
Digitally signed by 
PA RABHJ PARA",ANMOL,nse,0.0
2022-11-09,,"   
  
Web 
: www.anmolindialtd.com 
| Android 
: www.goo.gl/DCvQ6Q 
  
09"" November, 2022 
  
 
 
 
The Listing Department 
Corporate Service Department 
National Stock Exchange of India Ltd 
Bombay Stock Exchange Limited 
Exchange Plaza, C-1, Block G 
25"" Floor, P J Towers 
Bandra Kurla Complex, 
Dalal Street, Fort 
Bandra (E), Mumbai- 400051 
Mumbai- 400001 
NSE Scrip Code: ANMOL 
BSE Scrip Code: 542437 
  
Sub: Publication of Unaudited Standalone Financial Results for the Quarter and Half Year ended 30 
September, 2022 
Dear Sirs, 
Please find enclosed herewith copies of newspaper advertisement of unaudited standalone Financial 
Results for the quarter and half year ended 30"" September, 2022 published in “The Pioneer” (English 
Newspaper) & “Nawan Zamana” (Punjabi Newspaper) on Tuesday, the 08"" November, 2022. 
Kindly take the same on your records. 
Thanking You, 
Yours Faithfully, 
For Anmol India Limited 
PARABH 
Disitally signed 
by PARABHJOT ",ANMOL,nse,0.0
2022-11-07,," we 
. 
a No. : 
MA 
~~ 
Mob. ""9429435046554, 9876434000 
ANMOL INDLA LTD 
Web 
: www.anmolindialtd.com 
| Android 
: www.goo.gl/DCvQ6Q 
(Ss 
  
  
07"" November, 2022 
  
 
The Listing Department 
Corporate Service Department 
National Stock Exchange of India Ltd 
Bombay Stock Exchange Limited 
Exchange Plaza, C-1, Block G 
25"" Floor, P J Towers 
Bandra Kurla Complex, 
Dalal Street, Fort 
Bandra (E), Mumbai- 400051 
Mumbai- 400001 
NSE Scrip Code: ANMOL 
BSE Scrip Code: 542437 
 
  
Sub: Disclosure under Regulation 30 & 33 of the SEBI (Listing Obligations and Disclosures Requirements) 
Regulations, 2015 
Ref: Submission of Un-audited Standalone Financial Results for the Quarter and half year ended 30"" 
September, 2022 
Dear Sirs, 
Pursuant to Regulation 30 of the SEBI (LODR) Regulations, 2015, we hereby inform you that the Board of 
Directors of the Company at its meeting held on today i.e. 07° November, 2022 inter alia considered and 
approved the ",ANMOL,nse,0.0
2022-11-07,,"  
 
 
07th November, 2022 
The Listing Department 
National Stock Exchange of India Ltd 
Exchange Plaza, C-1, Block G 
Bandra Kurla Complex,  
Bandra (E), Mumbai- 400051 
 
NSE Scrip Code: ANMOL 
Corporate Service Department 
Bombay Stock Exchange Limited 
25th Floor, P J Towers 
Dalal Street, Fort 
Mumbai- 400001 
 
BSE Scrip Code: 542437 
 
Sub: Disclosure under Regulation 30 & 33 of the SEBI (Listing Obligations and Disclosures Requirements) 
Regulations, 2015 
 
Ref: Submission of Un-audited Standalone Financial Results for the Quarter and half year ended 30th 
September, 2022 
 
Dear Sirs, 
 
Pursuant to Regulation 30 of the SEBI (LODR) Regulations, 2015, we hereby inform you that the Board of 
Directors of the Company at its meeting held on today i.e. 07th November, 2022 inter alia considered and 
approved the Un- audited Financial Results for the quarter and half year ended 30th September, 2022.  
 
With regard to the above, please find attached he",ANMOL,nse,0.0
2022-09-30,,"   
Date: 29"" September, 2022 
ese 
ANMOL IND 
i 
>. e 
: ¢. eal Pcs, 
Mob. © +91-9435046554, 9876434000 
[& LTD 
   
  
Web 
: www.anmolindialtd.com 
| Android 
: www.goo.gl/DCvQ6Q 
  
 
To 
The Listing Department 
National Stock Exchange of India Ltd 
Exchange Plaza, C-1, Block G 
Bandra Kurla Complex, 
Bandra (E) 
Mumbai- 400051 
NSE Scrip Code: ANMOL 
 
To 
The Deputy Manager 
Corporate Services Department 
Bombay Stock Exchange Limited 
25"" Floor, P J Towers 
Dalal Street, Fort 
Mumbai- 400001 
BSE Scrip Code: 542437 
   
Subject: Closure of Trading Window 
Dear Sir(s), 
In Compliance with the SEBI (Prohibition of Insider Trading) Regulations, 2015 and SEBI (Prohibition of 
Insider Trading) (Amendment) Regulations, 2018 read with BSE Circular Ref. No. LIST/COMP/01/2019-20 
dated 2nd April, 2019, it is hereby informed that the ""Trading Window"" for dealing in the securities of 
the Company will remain closed for all Designated Persons and perso",ANMOL,nse,0.0
2022-09-29,,"   
Date: 28th Sept, 2022 
) 
. 
a No. : 
We, Mes Pn. 
Mob. wearing SBEMEEER WEST EATON 
ANMOL INDL& LTD 
Web 
: www.anmolindialtd.com 
| Android 
: www.goo.gl/DCvQ6Q 
    
  
  
 
To 
The Listing Department 
National Stock Exchange of India Ltd 
Exchange Plaza, C-1, Block G 
Bandra Kurla Complex, 
Bandra (E) 
Mumbai- 400051 
NSE Scrip Code: ANMOL 
To 
The Deputy Manager 
Corporate Services Department 
Bombay Stock Exchange Limited 
25"" Floor, P J Towers 
Dalal Street, Fort 
Mumbai- 400001 
 
 
BSE Scrip Code: 542437 
  
Sub: Submission of Voting Results of the 24"" Annual General Meeting of the Anmol India Limited held 
on 28th Sept, 2022 
Dear Sir, 
We hereby inform that the 24'"" AGM of the Company was held on 28th Sept, 2022 at 10:00 A.M. at the Registered 
Office at 2/438, 2nd Floor, Block B, Aggar Nagar, Ludhiana, Punjab- 141001. All the items of the business 
contained in the Notice of the AGM dated 28th Sept, 2022, were transacted and passed",ANMOL,nse,0.0
2022-09-28,,"    
 
 
 
 
 
 
 
 28th September, 2022 
 
The Listing Department 
National Stock Exchange of India Ltd 
Exchange Plaza, C-1, Block G 
Bandra Kurla Complex,  
Bandra (E) 
Mumbai- 400051 
 
NSE Scrip Code: ANMOL 
Corporate Service Department 
Bombay Stock Exchange Limited 
25th Floor, P J Towers 
Dalal Street, Fort 
Mumbai- 400001 
 
 
BSE Scrip Code: 542437 
 
 
Sub: Outcome of 24th Annual General Meeting 
 
Dear Sirs, 
 
As per Regulation 30 of Securities and Exchange Board of India (Listing Obligations & 
Disclosure Requirements), 2015, we hereby inform you that the 24th Annual General Meeting of 
the Company was held on Wednesday, the 28th September, 2022 at the Registered Office of the 
Company at 2/43, 2nd Floor, Block B, Aggar Nagar, Ludhiana, Punjab- 141001 at 10.00 A.M. 
through physical mode.  
 
The requisite quorum being present, the meeting was called to order. 
 
Al the resolutions mentioned in the notice has been passed with requisi",ANMOL,nse,0.0
2022-09-03,," = 
> 
>, ® Faisal Fcc 
& 
Mob. 
= +94-9435046554, 9876434000 
NMOL INDIA 
Web 
: www.anmolindialtd.com 
| Android 
: www.goo.gl/DCvQ6Q 
  
ea 
nfs 
, 
Ls 
\ 
   
  
  
Date: 03 September, 2022 
  
 
The Listing Department 
Corporate Service Department 
National Stock Exchange of India Ltd 
Bombay Stock Exchange Limited 
Exchange Plaza, C-1, Block G 
25h Floor, P J Towers 
Bandra Kurla Complex, 
Dalal Street, Fort 
Bandra (E), Mumbai- 400051 
Mumbai- 400001 
NSE Scrip Code: ANMOL 
BSE Scrip Code: 542437 
 
 
  
Sub: Newspaper Advertisement- Notice 24th Annual General Meeting, 
E- Voting and 
Book Closure Date 
Dear Sir, 
Pursuant to Regulation 47 of the SEBI (Listing Obligations and Disclosure Requirements), 
Regulations, 
2015, 
please 
find enclosed herewith 
copies 
of newspaper advertisements 
published 
in “Nawan Zamana-Regional Newspaper” and “Pioneer- 
English Newspaper’, 
regarding Notice for the 244 Annual General Meeting of t",ANMOL,nse,0.0
2022-09-02,,"      
  
a 
>. No. A.* 
PJ Po. 
O* 
Mob. 
= 491:9435046554 , 9876434000 
*ANMOL INDLA 
Web 
: www.anmolindialtd.com 
| Android 
: www.goo.gl/DCvQ6Q 
ea 
(C/ 
  
  
Date: 02° September, 2022 
  
 
The Listing Department 
Corporate Service Department 
National Stock Exchange of India Ltd 
Bombay Stock Exchange Limited 
Exchange Plaza, C-1, Block G 
25"" Floor, P J Towers 
Bandra Kurla Complex, 
Dalal Street, Fort 
Bandra (E), Mumbai- 400051 
Mumbai- 400001 
NSE Scrip Code: ANMOL 
BSE Scrip Code: 542437 
 
 
  
Sub: Intimation of Book Closure pursuant to Regulation 42 of the SEBI (LODR) Regulations, 
2015 
Dear Sir, 
Pursuant to Regulation 42 of the Securities and Exchange Board of India (Listing Obligations and 
Disclosure Requirements) Regulations, 2015, the Register of Members and Share Transfer Books will 
remain closed from Thursday, September 22, 2022 to Wednesday, September 28, 2022 (both days 
inclusive) for taking record of the Members of t",ANMOL,nse,0.0
2022-09-02,,"    
a 
<*)) 
a 
>... No. ea 
* 
Mob. 
= +91-9435046554, 9876434000 
«NMOL I 
Web 
: www.anmolindialtd.com 
| Android 
: ae Seta 
   
CH 
  
  
Date: 02"" September, 2022 
  
 
The Listing Department 
Corporate Service Department 
National Stock Exchange of India Ltd 
Bombay Stock Exchange Limited 
Exchange Plaza, C-1, Block G 
25"" Floor, PJ Towers 
Bandra Kurla Complex, 
Dalal Street, Fort 
Bandra (E), Mumbai- 400051 
Mumbai- 400001 
NSE Scrip Code: ANMOL 
BSE Scrip Code: 542437 
 
 
  
Sub: Notice of 24"" Annual General Meeting of the Company 
Dear Sir, 
Pursuant 
to Regulation 
30 
of Securities and Exchange Board 
of 
India 
(Listing Obligations and 
Disclosure Requirements) Regulations, 2015, please find enclosed herewith the Notice of the 24' 
Annual General Meeting of the Company scheduled to be held on Wednesday, 28'"" September, 2022 
at 10.00 A.M. 
Kindly take same on your records. 
Thanking you 
For Anmol India Limited 
PARABH 
",ANMOL,nse,0.0
2022-09-01,," oo 
. No. 
PP Pret. 
Mob. “Y#91-943 
046554, 9876434000 
ARMOL INDIA 
Web 
: www.anmolindialtd.com 
| Android 
: www.goo.gl/DCvQ6Q 
 
ea 
  
  
01st September, 2022 
  
The Listing Department 
Corporate Service Department 
National Stock Exchange of India Ltd 
Bombay Stock Exchange Limited 
Exchange Plaza, C-1, Block G 
25 Floor, P J Towers 
Bandra Kurla Complex, 
Dalal Street, Fort 
Bandra (EF) 
Mumbai- 400001 
Mumbai- 400051 
 
 
 NSE Scrip Code: ANMOL 
BSE Scrip Code: 542437 
  
Sub: Outcome of Board Meeting 
Dear Sirs, 
In compliance with the provisions of Regulation 30 of SEBI (Listing Obligation and Disclosure 
Requirements), 2015, we are pleased to inform you that the Board of Directors of the Company 
in its meeting held today 
i.e. 
01st September, 2022 inter-alia considered and approved the 
following matters: 
1. 
Notice of the 244 Annual General Meeting of the members of the Company to be held on 
Wednesday, 28 day of September, 202",ANMOL,nse,0.0
2022-08-16,,"   
Sy; 
CO 
Wa 
Sa 
SRC INDIA YE 
16"" Aug, 2022 
  
  
Web 
: www.anmolindialtd.com 
| Android 
www. 
  
  
The Listing Department 
National Stock Exchange of India Ltd 
Exchange Plaza, C-1, Block G 
Bandra Kurla Complex, 
Bandra (E), Mumbai- 400051 
 NSE Scrip Code: ANMOL 
Dalal Street, Fort 
Mumbai- 400001 
 
Corporate Service Department 
Bombay Stock Exchange Limited 
25"" Floor, PJ Towers 
BSE Scrip Code: 542437 
 
  
Sub: Intimation of Credit Rating under SEBI (Listing Obligation and Disclosure Requirements) Regulations, 2015 
Pursuant to Regulation 
30 of the Securities and Exchange Board 
of India 
(Listing Obligation and Disclosure 
Requirements) Regulations, 2015, we would 
like to inform you that the Care Ratings Limited has upgraded 
its 
ratings and outlook on Company’s fund based and non- fund based borrowing facilities. 
  
  
 
  
  
   
  
  
 
  
 
 
 
 
  
  
  
  
Name 
of 
the | Credit 
Rating | Facilities ",ANMOL,nse,0.0
2022-08-04,,"   
  
  
04"" Aug, 2022 
2S 
mF L541 
Mob. #9194350 
ANMOL IND 
  
    
  
09PB1 &. 
00 
1A LTD 
     
    
Web 
: www.anmolindialtd.com 
| Android 
: www.goo.gl/DCvQ6Q 
  
The Listing Department 
Exchange Plaza, C-1, Block G 
Bandra Kurla Complex, 
Bandra (E), Mumbai- 400051 
  NSE Scrip Code: ANMOL 
National Stock Exchange of India Ltd 
Corporate Service Department 
Bombay Stock Exchange Limited 
25'"" Floor, PJ Towers 
Dalal Street, Fort 
Mumbai- 400001 
 BSE Scrip Code: 542437 
 
  
Sub: Publication of Unaudited Standalone Financial Results for the Quarter ended 30° June, 2022 
Dear Sirs, 
Please find enclosed herewith copies of newspaper advertisement of unaudited standalone Financial 
Results for the quarter ended 30"" June, 2022 published in “The Pioneer” (English Newspaper) & “Nawan 
Zamana” (Punjabi Newspaper) on Tuesday, the 02"" Aug, 2022. 
Kindly take the same on your records. 
Thanking You, 
Yours Faithfully, 
For Anmol |ndia Limited ",ANMOL,nse,0.0
2022-08-01,,"   
ry 
S 
Stor pia _w > 
01% August, 2022 
  
  
  
The Listing Department 
National Stock Exchange of India Ltd 
Exchange Plaza, C-1, Block G 
Bandra Kurla Complex, 
Bandra (E), Mumbai- 400051 
Corporate Service Department 
Bombay Stock Exchange Limited 
25"" Floor, P J Towers 
Dalal Street, Fort 
Mumbai- 400001 
 
 
NSE Scrip Code: ANMOL 
BSE Scrip Code: 542437 
  
Sub: 
Disclosure 
under 
Regulation 
30 
& 
33 
of 
the 
SEBI 
(Listing 
Obligations 
and 
Disclosures 
Requirements) Regulations, 2015. 
Ref.: Submission of Un- audited Standalone Financial Results for the Quarter ended 30° June, 2022 
=a 
eS 
Dear Sir(s), 
i 
PO 
    
   
  
   
Pursuant to Regulation 30 of the SEBI (LODR) Regulations 
2015, 
w 
Directors of the Company at its meeting held on today 
ois ‘Augu: st, 2022 inter alia considered and 
approved the un- audited Financial Results for the quarter ended 30"" June, 2022 
With regard to the above, please find 
atta",ANMOL,nse,0.0
2022-07-06,," Web 
: www.anmolindialtd.com 
| Android 
: www, 
  
  
Date: 06"" July, 2022 
The Listing Department 
Corporate Service Department 
National Stock Exchange of India Ltd 
Bombay Stock Exchange Limited 
Exchange Plaza, C-1, Block G 
25"" Floor, P J Towers 
Bandra Kurla Complex, 
Dalal Street, Fort 
Bandra (E), Mumbai- 400051 
Mumbai- 400001 
NSE Scrip Code: ANMOL 
BSE Scrip Code: 542437 
 
 
 
  
Dear Sir/ Ma'am, 
: 
iPisa 
Sain 
Sub: Certificate under Regulation 7 
1(5) of the SEBI (Depositories 
and Participants) Regulations, 2018 
for the quarter ended 30%    
  
   
In Compliance with Regulation 74(5) of SEBI (Depositories 
and Participants) Regulations, 2018, we are 
forwarding herewith a copy of the 
Certificate 
dated 
05"" July, 
2022, 
received from M/s Bigshare Services 
Pvt Ltd, the Registrar and Share Transfer 
t 
of 
, for 
the quarter ended 30"" June, 2022. 
f 
ord. 
® 
  
  
  
Kindly take the same on your reco! 
Thanking Yo",ANMOL,nse,0.0
2022-06-30,, ,ANMOL,nse,0.0
2022-06-02,,"   
Web 
: www.anmolindialtd.com 
| Android 
: www, 
  
Seno 
30"" May, 2022 
  
The Listing Department 
Corporate Service Department 
| 
National Stock Exchange of India Ltd 
Bombay Stock Exchange Limited 
Exchange Plaza, C-1, Block G 
25"" Floor, PJ Towers 
Bandra Kurla Complex, 
Dalal Street, Fort 
Bandra (E) 
Mumbai- 400001 
Mumbai- 400051 
 
 
NSE Scrip Code: ANMOL 
BSE Scrip Code: 542437 
  
Sub: Submission of half yearly Disclosure on Related Party Transactions as per Regulation 23(9) of the 
SEBI (Listing obligations and Disclosure Requirements) Regulations, 2015 
Dear Sirs, 
in compliance with Regulation 23(9) of SEBI (Listing Obligation and Disclosure Requirements), 2015, we 
submit herewith the disclosure on Related Party Transactions on standalone basis for the half year ended 
31% 
March, 
2022, 
in 
accordance 
with 
the 
format 
prescribed 
by 
SEBI 
vide 
its 
Circular 
No. 
SEBI/HO/CFD/CMD1/CIR/P/2021/662 dated 22""? November, ",ANMOL,nse,0.0
2022-05-17,,"   
  
17"" May, 2022 
  
 
 
 
The Listing Department 
Corporate Service Department 
National Stock Exchange of India Ltd 
Bombay Stock Exchange Limited 
Exchange Plaza, C-1, Block G 
25"" Floor, PJ Towers 
Bandra Kurla Complex, 
Dalal Street, Fort 
Bandra (E), Mumbai- 400051 
Mumbai- 400001 
NSE Scrip Code: ANMOL 
BSE Scrip Code: 542437 
  
Sub: Publication of Audited Standalone Financial Results for the Quarter and Year ended 31* March, 
    
     
   
2022 
Dear Sirs, 
Please find enclosed herewith copies of | 
audited standalone Financial 
Results for the quarter and year ended 31* 
oneer” (English Newspaper) & 
a 
“Nawan Zamana” (Punjabi N: 
Kindly take the same on you! 
Thanking You, 
Yours Faithfully, 
For Anmol India Limited 
Tonal 
ene 
Parabhjot Keir 
Company Secretary & Compliance Officer 
M. No. A26715 
Encl.: As Above 
  
  
      
  
  
    
  
REGD OFFICE: 
IInd Floor, 2/43, B-Block 
Aggar Nagar, Ludhiana 
Punjab-141001 ",ANMOL,nse,0.0
2022-05-14,,"   
  
Web 
: www.anmolindialtd.com 
| Android 
: www, 
  
INDIA, _ 
14"" May, 2022 
  
The Listing Department 
National Stock Exchange of India Ltd 
Exchange Plaza, C-1, Block G 
Bandra Kurla Complex, 
Bandra (E), Mumbai- 400051 
Corporate Service Department 
Bombay Stock Exchange Limited 
25"" Floor, P J Towers 
Dalal Street, Fort 
Mumbai- 400001 
  
 
 
NSE Scrip Code: ANMOL 
BSE Scrip Code: 542437 
  
Sub: Disclosure under Regulation 30 & 33 of the SEBI (Listing Obligations and Disclosure Requirements) 
Regulations, 2015 
Re: Submission of Audited Standalone Financial Results for the Quarter and Financial Year ended on 
31 March, 2022 
SES 
Dear Sir, 
  
In compliance with the provisions of Regulation 30 and Regulation 33 3 of the SEBI (Listing Obligations and 
Disclosure Requirements) Regulations, 
2015, we are pleased to inform jou that the Board of Directors of 
the Company at their Meeting 
held today i.e. on Saturday, 
ay 14"", 2022 have appro",ANMOL,nse,0.0
2022-05-14,,"   
  
Web 
: www.anmolindialtd.com 
| Android 
: www, 
  
INDIA, _ 
14"" May, 2022 
  
The Listing Department 
National Stock Exchange of India Ltd 
Exchange Plaza, C-1, Block G 
Bandra Kurla Complex, 
Bandra (E), Mumbai- 400051 
Corporate Service Department 
Bombay Stock Exchange Limited 
25"" Floor, P J Towers 
Dalal Street, Fort 
Mumbai- 400001 
  
 
 
NSE Scrip Code: ANMOL 
BSE Scrip Code: 542437 
  
Sub: Disclosure under Regulation 30 & 33 of the SEBI (Listing Obligations and Disclosure Requirements) 
Regulations, 2015 
Re: Submission of Audited Standalone Financial Results for the Quarter and Financial Year ended on 
31 March, 2022 
SES 
Dear Sir, 
  
In compliance with the provisions of Regulation 30 and Regulation 33 3 of the SEBI (Listing Obligations and 
Disclosure Requirements) Regulations, 
2015, we are pleased to inform jou that the Board of Directors of 
the Company at their Meeting 
held today i.e. on Saturday, 
ay 14"", 2022 have appro",ANMOL,nse,0.0
2022-04-04,," Disclosure
regulation
Symbol Name of
the
Company
Name of
the
Entity/
Person
Category Financial
Year End
Reg 31(4)
ANMOL Anmol
India
Limited
Anmol
India
Limited
Promoter 31-
Mar-2022
",ANMOL,nse,0.0
2022-04-04,," Disclosure
regulation
Symbol Name of
the
Company
Name of
the
Entity/
Person
Category
Financial
Year End
Reg 31(4)
ANMOL Anmol
India
Limited
Anmol
India
Limited
Promoter
Group
31-
Mar-2022
",ANMOL,nse,0.0
2022-03-31,,"     
ANMO 
  
  
Date: 31° March, 2022 
  
 
 
To 
To 
The Listing Department 
The Deputy Manager 
National Stock Exchange of India Ltd 
Corporate Services Department 
Exchange Plaza, C-1, Block G 
Bombay Stock Exchange Limited 
Bandra Kurla Complex, 
25"" Floor, PJ Towers 
Bandra (E) 
Dalal Street, Fort 
Mumbai- 400051 
Mumbai- 400001 
NSE Scrip Code: ANMOL 
BSE Scrip Code: 542437 
 
  
Subject: Closure of Trading Window 
Dear Sir(s), 
In Compliance with the SEBI (Prohibition of Insider Trading) Regulations, 2015 and SEBI (Prohibition of 
Insider Trading) (Amendment) Regulations, 2018 read with BSE Circular Ref. No. LIST/COMP/01/2019-20 
dated 2nd April, 2019, 
it is hereby 
inform 
the 
"" 
ev 
w"" for dealing in the securities of 
the Company will remain closed fc 
i 
persons having access to Unpublished 
Price Sensitive Information with 
effec 
m, 
April, 2022 
til 
xpiry of 48 hours after the 
declaration of Financial Results for the quar",ANMOL,nse,0.0
2022-03-22,,"    
  
Web 
: www.anmolindialtd.com 
| Android 
: www, 
  
22""¢ March, 2022 
  
 
 
 
The Listing Department 
Corporate Service Department 
National Stock Exchange of India Ltd 
Bombay Stock Exchange Limited 
Exchange Plaza, C-1, Block G 
25"" Floor, P J Towers 
Bandra Kurla Complex, 
Dalal Street, Fort 
Bandra (E), Mumbai- 400051 
Mumbai- 400001 
NSE Scrip Code: ANMOL 
BSE Scrip Code: 542437 
  
Sub: Announcement under Regulation 30 of SEBI (LODR) Regulations, 2015- Business Update 
Dear Sirs, 
Anmol India Ltd has launched 
a tech platform: 
ol Coal"" which is one of its kind 
in the coal industry. 
The 
objective 
is 
to revolutionize the way coal ‘iss 
lon 
tock & sale basis. Anmol Coal mobile app helps users 
understand the market better by not nly 
but r 
e terms & conditions associated with 
a particular price point. This helps 
ture of the marl ti takes bids from users and then 
ale will help Anmol 
In 
a bigger market share because: 
 ",ANMOL,nse,0.0
2022-02-08,,"  
  
  
  
08"" February, 2022 
  
The Listing Department 
National Stock Exchange of India Ltd 
Exchange Plaza, C-1, Block G 
Bandra Kurla Complex, 
Bandra (E), Mumbai- 400051 
 
NSE Scrip Code: ANMOL 
Corporate Service Department 
Bombay Stock Exchange Limited 
25"" Floor, P J Towers 
Dalal Street, Fort 
Mumbai- 400001 
BSE Scrip Code: 542437 
  
Sub: Publication of Unaudited Standalone Financial Results for the Quarter ended 31% December, 
2021 
Dear Sirs, 
Please find enclosed herewith copies of negepape! advertisement of unaudited standalone Financial 
Results for the quarter ended 31s 
“Nawan Zamana” (Punjabi Newspap 
J      
Kindly take the same on your records. 
Thanking You, 
Yours Faithfully, 
For Anmol India Limited 
[ote pet 
Parabhjot Kaur 
Company Secretary & Compliance Officer 
M. No. A26715 
   
Encl.: As Above 
REGD OFFICE: 
IInd Floor, 2/43, B-Block 
Aggar Nagar, Ludhiana 
Punjab-141001 
Ph.: 0161-4503400 
BRANCH OFFICE: 
Offic",ANMOL,nse,0.0
2022-02-05,,"   
  
05"" February, 2022 
  
The Listing Department 
Corporate Service Department 
National Stock Exchange of India Ltd 
Bombay Stock Exchange Limited 
Exchange Plaza, C-1, Block G 
25"" Floor, P J Towers 
Bandra Kurla Complex, 
Dalal Street, Fort 
Bandra (E), Mumbai- 400051 
Mumbai- 400001 
NSE Scrip Code: ANMOL 
BSE Scrip Code: 542437 
  
Sub: 
Disclosure 
under 
Regulation 
30 
& 
33 
of 
the 
SEBI 
(Listing 
Obligations 
and 
Disclosures 
Requirements) Regulations, 2015. 
Ref.: Submission of Un- audited Standalone Financial Results for the Quarter ended 31° December, 
2021 
Dear Sirs, 
Pursuant to Regulation 30 of the SEBI (LODR) Regulations 2015, we hereby inform you that the Board of 
Directors of the Company at its meeting held on today i.e. ost February, 2022 inter alia considered and 
approved the un- audited Financial Results for the quarter ended 315t December, 2021. 
® 
With regard to the above, please find attached the following: 
1. ",ANMOL,nse,0.0
2022-02-05,, ,ANMOL,nse,0.0
2022-01-29,,"  
  
  
  
  
29"" January, 2022 
  
The Listing Department 
Corporate Service Department 
National Stock Exchange of India Ltd 
Bombay Stock Exchange Limited 
Exchange Plaza, C-1, Block G 
25"" Floor, PJ Towers 
Bandra Kurla Complex, Bandra (E) 
Dalal Street, Fort 
Mumbai- 400051 
Mumbai- 400001 
NSE Scrip Code: ANMOL 
BSE Scrip Code: 542437 
 
 
  
Sub: Intimation pursuant to Regulation 29 of SEBI (Listing Obligation and Disclosure Requirements) 
Dear Sirs, 
Pursuant to Regulation 29 of the SEBI (LODR) Regulations, 2015, we hereby inform you that a meeting of 
Board of Directors of the Company is scheduled to be held on Saturday, the 05"" February, 2022 at 01.30 
P.M. at the Registered Office of the Company inter- alia to consider and approve following matters 
among other businesses: 
1. 
Consider and approve the unaudited standalone financial results of the Company for the quarter 
ended on 315t December, 2021. 
om 
ace 
  
2. 
Any other business, wi",ANMOL,nse,0.0
2021-12-31,,"   
Date: 31° December, 2021 
  
 
 
  
To 
To 
The Listing Department 
The Deputy Manager 
National Stock Exchange of India Ltd 
Corporate Services Department 
Exchange Plaza, C-1, Block G 
Bombay Stock Exchange Limited 
Bandra Kurla Complex, 
25"" Floor, P J Towers 
Bandra (E) 
Dalal Street, Fort 
Mumbai- 400051 
Mumbai- 400001 
NSE Scrip Code: ANMOL 
BSE Scrip Code: 542437 
  
   
Subject: Closure of Trading Window 
Dear Sir(s), 
In Compliance with the SEBI (Prohibition of insider Trading) Regulations, 2015 and SEBI (Prohibition of 
Insider Trading) (Amendment) Regulations, 201 
Soau BSE Circular 
ef. No, LIST/COMP/01/2019-20 
dated 2nd April, 2019, 
it is hereby 
i 
low"" for dealing in the securities of 
the Company will remain closed 
ea Pi 
‘sons having access to Unpublished 
Price Sensitive Information with 
effect 
eT 
expiry of 48 hours after the 
declaration of Financial Results for the quarter ended 31 December, 
21 
    
z 
  
   ",ANMOL,nse,0.0
2021-12-14,, ,ANMOL,nse,0.0
2021-12-10,, ,ANMOL,nse,0.0
2021-12-02,,"    
Web: www.anmolindialtd.com 
| Android 
: www.goo.g 
  
02°4 December, 2021 
  
The Listing Department 
Corporate Service Department 
National Stock Exchange of India Ltd 
Bombay Stock Exchange Limited 
Exchange Plaza, C-1, Block G 
25th Floor, P J Towers 
Bandra Kurla Complex, 
Dalal Street, Fort 
Bandra (E) 
Mumbai- 400001 
Mumbai- 400051 
  
NSE Scrip Code: ANMOL 
BSE Scrip Code: 542437 
Sub: Outcome of the Board Meeting held on Thursday, 0274 December, 2021 
  
      
  
Pursuant to the provisions of Regulation 
30 of 
§ 
rities and Exchange Board of India (Listing 
Obligations and Disclosure Require: 
Regulations, 2015, we wish to inform you that the 
Board of Directors of the Company at th 
Ce 
held 
on 
Th 
0254 December, 2021 has 
inter- alia considered and approved 
the 
ide 
yo 
rs. Prerna and Appointment of 
Mrs. Komal Aggarwal (M. No. 544434) « as ne 
Auditor 
of the Company. 
The meeting commenced AN neluded et 
® 
The abov",ANMOL,nse,0.0
2021-11-16,,"   
  
16"" November, 2021 
  
 
To 
To 
The Listing Department 
The Deputy Manager 
National Stock Exchange of India Ltd 
Corporate Services Department 
Exchange Plaza, C-1, Block G 
Bombay Stock Exchange Limited 
Bandra Kurla Complex, 
25"" Floor, PJ Towers 
Bandra (E) 
Dalal Street, Fort 
Mumbai- 400051 
Mumbai- 400001 
NSE Scrip Code: ANMOL 
BSE Scrip Code: 542437 
 
 
  
  
Sub: Publication of Unaudited Standalone Finan\ 
Results for the Quarter ended 30"" September, 2021 
Dear Sir/ Madam, 
Please find enclosed herewith copies of newspaper advertisement of Unaudited Standalone Financial 
Results for the quarter ended 30"" September, 2021 pt 
r 
‘(English Newspaper) & “Nawan 
Zamana” (Punjabi Newspaper) 
on ""ANN L 
We request you to take the sami 
  
   
  
  
Thanking You, 
Yours Faithfully, 
For Anmol India Limited 
Q 
fost 
Parabhjot 
Kaur 
Company Secretary & Compliance Officer 
M. No. A26715 
Encl: As Above 
REGD OFFICE: 
BRANCH OFF",ANMOL,nse,0.0
2021-11-15,,"   
Web 
: www.anmolindialtd.com 
| Android: www. 
  
RD / 
6 
Lor 
INDIA we 
14** November, 2021 
  
 
 
 
The Listing Department 
Corporate Service Department 
National Stock Exchange of India Ltd 
Bombay Stock Exchange Limited 
Exchange Plaza, C-1, Block G 
25"" Floor, P J Towers 
Bandra Kurla Complex, 
Dalal Street, Fort 
Bandra (E), Mumbai- 400051 
Mumbai- 400001 
NSE Scrip Code: ANMOL 
BSE Scrip Code: 542437 
  
Sub: Disclosure 
under 
Regulation 
30 
& 
33 
of 
the 
SEBI 
(Listing 
Obligations 
and 
Disclosures 
Requirements) Regulations, 2015 
Ref: Submission of Un-audited Standalone Financial Results for the Quarter and half year ended 30% 
September, 2021 
Dear Sirs, 
Pursuant to Regulation 30 of the SEBI (LODR) Regulations, 2015, we hereby inform you that the Board of 
Directors of the Company at its meeting held on today i.e. 14° November, 2021 inter alia considered 
and approved the Un- audited Financial Results for the quarter a",ANMOL,nse,0.0
2021-11-14,,"   
Web 
: www.anmolindialtd.com 
| Android: www. 
  
RD / 
6 
Lor 
INDIA we 
14** November, 2021 
  
 
 
 
The Listing Department 
Corporate Service Department 
National Stock Exchange of India Ltd 
Bombay Stock Exchange Limited 
Exchange Plaza, C-1, Block G 
25"" Floor, P J Towers 
Bandra Kurla Complex, 
Dalal Street, Fort 
Bandra (E), Mumbai- 400051 
Mumbai- 400001 
NSE Scrip Code: ANMOL 
BSE Scrip Code: 542437 
  
Sub: Disclosure 
under 
Regulation 
30 
& 
33 
of 
the 
SEBI 
(Listing 
Obligations 
and 
Disclosures 
Requirements) Regulations, 2015 
Ref: Submission of Un-audited Standalone Financial Results for the Quarter and half year ended 30% 
September, 2021 
Dear Sirs, 
Pursuant to Regulation 30 of the SEBI (LODR) Regulations, 2015, we hereby inform you that the Board of 
Directors of the Company at its meeting held on today i.e. 14° November, 2021 inter alia considered 
and approved the Un- audited Financial Results for the quarter a",ANMOL,nse,0.0
2021-10-20,,"   
  
  
18"" October, 2021 
  
 
The Listing Department 
Corporate Service Department 
National Stock Exchange of India Ltd 
Bombay Stock Exchange Limited 
Exchange Plaza, C-1, Block G 
Bandra Kurla Complex, 
Bandra (E) 
Mumbai- 400051 
NSE Scrip Code: ANMOL 
25"" Floor, P J Towers 
Dalal Street, Fort 
Mumbai- 400001 
 BSE Scrip Code: 542437 
  
Sub: Certificate under Regulation 74 (5) of the SEBI Danosiories and Participants) Regulations, 2018, 
for the quarter ended 30° September, 2021. 
Dear Sirs, 
In compliance with Regulation 74(5) of SEBI (Depositories and Participants) Regulations, 2018, we are 
forwarding herewith 
a copy of the certificate dated -. Gil 2021, received from M/s Bighshare 
Services Pvt Ltd, the Registrar and 
id Share, ‘rar 
gent 
of 
C 
September, 2021. 
  
Kindly take the same on your records. 
Thanking You, 
Yours Faithfully, 
For Anmol India Limited 
Toe 
L pt au 
Parabhjot Kaur 
  
Company Secretary & Compliance Office",ANMOL,nse,0.0
2021-10-11,,"   
  
08"" October, 2021 
Web 
: www.anmolindialtd.com 
| Android 
: www. 
  
    
  
 
The Listing Department 
National Stock Exchange of India Ltd 
Exchange Plaza, C-1, Block G 
Bandra Kurla Complex, 
Bandra (E) 
Mumbai- 400051 
NSE Scrip Code: ANMOL 
 
Corporate Service Department 
Bombay Stock Exchange Limited 
25"" Floor, P J Towers 
Dalal Street, Fort 
Mumbai- 400001 
BSE Scrip Code: 542437 
  
Sub: Announcement under Regulation 
30 of SEBI (LODR) Regulations, 2021- Monthly Business Update 
Dear Sirs, 
This is to inform you that Anmol India Ltd. has achieved growth of 286 % in the top line in Q2 FY 2021-22 
in comparison with Q2 FY 2020-21.There had been tremendous volume growth of 132% in Tonnage in 
Q2 
FY 2021-22 
in comparison with 
Q2 
FY 
2020-21.In (oe of monsoon 
season, we have shown 
significant growth in top line in a2 
This is for your information and records. 
Thanking You, 
Yours Faithfully, 
For Anmol India Limited 
Q 
<1 ",ANMOL,nse,0.0
2021-10-04,,"   
  
  
Date: 01° October, 2021 
  
 
To 
To 
The Listing Department 
The Deputy Manager 
National Stock Exchange of India Ltd 
Corporate Services Department 
Exchange Plaza, C-1, Block G 
Bombay Stock Exchange Limited 
Bandra Kurla Complex, 
25"" Floor, P J Towers 
Bandra (E) 
Dalal Street, Fort 
Mumbai- 400051 
Mumbai- 400001 
NSE Scrip Code:ANMOL 
BSE Scrip Code: 542437 
 
 
  
Subject: Closure of Trading Window 
Dear Sir(s), 
In Compliance with the SEBI (Prohibition of Insider Trading) Regulations, 2015 and SEBI (Prohibition of 
Insider Trading) (Amendment) Regulations, 2018 read with BSE Circular Ref. No. LIST/COMP/01/2019-20 
dated 2nd April, 2019, 
it is hereby informed tha th ""Trading Window"" for dealing in the securities of 
the Company will remain closed for all Designate 
Persons and persons having access to Unpublished 
Price Sensitive Information with effect from 01°t October, 2021 tillcthe expiry of 48 hours after the 
declaration of Fina",ANMOL,nse,0.0
2021-09-29,,"   
  
Date: 29th Sept, 2021 
  
 
To 
To 
The Listing Department 
The Deputy Manager 
National Stock Exchange of India Ltd 
Corporate Services Department 
Exchange Plaza, C-1, Block G 
Bombay Stock Exchange Limited 
Bandra Kurla Complex, 
25"" Floor, P J Towers 
Bandra (E) 
Dalal Street, Fort 
Mumbai- 400051 
Mumbai- 400001 
NSE Scrip Code: ANMOL 
BSE Scrip Code: 542437 
 
 
  
Sub: Submission of Voting Results of the 23 Annual General Meeting of the Anmol India Limited held 
on 28th Sept, 2021 
Dear Sir, 
We hereby inform that the 23° AGM of the Company was held on 28th Sept, 2021 at 09:00 A.M. at the 
Registered Office at 2/43, 2nd Floor, Block B, Aggar Nagar, Ludhiana, Punjab- 141001. All the items of the 
business contained in the Notice of the AGM ea oa 
See 
2021, were transacted and passed by the 
Members. 
: 
a 
In this regard, please find enclosed the following: 
® 
Consolidated Voting Results of the business transacted 
at the AGM, as requ",ANMOL,nse,0.0
2021-09-28,,"   
  
  
Date: 28"" September, 2021 
  
To 
The Listing Department 
Exchange Plaza, C-1, Block 
G 
Bandra Kurla Complex, 
Bandra (E) 
Mumbai- 400051 
 NSE Scrip Code: ANMOL 
To 
The Deputy Manager 
National Stock Exchange of India Ltd 
Corporate Services Department 
Bombay Stock Exchange Limited 
25"" Floor, P J Towers 
Dalal Street, Fort 
Mumbai- 400001 
 BSE Scrip Code: 542437 
  
Subject: Proceedings of Annual General Meeting 
Dear Sir(s), 
As per regulation 30(6) read with part A of Schedule Ill of SEBI (Listing Obligations and Disclosure 
Requirements) Regulations, 2015, please find enclosed the proceedings of the 23 Annual General 
Meeting of the Company held toon i NRA 
eve 
21. 2 
"" 
fie 
he 
ie 
Request you to kindly put the same ‘on your record. v NX 
thers 
Thanking You, 
Yours faithfully, 
For Anmol India Ltd 
Parabhjot Kaur 
Encl: As above 
ot Me OWE conan 
Company Secretary & Compliance Officer 
® 
   
  
REGD OFFICE: 
IInd Flo",ANMOL,nse,0.0
2021-09-28,,"   
  
Date: 28'"" September, 2021 
  
 
To 
The Listing Department 
National Stock Exchange of India Ltd 
Exchange Plaza, C-1, Block G 
Bandra Kurla Complex, 
Bandra (E) 
Mumbai- 400051 
NSE Scrip Code: ANMOL 
 
To 
The Deputy Manager 
Corporate Services Department 
Bombay Stock Exchange Limited 
25"" Floor, PJ Towers 
Dalal Street, Fort 
Mumbai- 400001 
 
BSE Scrip Code: 542437 
  
Subject: Outcome of 23 Annual General Meeting 
oe 
>: 
Dear Sir(s), 
As per regulation 30 of SEBI (Listing Obligations and Disclosure Requirements) Regulations, 2015, we 
hereby inform you that the 23 AGM of 
ae was held on Tuesday, 28"" September, 2021 at the 
Registered Office of the Company 
at 2, 
ck 
AT 
na, Punjab- 141001 at 09.00 A.M. 
through physical mode. 
The requisite quorum being oe the meeting was called to order. 
All the resolutions mentioned in the notice has been passed 
with requisite majority. 
Proceedings of the meeting will be uploaded shortly. 
Th",ANMOL,nse,0.0
2021-09-13,,"   
  
  
  
01st September, 2021 
  
  
The Listing Department 
Corporate Service Department 
National Stock Exchange of India Ltd 
Bombay Stock Exchange Limited 
Exchange Plaza, C-1, Block G 
25 Floor, P J Towers 
Bandra Kurla Complex, 
Dalal Street, Fort 
Bandra (E) 
Mumbai- 400001 
Mumbai- 400051 
NSE Scrip Code: ANMOL 
BSE Scrip Code: 542437 
  
 
  
Sub: Outcome of Board Meeting 
“a 
ta 
a 
Dear Sirs, 
In compliance with the provisions of Regulation 30 of SEBI (Listing Obligation and Disclosure 
Requirements), 2015, we are pleased to inform you that the Board of Directors of the Company 
in 
its meeting held today i.e. 01st September, 2021 inter-alia considered and approved the 
following matters: 
i 
Bs 
1. 
Notice of the 23r4 — General Meeting of the members of the Company to be held on 
Tuesday, 284 day of September, 2021 at Registered office-of the company at 2nd Floor, 
Aggar Nagar, Block B, Ludhiana, Punjab 141001 at 9.00 A. 
ial 
alat",ANMOL,nse,0.0
2021-09-08,,"  
 
    
  
Web 
: www.anmolindialtd.com 
| Android 
: www, 
  
08"" September, 2021 
  
The Listing Department 
Corporate Service Department 
National Stock Exchange of India Ltd 
Bombay Stock Exchange Limited 
Exchange Plaza, C-1, Block G 
25"" Floor, P J Towers 
Bandra Kurla Complex, 
Dalal Street, Fort 
Bandra (E) 
Mumbai- 400001 
Mumbai- 400051 
 
  
NSE Scrip Code:ANMOL 
BSE Scrip Code: 542437 
  
    
     
      
     
    
Sub: Announcement under Regu 
I 
Q 
ns, 2015- Monthly Business 
Update 
Dear Sirs, 
This is to inform you that 
Ar 
financial year in FY 20-21 
importing in bulk other type 
kandla/ tuna port. We intend 
successfully move this new 
pr 
supply chain that we have creat 
n+ tonnes of coal in a single 
lave already started directly 
a different port than the usual 
ng forward. We were able to 
It 
was thanks to the excellent 
   
eapetiy 
Secretary & Compliance Officer 
M. No. A26715 
REGD OFFICE: 
BRANCH OF",ANMOL,nse,0.0
2021-09-03,,"   
  
  
03"" September, 2021 
  
  
  
The Listing Department 
Corporate Service Department 
National Stock Exchange of India Ltd 
Bombay Stock Exchange Limited 
Exchange Plaza, C-1, Block G 
25"" Floor, P J Towers 
Bandra Kurla Complex, 
Dalal Street, Fort 
Bandra (E) 
Mumbai- 400001 
Mumbai- 400051 
NSE Scrip Code: ANMOL 
BSE Scrip Code: 542437 
RS 
Sub: Disclosure under Regulation 30 
B | (Listing Obligations and Disclosure Requirements), 
Regulations, 2015- Newspaper Advertiseme 
= 
_ a 
   
     
   
   
  
  
Dear Sirs, 
lirements), Regulations, 2015, 
1e Economic Times- English 
with respect to intimation of 
Pursuant to Regulation 47 of tl 
please find enclosed herewith 
cop 
Newspaper” and “Desh Sewak- 
23""4 Annual General Meeting o: 
Kindly take the same on your records, 
Thanking You, 
Yours Faithfully, 
For Anmol India Limited 
[oval 
Parabhjot Kaur 
Company Secretary & Compliance Officer 
M. No, A26715 
   
Encl.: As Above ",ANMOL,nse,0.0
2021-09-01,,"   
  
  
  
01st September, 2021 
  
  
The Listing Department 
Corporate Service Department 
National Stock Exchange of India Ltd 
Bombay Stock Exchange Limited 
Exchange Plaza, C-1, Block G 
25 Floor, P J Towers 
Bandra Kurla Complex, 
Dalal Street, Fort 
Bandra (E) 
Mumbai- 400001 
Mumbai- 400051 
NSE Scrip Code: ANMOL 
BSE Scrip Code: 542437 
  
 
  
Sub: Outcome of Board Meeting 
“a 
ta 
a 
Dear Sirs, 
In compliance with the provisions of Regulation 30 of SEBI (Listing Obligation and Disclosure 
Requirements), 2015, we are pleased to inform you that the Board of Directors of the Company 
in 
its meeting held today i.e. 01st September, 2021 inter-alia considered and approved the 
following matters: 
i 
Bs 
1. 
Notice of the 23r4 — General Meeting of the members of the Company to be held on 
Tuesday, 284 day of September, 2021 at Registered office-of the company at 2nd Floor, 
Aggar Nagar, Block B, Ludhiana, Punjab 141001 at 9.00 A. 
ial 
alat",ANMOL,nse,0.0
2021-08-16,,"   
- 
eT 
  
  
16"" August, 2021 
To 
To 
The Listing Department 
The Deputy Manager 
National Stock Exchange of India Ltd 
Corporate Services Department 
Exchange Plaza, C-1, Block G 
Bombay Stock Exchange Limited 
Bandra Kurla Complex, 
25"" Floor, PJ Towers 
Bandra (E) 
Dalal Street, Fort 
Mumbai- 400051 
Mumbai- 400001 
NSE Scrip Code: ANMOL 
BSE Scrip Code: 542437 
  
  
Sub: Disclosure under Regulation 30 of sheet 
Listing Obligations and Disclosure Requirements) 
Regulations, 2015 
= 
_— 
Dear Sir/ Madam, 
: 
Pursuant to Regulation 30 of the SEB! (Listing ¢ bligations and Disclosure | equirements) Regulations, 2015, 
   
  
  
  
  
please find enclosed herewith Investors Present 
30"" June, 2021. 
es 
WHE 
We request you to take the same 
on your 
record: 
  
  
  
  
  
Thanking You, 
= 
Yours Faithfully, 
es 
For Anmol India Limited 
> 
Q 
lack 
ur 
: 
Company Sécretary & Compliance Officer 
M. No. A26715 
Encl: As Ab",ANMOL,nse,0.0
2021-08-13,,"    
     
    
   
   
   
  
  
  
  
13"" August, 2021 
  
 
To 
To 
The Listing Department 
The Deputy Manager 
National Stock Exchange of India Ltd 
Corporate Services Department 
Exchange Plaza, C-1, Block G 
Bombay Stock Exchange Limited 
Bandra Kurla Complex, 
25"" Floor, PJ Towers 
Bandra (E) 
Dalal Street, Fort 
Mumbai- 400051 
Mumbai- 400001 
NSE Scrip Code:ANMOL 
BSE Scrip Code: 542437 
 
 
  
Sub: Publication of Unaudited Standalone Financial Results for the Quarter ended 30"" June, 2021. 
Dear Sirs, 
aah 
., 
Please find enclosed herewith copies of ne’ 
Results for the Quarter ended 30"" Jun 
“Desh Sewak” (Punjabi Newspaper) 
on Fi 
your records. 
     
     
     
\ 
advertisement 
of Unaudited Standalone Financial 
lished in “Final 
ial | 
ress” (English Newspaper) & 
** August, 2 
\ 
e 
est you to take the same on 
      
Thanking You 
Yours Faithfully, 
For Anmol India,Limited 
nal! Kau | 
Company Secretary & Compl",ANMOL,nse,0.0
2021-08-13,,"   
  
  
Se 
12"" August, 2021 
  
To 
To 
The Listing Department 
The Deputy Manager 
National Stock Exchange of India Ltd 
Corporate Services Department 
Exchange Plaza, C-1, Block G 
Bombay Stock Exchange Limited 
Bandra Kurla Complex, 
25 Floor, PJ Towers 
Bandra (E) 
Dalal Street, Fort 
Mumbai- 400051 
Mumbai- 400001 
NSE Scrip Code: ANMOL 
BSE Scrip Code: 542437 
  
  
  
Sub: Statement of Deviations or Variations under Regulation 32 OF SEBI (Listing Obligations and 
Disclosure Requirements) Regulations, 2015 
  
  
hued 
=e 
Dear Sir, 
i 
' 7h 
err, 
Pursuant to Regulation 32 of SEB! (Listing Obligations and Disclosure Requirements) Regulations, 2015, 
(LODR) we would like to inform you that the Company had 
issued and 
allotted 10,00,000 fully paid-up 
equity shares of face value of 
Rs. 10 each for cash at a price of Rs. 5, 
er equity share (including a 
Premium of Rs. 42.25 per equity 
share) a 
iting to Rs. 5.22 crores 
ferential b",ANMOL,nse,0.0
2021-08-12,,"   
12"" August, 2021 
  
  
To 
To 
The Listing Department 
The Deputy Manager 
National Stock Exchange of India Ltd 
Corporate Services Department 
Exchange Plaza, C-1, Block G 
Bombay Stock Exchange Limited 
Bandra Kurla Complex, 
25"" Floor, P J Towers 
Bandra (E) 
Dalal Street, Fort 
Mumbai- 400051 
Mumbai- 400001 
NSE Scrip Code:ANMOL 
BSE Scrip Code: 542437 
  
  
  
Sub: 
Disclosure 
under 
Regulation 
30 
& 
33 
of the 
SEBI 
(Listing 
Obligations 
and 
Disclosures 
Requirements) Regulations, 2015. 
eugtaeer 
Re: Submission of Un-audited Standalone Financial Results for the Quarter ended 30"" June, 2021 
  
   
Dear Sir, 
ae 
oe 
3 sales FE, 
soe 
In compliance with the provisions of Regu lat on 30 and Regulation 33 of the SEBI (Listing Obligation and 
Disclosure Requirements), 2015, we wish to inform you that the Board of Directors of the Company at 
their meeting held today i.e. 
12 
August, 2021 have approved 
th Un- audited St",ANMOL,nse,0.0
2021-08-12,,"   
12"" August, 2021 
  
  
To 
To 
The Listing Department 
The Deputy Manager 
National Stock Exchange of India Ltd 
Corporate Services Department 
Exchange Plaza, C-1, Block G 
Bombay Stock Exchange Limited 
Bandra Kurla Complex, 
25"" Floor, P J Towers 
Bandra (E) 
Dalal Street, Fort 
Mumbai- 400051 
Mumbai- 400001 
NSE Scrip Code:ANMOL 
BSE Scrip Code: 542437 
  
  
  
Sub: 
Disclosure 
under 
Regulation 
30 
& 
33 
of the 
SEBI 
(Listing 
Obligations 
and 
Disclosures 
Requirements) Regulations, 2015. 
eugtaeer 
Re: Submission of Un-audited Standalone Financial Results for the Quarter ended 30"" June, 2021 
  
   
Dear Sir, 
ae 
oe 
3 sales FE, 
soe 
In compliance with the provisions of Regu lat on 30 and Regulation 33 of the SEBI (Listing Obligation and 
Disclosure Requirements), 2015, we wish to inform you that the Board of Directors of the Company at 
their meeting held today i.e. 
12 
August, 2021 have approved 
th Un- audited St",ANMOL,nse,0.0
2021-08-10,,"   
09"" August, 2021 
  
  
To 
The Listing Department 
National Stock Exchange of India Ltd 
Exchange Plaza, C-1, Block G 
Bandra Kurla Complex, 
Bandra (E) 
Mumbai- 400051 
  NSE Scrip Code: ANMOL 
To 
The Deputy Manager 
Corporate Services Department 
Bombay Stock Exchange Limited 
25"" Floor, P J Towers 
Dalal Street, Fort 
Mumbai- 400001 
  
 
BSE Scrip Code: 542437 
  
Sub: Intimation of Revised Credit Rating 
Dear Sirs, 
= 
o 
ie 
| 
Cate 
Pursuant to Regulation 29 of the SEBI (Listi 
we hereby inform you that Credit Rating 
       
   
ing Obligations and Disclosure Requirements) Regulations, 2015, 
ign ned to the Company has been 
revised by the Credit Rating 
  
  
  
   
  
  
  
   
  
  
  
  
Agency i.e CARE Ratings Limited (‘CARE’) 
as 
nder: 
ian 
a0 
ies 
Facilities 
Amount (Rs. crore) [Ra 
Rating 
@« =<T | oie 
Rating Action 
Long 
Term 
Bank | 23.00 
| 
i 
CARE BBB; Stable Gap 
®: 
Revised 
from 
CARE",ANMOL,nse,0.0
2021-07-15,,"   
  
Date: 15"" July, 2021 
  
  
  
  
The Listing Department 
Corporate Service Department 
National Stock Exchange of India Ltd 
Bombay Stock Exchange Limited 
Exchange Plaza, C-1, Block G 
25"" Floor, P J Towers 
Bandra Kurla Complex, 
Dalal Street, Fort 
Bandra (E) 
Mumbai- 400001 
Mumbai- 400051 
NSE Scrip Code: ANMOL 
BSE Scrip Code: 542437 
pe SES Pa 
% > 
    
   
Sub: Certificate under Regulation 74(5) 
of 
the 
. EBI (Depositories and Participants) Regulations, 2018 
for the quarter ended 30"" June, 2021.0 
OS ei, 
   
  
   
Dear Sir/ Ma’am, 
i 
g 
Cie 
Tae Pi 
= 
In Compliance with Regulati 
of SEBI 
(Depositories ani 
forwarding herewith a copy o 
@ Certifica 
ed 
03"" 
Pvt Ltd, the Registrar and Share Transfer 
A 
Kindly take the same on yourrecord, 
  
Thanking You, 
For Anmol India Limited 
- 
oh 
Company Secretary & Compliance Officer 
M. No. A26715 
  
Encl: As Above 
  
ICH OFFICE: 
ae 
Office 
No. A-24, Kut",ANMOL,nse,0.0
2021-06-30,,"   
  
30"" June, 2021 
  
The Listing Department 
Corporate Service Department 
National Stock Exchange of India Ltd 
Bombay Stock Exchange Limited 
Exchange Plaza, C-1, Block G 
25'"" Floor, PJ Towers 
Bandra Kurla Complex, 
Dalal Street, Fort 
Bandra (E) 
Mumbai- 400001 
Mumbai- 400051 
 
 
 NSE Scrip Code: ANMOL 
BSE Scrip Code: 542437 
  
Sub: Closure of Trading Window 
Dear Sir/ Madam, 
   
    
   
  
  
ding) —— 
the Trading Window (closure 
Qm Thursday, 1* July, 2021 for all 
ler the Code. This is for your 
Pursuant to the SEBI (Prohibition 
of | 
period for dealing in the Company's Equit 
II remait 
the Designated Person(s) and 
latives, as defin 
information and records. 
he 
apa to 
u 
wun announcement/ declaration 
Further, the Trading Window will open u 
of the Un-Audited Financial 
Its Tat the 
yy the Company to the Stock 
Exchanges. The date of Boar 
  
  
    
We request you to kindly take Ng cameo 
apt = 
Thanking You, ",ANMOL,nse,0.0
2021-06-28,,"   
28"" June, 2021 
To 
The Listing Department 
National Stock Exchange of India Ltd 
Exchange Plaza, C-1, Block G 
Bandra Kurla Complex, 
Bandra (E), Mumbai- 400051 
Ref: NSE Scrip Code: ANMOL 
Sub: Regarding Submission of Financial Results for year ended 31.03.2021 
Dear Sir, 
  
   
     
This 
is has reference to your email dated 
ae 
ard 
prsubmission 
of board meeting 
id 
March 31, 2021. 
   
  
   
Hiiectared its Audited Financial 
held on 21st May, 2021. The 
ately after the conclusion of 
In this regard, we are pleased to inform | 
Results for year ended 31st March, 2021 
in 
it 
audited results were upload: 
on the SME 
p 
the said Board Meeting as p! 
he, Listing Gi 
attached for your reference _ 
‘records. 
ie ‘company had area 
Ct nvened 
Da 
    
   
  
ended 31st March, 2021. 
This is for your information and records. 
Thanking You, 
Yours Faithfully, 
For Anmohindia Limited 
roe 
an 
Company 
  
ecretary & Compliance",ANMOL,nse,0.0
2021-06-21,,"   
  
21* June, 2021 
  
  
The Listing Department 
National Stock Exchange of India Ltd 
Exchange Plaza, C-1, Block G 
Bandra Kurla Complex, 
Bandra (E) 
Mumbai- 400051 
NSE Scrip Code: ANMOL 
  
Corporate Service Department 
Bombay Stock Exchange Limited 
25% Floor, PJ Towers 
Dalal Street, Fort 
Mumbai- 400001 
  
BSE Scrip Code: 542437 
  
Sub: Submission of half yearly Disclosure on Related Party Transaction 
. 
Dear Sirs, 
In compliance with Regulation 23(9) of SEBI (Listing Obligation and Disclosure Requirements), 2015, we 
submit herewith the disclosure on Related Party Transactions on standalone basis for the half year 
ended 31* March, 2021. 
This is for your information and records. 
  
    
  
  
Thanking You, 
Yours Faithfully, 
For Anmol India Limited 
Q 
Parabhjot 
Weur 
Company Secretary & Co! 
arice Officer 
Encl.: As Above 
, 
REGD OFFICE; 
BRANCH OFFICE: 
BRANCH OFFICE: 
IInd Floor, 2/43, B-Block 
pice Ne A-24, nab Archad",ANMOL,nse,0.0
