Date,Stock,MKT,SMB,HML,Predicted_Return,Abnormal_Return
2023-03-29,0.044857134137834764,0.007609856589321451,0.009690431025082935,0.00041021531896648193,0.01506567213058132,0.029791462007253446
2023-03-31,-0.01804757596171158,0.016337198944623932,-0.005194928127462584,0.0005623199723364447,0.006619567536042762,-0.024667143497754344
2023-04-03,0.06488448457129703,0.002206297973761151,0.001449179423420821,0.0008321538493348897,0.002110610730924663,0.06277387384037236
2023-04-05,0.035564768199791263,0.009138954817361267,-0.00939786986104929,0.0003034317569341601,-0.004177507595838057,0.03974227579562932
2023-04-06,0.03181823698942532,0.002397874785437182,0.004087942754835261,-7.234032622705126e-05,0.004225499866364745,0.027592737123060575
2023-04-10,0.008321100036933204,0.0014148632219350699,0.0022456541957596166,7.917341435499198e-05,0.0015735293208279802,0.006747570716105224
2023-04-11,-0.0021844696825551457,0.005574768321964241,-0.0025568745480470945,0.0005568864409032555,0.0003905988987546013,-0.002575068581309747
2023-04-12,-0.018243736046336778,0.005083967961446945,-0.0006054067644654104,0.0012114689796925593,0.0026957298711844323,-0.02093946591752121
2023-04-13,0.025768109509408665,0.0008757724412713497,0.0027036614678450643,0.00194828859863476,0.0034079168399148837,0.02236019266949378
2023-04-17,0.061835687542028506,-0.006795512150830185,0.00931362965457716,0.002137140485206618,0.004214353202947772,0.05762133433908073
2023-04-18,0.01433123478698528,-0.0026373533282438855,0.010971452828456019,0.002200648776656577,0.009544662669140879,0.004786572117844402
2023-04-19,0.005382410353117484,-0.002344283016240789,0.00026372855203871115,0.0022304607172557406,-0.001638333550626214,0.007020743903743697
2023-04-20,0.003792062502829374,0.0003234746363958152,0.0012358435476282903,0.0020077793294293266,0.0014302099158063615,0.002361852587023013
2023-04-21,0.006666649712456563,-2.260708945023282e-05,-0.004060819161258444,0.002280731802459664,-0.004266012494218359,0.010932662206674923
2023-04-24,-0.04238406625346114,0.006771973756565242,-1.4675150425746963e-05,0.002082115858588152,0.005584009397110754,-0.047968075650571894
2023-04-25,0.01267863585796003,0.0014568576938982503,0.0013644118007185568,0.0020849469291982134,0.0025946901909947497,0.01008394566696528
2023-04-26,0.013658057590552719,0.0024958627615121465,-0.0003290595733569379,0.0023865470529300823,0.0019459544447410348,0.011712103145811684
2023-04-27,0.014147789925566645,0.005695152810193838,-0.0021917009268050958,0.0027542158192825406,0.002995614467038075,0.01115217545852857
2023-04-28,-0.003100075069120245,0.008370013603697934,0.002650579893883176,0.0026453702405987117,0.010320946624019205,-0.01342102169313945
2023-05-02,0.008884889096278492,0.004575166931912511,0.006509542760592124,0.002940184041519304,0.011543955619692748,-0.0026590665234142562
2023-05-03,-0.04117126832390161,-0.00318502836487633,0.003587735652714419,0.0024659900378934804,0.0014383723094204676,-0.04260964063332208
2023-05-04,-0.004592440102025419,0.009173717607303677,-0.0028807849304806066,0.00191165526881133,0.00437199748473144,-0.008964437586756859
2023-05-05,0.01614765369270632,-0.010232406865540389,0.0007945546200001097,0.0014546778203879266,-0.008446914911050258,0.024594568603756577
2023-05-08,0.03019300463314689,0.010814123118324304,0.001618440218889683,0.001588794121928844,0.010254889342863994,0.019938115290282898
2023-05-09,0.013221649625360321,8.480038171931881e-05,0.0003140797226277581,0.0013882248426997923,-0.00035256031040793484,0.013574209935768257
2023-05-10,0.004567183265840491,0.0026908205008338015,-0.0021226669933314124,0.0013667398405403913,-0.0007901515644481026,0.005357334830288593
2023-05-11,-0.008443373051388758,-0.0009882342854272697,0.004990242434040448,0.0011963192220059667,0.0035647467410192925,-0.01200811979240805
2023-05-12,0.0312227146069175,0.0009728797753729701,-0.005872552882676185,0.0009948336155854627,-0.006604495432297653,0.03782721003921515
2023-05-15,0.023078555222367347,0.004589120522186851,0.005209165135378058,0.0010695997131280463,0.008365342261634703,0.014713212960732644
2023-05-16,-0.049254989303532004,-0.006106338807060685,0.009402082001854661,0.001125934848767113,0.003915880271606022,-0.05317086957513802
2023-05-17,0.004353521308622321,-0.005728269488420423,0.003025937788397659,0.0012159327606485562,-0.0025026967398135546,0.006856218048435876
2023-05-18,0.03966193877898605,-0.002849053652701161,-0.004517432159089063,0.001318119636277826,-0.008056160587002151,0.0477180993659882
2023-05-19,-0.024181776483079842,0.0040513721791914925,-0.004100431501276813,0.0014554938704459675,-0.0016774997905771218,-0.02250427669250272
2023-05-22,0.005981601603981979,0.006097761825706316,0.00041925344175042234,0.001575190157619501,0.004994131537497766,0.000987470066484213
2023-05-23,0.034826914086520944,0.001834600568861644,0.0036061250642349663,0.0012052361807509478,0.0044650278031139615,0.030361886283406983
2023-05-24,-0.007182402573546853,-0.0034117947119577385,0.0014141120911024263,0.001001948030774243,-0.002486067240416926,-0.0046963353331299276
2023-05-25,0.03183127463477908,0.001955111686716471,0.004993871150204221,0.0006876525633961406,0.005553577525812089,0.026277697108966994
2023-05-26,0.0126202141671381,0.009726420827874671,0.0006250160961502882,0.0006862350341825269,0.00740961328102292,0.00521060088611518
2023-05-29,0.01918894629758916,0.005367798508963517,-0.0009397814407143823,0.0004034038089005968,0.0017994309494356769,0.017389515348153483
2023-05-30,-0.012616489132444397,0.0018925684396833287,0.0019141317073008146,0.00016797421953099363,0.0017057201294066204,-0.014322209261851017
2023-05-31,-0.026145037237730206,-0.0053370195013254795,0.008860961122071465,6.427972545919878e-05,0.002962574065834113,-0.029107611303564318
2023-06-01,0.0006055466036027912,-0.0025169624936233204,0.004571450336521621,-0.00033676575851616106,0.0003573058452613089,0.0002482407583414823
2023-06-02,-0.007060691472177694,0.002507044360454902,0.004831246410506029,0.0001352199181126148,0.00531225238275943,-0.012372943854937124
2023-06-05,-0.008126808532273211,0.003223787573137793,-0.0023410971684814097,-3.588334153520887e-05,-0.0019247202390441616,-0.006202088293229049
2023-06-06,0.006349884785515014,0.00027699431442118616,-0.0013145377843515327,8.00351768323142e-05,-0.003191761783350085,0.009541646568865098
2023-06-07,-0.014858528930708492,0.006849851638528914,0.001105945297254829,0.00021424006039402028,0.0050523709805977025,-0.019910899911306193
2023-06-08,-0.0320248554316479,-0.0049048192636628185,-0.004899698176250578,-5.454636578963159e-05,-0.011513264302021117,-0.020511591129626784
2023-06-09,-0.0004268227047531381,-0.00381819725413457,0.0026995242149880916,-0.00039789134028918414,-0.0027983544850971463,0.0023715317803440082
2023-06-12,0.007687311159052079,0.0020524046550352004,0.0059486355086726395,-0.0008064511434244563,0.005220219327034036,0.0024670918320180433
2023-06-13,0.009959763390141596,0.0061635024393194016,0.006223221402121393,-0.0004035287971917952,0.009357207439377912,0.0006025559507636842
2023-06-14,0.002727676637252374,0.0021238341844009856,0.00034162348748911775,-0.0001158989122688229,-5.5563587745097474e-05,0.002783240224997472
2023-06-15,0.001883242328180268,-0.0036149041015322014,0.0019548876445754093,-8.073588833265588e-05,-0.003119291641101771,0.005002533969282038
2023-06-16,0.00772762998393417,0.0073790483520230765,0.0008681925563478465,7.496594147485269e-05,0.005108856239422113,0.0026187737445120566
2023-06-19,-0.03398962465592614,-0.0037475183921172883,0.004491089872841081,-0.00046366014988091027,-0.0008850896960845989,-0.033104534959841544
2023-06-20,0.0015018170758975824,0.003265717567498605,0.003406644327573094,-0.0003296888769616386,0.003978471866139317,-0.002476654790241735
2023-06-21,0.0081405541052042,0.0021337637466720683,0.005383204524203489,-4.47174206590073e-05,0.005416078493007338,0.002724475612196863
2023-06-22,0.007012282335901343,-0.004539443817404343,-0.007516513939776592,-0.00036666602065236944,-0.014306463852797274,0.02131874618869862
2023-06-23,-0.013082906517618453,-0.005633615236065759,-0.00487949770494267,-0.0011694564587248065,-0.013176410431694766,9.35039140763129e-05
2023-06-26,0.014753017317844508,0.0013768299134766515,0.006428600221117575,-0.0013519714147112783,0.004641343314133834,0.010111674003710673
2023-06-27,0.00863885072316073,0.00675190341711196,-0.0005498550249107836,-0.001254897787147628,0.0017854195240520968,0.0068534311991086325
2023-06-28,0.005222477659874825,0.00822107281232487,0.0013263625118011824,-0.0005871801085151672,0.005670163183783623,-0.00044768552390879804
2023-06-30,-0.03553614136386851,0.01143527476356887,-0.002789918776691769,0.00019213049069535977,0.004716661056342528,-0.04025280242021104
2023-07-03,0.0,0.00695709243369369,-0.0053672015437771226,0.00033545298669175713,-0.0016676397592216465,0.0016676397592216465
2023-07-04,0.00904981652711645,0.003438946519135566,-0.005741095843332267,0.00044121107229540724,-0.004923300892939126,0.013973117420055576
2023-07-05,-0.01430710991769113,0.0004899685388621844,0.006877000919191634,0.00048365822096037357,0.006140921998241943,-0.02044803191593307
2023-07-06,0.012781632463999326,0.00509321758125636,0.0020922757843666595,0.00033452061210805786,0.004746896179884986,0.00803473628411434
2023-07-07,0.008342232933656435,-0.00848835445771845,-0.0010028693774287722,0.0003897292320666544,-0.009928382729327003,0.018270615662983436
2023-07-10,0.009970327254741784,0.0012466303397029588,-0.004009730000746781,0.0007069262387875974,-0.004657902724949009,0.014628229979690793
2023-07-11,-0.017643355215695045,0.004313930032438185,0.006275892806752781,0.0007626998811382994,0.008980366505724589,-0.026623721721419635
2023-07-12,-0.0168911889629072,-0.002834429471475497,0.00642005768817433,0.0002467852409426428,0.002629761435977077,-0.019520950398884275
2023-07-13,-0.026533302149828297,0.0015192303855748879,-0.010468268368026723,0.0001472786557710252,-0.011878033845663421,-0.014655268304164876
2023-07-14,-0.005138506498238216,0.007765114931427508,0.007636176716259158,0.0005477896416245392,0.013130281392595962,-0.01826878789083418
2023-07-17,-0.011228385665989826,0.007511013251041421,-0.005308335790780383,0.0004345955763313629,-0.0010436960544154355,-0.01018468961157439
2023-07-18,0.20031796364644516,0.001917706853032497,-0.0024141898630336556,0.0006855182728808067,-0.0024070592363702567,0.2027250228828154
2023-07-19,0.021759726756511055,0.004248282371482448,0.004074999894327913,0.0007767080361647117,0.0065835464370094425,0.015176180319501614
2023-07-20,-0.11759256433557586,0.007361412439498949,-0.005319345219600313,0.0009396812250460447,-0.0006955121775042384,-0.11689705215807161
2023-07-21,0.049317909734899024,-0.011719737128305097,0.008884734592808141,0.0008175932243312939,-0.0016527244214646917,0.050970634156363714
2023-07-24,0.03400001525878915,-0.0036794322929856182,0.005081846573193882,0.001071545456538292,0.0012806233663603358,0.03271939189242882
2023-07-25,0.0386847189649111,0.0004193703428323481,0.0036193631878509436,0.0011561831990205033,0.003242412604535674,0.03544230636037543
2023-07-26,-0.018621973664666003,0.004964339187534694,0.0006243192266972564,0.0010603187832812703,0.0037657118538880134,-0.022387685518554017
2023-07-27,0.049335833709313937,-0.0059863783008722304,0.011889495286438123,0.000396635393221347,0.005977091323518895,0.04335874238579504
2023-07-28,0.049728752946474275,-0.0007044597937843067,0.006521185727946022,-4.571504462817875e-05,0.004247094804319095,0.04548165814215518
2023-07-31,-0.01981046901457073,0.005484562836559181,0.007260746372598215,-0.00038129101951989717,0.009918115984699431,-0.029728584999270162
2023-08-01,-0.019859420699686492,-0.0010251191770254131,-0.0016128854141042037,-0.00040717359940545066,-0.005074064790813938,-0.014785355908872554
2023-08-02,-0.019903184530044915,-0.010489749274959825,-0.003476407439888307,-0.0007799169958185656,-0.01538235681454478,-0.004520827715500135
2023-08-03,-0.01994145912240608,-0.007420685416911321,0.008768927403501103,-0.0012370870470978642,-0.00013884824729998096,-0.0198026108751061
2023-08-04,-0.019973860386779063,0.006983389270114548,0.0009312428435819253,-0.0005963602532985778,0.004198161892492463,-0.024172022279271527
2023-08-07,-0.019999985467819892,0.004114401867602702,0.0001585305180447083,-0.0005053303784407528,0.0010472415484714846,-0.021047227016291376
2023-08-08,-0.019825081489569185,-0.0013497354646058168,0.002795867782589778,-0.0006895327201797419,-0.0009007863924673696,-0.018924295097101817
2023-08-09,-0.008526676632434005,0.003152707884763739,0.0017068731824674277,-0.0005444932972315205,0.0018580380653016205,-0.010384714697735626
2023-08-10,-0.004000015258789014,-0.004556268458015711,0.0056846870653363135,-0.0008678015899177957,-0.0006763161831211816,-0.003323699075667832
2023-08-11,-0.019879475480649944,-0.005874136161590715,0.0016139097582148487,-0.0014993461027538809,-0.006747425519984099,-0.013132049960665845
2023-08-14,-0.019873001299154036,0.00032169565781225984,0.00019583010161494663,-0.0017966507070590184,-0.003342702853342416,-0.01653029844581162
2023-08-16,-0.012332779069942679,0.0015667570139761278,-0.0006339788258693524,-0.0017386814521496668,-0.003128341047907024,-0.009204438022035655
2023-08-17,0.005291005291005346,-0.005124582584125403,0.008372567225199412,-0.002091338314046942,0.0005455777229012842,0.004745427568104062
2023-08-18,0.004210542377672599,-0.0028452826260957353,-0.0016108297017422002,-0.0026111149354243763,-0.00872127177295009,0.01293181415062269
2023-08-21,0.016771472206811966,0.0043215209131937105,0.0030415600020250455,-0.0018484921871240567,0.003014732206917706,0.01375673999989426
2023-08-22,0.01443300542143211,0.00014693555773015454,0.00950091801091446,-0.0014975157067525261,0.00675515510250676,0.0076778503189253505
2023-08-23,-0.002032566814382797,0.0024515199000461063,0.004133881283853613,-0.0013473035854098814,0.0030936816224383865,-0.005126248436821183
2023-08-24,-0.004073257728258395,-0.002946964680621278,0.007400217205524973,-0.00166220989347927,0.0017482208528298495,-0.005821478581088244
2023-08-25,-0.019836425162272797,-0.006236153774081932,-0.0035967188868963884,-0.0016597130959271475,-0.012781682493622723,-0.007054742668650074
2023-08-28,-0.019820587458599825,0.002089194238900971,0.002578929911493333,-0.0015967996731682883,0.0008852847244792188,-0.020705872183079045
2023-08-29,-0.019795664415443115,0.0018957584743610756,0.0013824535203266208,-0.00176605179317663,-0.0007203874300314731,-0.019075276985411643
2023-08-30,-0.019978245042073906,0.0002480956863764039,0.008393274274560492,-0.0016527961852271825,0.005505606275134154,-0.02548385131720806
2023-08-31,-0.019942421993753623,-0.004840350603388277,0.002814602229503693,-0.0012850371696851142,-0.0043875347834378495,-0.015554887210315773
2023-09-01,-0.019896022546301406,0.009426710188917609,-0.002456160629812354,-0.0004856150319001459,0.002733699605430311,-0.022629722151731715
2023-09-04,0.049826987853334614,0.004810833701642592,0.0010902903608076553,-0.0007561703597455004,0.002388473532035622,0.047438514321298995
2023-09-05,0.018237790851817426,0.0023605960187407238,0.0074036928159151305,-0.0009468405400698543,0.006901285186301558,0.011336505665515868
2023-09-06,-0.04466982494622673,0.0018467726478093027,0.0009510047721255077,-0.0007835879343286666,-0.0002784576251496141,-0.04439136732107712
2023-09-07,-0.010616697895712401,0.005915032360780392,-0.0014554880572932305,-0.0006413305425521838,0.0007029118527892376,-0.011319609748501639
2023-09-08,-0.041780777356932086,0.004709190366575022,0.0062579810173155614,-0.00022114687102554778,0.008347329855554569,-0.05012810721248666
2023-09-11,0.032642337194142446,0.008900143420050854,-0.0021602974176169187,0.000308982982696813,0.003371799542875373,0.029270537651267074
2023-09-12,-0.0016151290857815415,-0.0001575482868895195,-0.02876625374767916,0.00041063072944360073,-0.03261436425170872,0.03099923516592718
2023-09-13,-0.023803992798712037,0.003841345269944396,0.002170176735281082,0.00039787908120765265,0.0038388900074137105,-0.027642882806125747
2023-09-14,0.006391965727691851,0.001649208239910216,0.009511871223125468,0.0007635104445359068,0.01020396668575798,-0.0038120009580661293
2023-09-15,-0.015760954961175022,0.004439613877174287,0.00014482052840092408,0.0010893244341910375,0.0028394363355273705,-0.018600391296702393
2023-09-18,-0.031309784142292574,-0.002924316846098174,-0.0005477299460477925,0.0007001137633713406,-0.004465871802813303,-0.02684391233947927
2023-09-20,0.01998523063624602,-0.011518249945432046,0.01144927450776223,0.00021493173336933533,0.000681328317639432,0.01930390231860659
2023-09-21,0.021770718978155745,-0.007991939166498319,4.001339356851652e-05,-0.00015109506862496982,-0.0089152340726703,0.030685953050826047
2023-09-22,0.039535939928635244,-0.003449417659114995,0.0027887256899779,-6.195699612539739e-06,-0.0020162411198079246,0.04155218104844317
2023-09-25,-0.02186288061509145,1.5288066889551644e-05,0.009184443675566145,0.00044313947152662314,0.008172076856555096,-0.03003495747164655
2023-09-26,0.011175774940858973,-0.0005007261720755274,-0.003460275475697161,0.0005125767999052048,-0.005725630782541473,0.016901405723400445
2023-09-27,0.0016117820477168365,0.002631619198663282,0.006048814130813263,0.0006214610567041553,0.007187443372682168,-0.0055756613249653315
2023-09-28,-0.0009195612764906214,-0.009783629666773708,-0.007492184093415011,0.00034025105881180424,-0.018008761168765677,0.017089199892275055
2023-09-29,-0.018177656055441416,0.005877516917168757,0.007917211803495361,0.0007863519618678799,0.012073751712367832,-0.030251407767809248
2023-10-03,-0.010077255892442571,-0.005578424654468894,0.00522956974463884,0.00021395592362730885,-0.000982251690056508,-0.009095004202386063
2023-10-04,0.014441211444488733,-0.004744307271330683,-0.008927702798850023,-0.00032620191146115105,-0.01594982556598798,0.030391037010476712
2023-10-05,-0.024737400147958666,0.005641584105285702,-0.005204860941540268,-0.00023540173656028118,-0.0031486716952855154,-0.02158872845267315
2023-10-06,0.03517581655423396,0.0055127073660514725,0.0023273996389825413,-7.208462287506084e-05,0.0049600963862030415,0.03021572016803092
2023-10-09,-0.041839982173388135,-0.00718194675884698,-0.003910666746439362,-0.000654474957400238,-0.012945952566015044,-0.02889402960737309
2023-10-10,0.049939678087413064,0.00909680297624016,0.004288313023193879,-0.0005613872034280691,0.009600578956380525,0.040339099131032535
2023-10-11,0.0498620897546016,0.006170692128707245,-0.0027908435997450187,-0.0006712860546165785,-0.0005399170013094383,0.05040200675591104
2023-10-12,0.01860368383380684,-0.0008757409120068171,0.004214085407789447,-0.0005674164498216394,0.0011326672702441408,0.0174710165635627
2023-10-13,0.007735294440689433,-0.0021698099802970328,0.00048690556398522933,-0.0007998489317782187,-0.004166958102712397,0.011902252543401829
2023-10-16,-0.007889184105417724,-0.0009772027556287366,0.002886617717704487,-0.0008440780627699798,-0.0006391539622971803,-0.007250030143120543
2023-10-17,-0.0025789584146337363,0.004041709427698992,-0.0020028903800990427,-0.0008086449017137454,-0.0016184157556508446,-0.0009605426589828917
2023-10-18,0.018961453803243433,-0.007086812741337156,-0.004041798694616627,-0.0010939851029251602,-0.013428960458630996,0.03239041426187443
2023-10-19,-0.002326086027108598,-0.0023588102112444,0.0019342674787933278,-0.0006580234842447982,-0.002640662444010879,0.00031457641690228093
2023-10-20,-0.01759223878096572,-0.004180896084593599,-0.012407932903693797,-0.00039080022302579636,-0.019262445684990873,0.0016702069040251538
2023-10-23,-0.024163947545976727,-0.013350307425555652,-0.004814015546808492,-0.0005806006011296568,-0.019026535931418766,-0.0051374116145579615
2023-10-25,-0.0059694994582421,-0.008277236732921023,0.0016526865818741188,-0.0009570458672527055,-0.008204418156047751,0.0022349186978056507
2023-10-26,-0.007784663728829355,-0.013853064912347501,-0.0018293119576313632,-0.0014055193856235843,-0.017048583895458626,0.009263920166629271
2023-10-27,0.05088546125769233,0.010075700327460302,0.002785734481591362,-0.0011098342873654189,0.008288138797991574,0.04259732245970076
2023-10-30,0.0021330732048363554,0.004916740769664862,-0.00591374074151807,-0.0004738467646549948,-0.004745809462238117,0.006878882667074472
2023-10-31,0.06555985230024697,-0.0032026069828995363,0.007444085617354657,-0.0010493053311927476,0.0021696759436053,0.06339017635664167
2023-11-01,0.05633239347709651,-0.004740624572936891,0.0029518384401187037,-0.0010520830078490546,-0.0039328347224387205,0.06026522819953523
2023-11-02,0.013993907882420942,0.007588523257266999,0.008390208652566455,-0.00044552704787171146,0.012833486383693384,0.0011604214987275575
2023-11-03,0.014919792111089292,0.005087980838331285,0.0025508093362609507,-0.0004894335273982419,0.004440801676247103,0.010478990434842189
2023-11-06,0.013414248098048809,0.00941990339899168,-0.0032756321669895616,-0.00047356770681118986,0.0018626715085145213,0.011551576589534287
2023-11-07,0.0009066044547085816,-0.000260191958478706,0.002215230533250012,-7.059830273873545e-05,-1.1065938280308682e-05,0.0009176703929888903
2023-11-08,0.021557945838072134,0.0018962926582819506,0.006693494212646645,-0.0005381665039082735,0.006144042046422095,0.01541390379165004
2023-11-09,-0.0193296712960771,-0.002478937369815082,0.007130686636929395,-0.0010272346253639838,0.002463841030736441,-0.021793512326813543
2023-11-10,-0.003435779915556547,0.001549283945833313,0.0035742558123736945,-0.0009264431872723281,0.002141165467946184,-0.005576945383502731
2023-11-13,0.09471967270714621,0.0009369804014345284,0.004199206499867714,-0.0007606073913100568,0.0024546944544158477,0.09226497825273036
2023-11-15,-0.018398816122365713,0.011926753508604282,-0.003227505535489561,-0.0003995985129772339,0.004092501857585693,-0.022491317979951405
2023-11-16,-0.027186770975423658,0.004561522280999375,0.003965003300609338,-0.0004970546187638,0.005504230536828122,-0.03269100151225178
2023-11-17,0.01735809736860716,-0.0016897597201204206,0.004224471280421582,-0.00012701395714772765,0.0008830489729845065,0.016475048395622655
2023-11-20,-0.008019130111049932,-0.0019157289123818977,0.003121026413911876,-7.048215103606836e-05,-0.00043329465732311307,-0.007585835453726819
2023-11-21,0.005675986145838197,0.0045394734754240496,-0.0016241560565581903,0.00033073710070851504,0.0003009519004959269,0.00537503424534227
2023-11-22,-0.0006841271539631544,0.0014380348265852216,-0.00249616033270339,0.0009970708881954504,-0.002598369752573797,0.0019142425986106424
2023-11-23,-0.019852812619433724,-0.0004971574875239915,0.0020420722955961645,0.001290424912356003,0.0009132830815796827,-0.020766095701013405
2023-11-24,0.010302080458738816,-0.00036868908443588033,-5.768719565235614e-05,0.002005608425807198,-0.0005378624568660371,0.010839942915604852
2023-11-28,0.01624608739704736,0.004799264638990497,0.0015870183224699907,0.0016933948719732176,0.005265907017338676,0.010980180379708684
2023-11-29,0.00459184457937023,0.010402389113554511,-0.003570363615594152,0.001798439065381398,0.004558018016697936,3.3826562672293996e-05
2023-11-30,0.00812594455249993,0.0018187545137213768,0.0053466111095334945,0.0019385220549272832,0.007019314021581688,0.0011066305309182425
2023-12-01,0.009907643327402571,0.0066929416105065975,0.004281960846099775,0.002555763173739641,0.010570760426053654,-0.0006631170986510834
2023-12-04,0.013801161281646879,0.020668169003769332,-0.010132663283026755,0.002945456539362645,0.007268100638339092,0.006533060643307787
2023-12-05,0.0060685406671621145,0.008135565760247543,-0.004637648989606724,0.003001586289766678,0.0026675165346110204,0.003401024132551094
2023-12-06,0.003912645547273774,0.003960643244200535,-0.0006547253286832699,0.0026933921054206,0.0031238067920580587,0.0007888387552157155
2023-12-07,-0.00779479283307738,-0.0017455990623970186,0.008263823211863808,0.0027467989406109745,0.007922102783100989,-0.015716895616178367
2023-12-08,0.0029459952482981944,0.003265370504707432,-0.0038195537883036756,0.0028393164972967087,-0.0007068823560437688,0.0036528776043419633
2023-12-11,0.042428236628763605,0.001320935183362959,0.0034714476261605842,0.003155630262233742,0.005764735129415316,0.036663501499348286
2023-12-12,0.0025046938750283854,-0.004319607014175553,0.0016115740761803998,0.0029315533596880657,-0.001182249630053274,0.0036869435050816595
2023-12-13,0.0028107480106569493,0.0009542158562574343,0.012104727209637955,0.002980533955990661,0.014526310295609106,-0.011715562284952156
2023-12-14,0.015882849948274158,0.012250087289956912,0.0021972359577182576,0.002820019327557514,0.013265286580673236,0.0026175633676009218
2023-12-15,-0.0013794656780730108,0.012932779200891975,-0.010729096812090333,0.0030970294181568497,0.00027344914635016624,-0.001652914824423177
2023-12-18,0.0021488777646894164,-0.0017710126840955187,0.0025193232515687836,0.003073745033924717,0.0020681322399691304,8.074552472028601e-05
2023-12-19,-0.005207596301385453,0.0016083748565725031,-0.006321063661083093,0.0030311731423390276,-0.00459200510208875,-0.0006155911992967028
2023-12-20,-0.0509622434814192,-0.01412146609423337,-0.018060814831342253,0.002200284945985074,-0.0311755154053757,-0.0197867280760435
2023-12-21,0.012167423871291438,0.004959794076523361,0.011349888198556313,0.0022362193795546752,0.016369804149627527,-0.004202380278336089
2023-12-22,-0.015226811544048147,0.004438926556610712,0.0013073680087110073,0.0024092962735993914,0.005352216591533383,-0.02057902813558153
2023-12-26,0.016601570321654657,0.004306875934107168,0.0009430355049673267,0.0025629478227568317,0.004999115751798901,0.011602454569855756
2023-12-27,0.012327897359112994,0.0099527499207277,-0.006783552683639282,0.002698603241475951,0.0016073681335260247,0.010720529225586969
2023-12-28,0.027676796257578573,0.005723881307796219,0.0035257228323188894,0.002206219334945205,0.00861082486829938,0.019065971389279193
2023-12-29,0.006463498726497097,-0.0021717930740454694,0.008194959270352742,0.0021408471220770997,0.006907451329732324,-0.00044395260323522746
2024-01-02,-0.025439681597380526,-0.003500136051024061,0.0075624880013223095,0.0005001805844729312,0.00353634207913566,-0.028976023676516187
2024-01-03,-0.016757990533576295,-0.00685186637566948,0.008954401982112947,-4.0966847640333494e-05,0.0016880074239708522,-0.018445997957547148
2024-01-04,-0.005571946083861912,0.006564470186349425,0.01075738528910053,7.169511912881173e-05,0.01500312261661952,-0.02057506870048143
2024-01-05,0.0032959914623202913,0.002410182228605562,-0.0019382747665961375,0.00011961536722139847,-0.0020280342335048376,0.005324025695825129
2024-01-08,-0.010019720756395345,-0.00911070868564301,-0.00355499492751965,-0.0001957300645980709,-0.013745478559059597,0.0037257578026642525
2024-01-09,0.010121131669462047,0.0014804820050666745,-0.004339548862719922,-0.00010958255478554215,-0.0055994574858518244,0.015720589155313873
2024-01-10,-0.00689884980738853,0.0034277152411805734,-0.0047255444628301335,0.0002060592887624742,-0.004072164458342304,-0.0028266853490462257
2024-01-11,0.006946774561735758,0.0013183031833516878,0.0013865312101006833,0.0001661284357230416,0.0006566619335959281,0.00629011262813983
2024-01-12,-0.010676766006486371,0.011426492637705898,-0.00523665100952897,-8.177955344508634e-05,0.0018276990165896898,-0.012504465023076061
2024-01-15,0.018263362065061628,0.009267074694848665,-4.944286291497235e-08,-0.00035215419986641327,0.005356066913083444,0.012907295151978183
2024-01-16,-0.022501239636625425,-0.0029482333845447517,-0.00200075187457871,-0.00047999155750208153,-0.007175658783608079,-0.015325580853017346
2024-01-17,0.005838172971925237,-0.020894393512082443,0.007927324375691991,-0.0012962035875875282,-0.012421952587178075,0.018260125559103314
2024-01-18,-0.015257017920157434,-0.0050852715087356115,0.009281842763281145,-0.00082932093457694,0.002765229108219328,-0.01802224702837676
2024-01-19,0.005557393237141994,0.00746195718645537,0.006433111108635758,-0.0010510838559471898,0.010050533126012517,-0.0044931398888705225
2024-01-23,-0.03500251523419273,-0.01774084294273448,-0.014027653808832308,-0.002002345560750892,-0.033943574016059574,-0.0010589412181331581
2024-01-24,0.026379737694208094,0.010129971071150878,0.01340817118612403,-0.002110908070290346,0.018737824039778115,0.007641913654429979
2024-01-25,0.0003381883322639556,-0.004724053755400193,-0.003976040104624601,-0.0025980856860490656,-0.012818933175268615,0.01315712150753257
2024-01-29,0.006761351029590967,0.018030591452244726,0.004915013131403301,-0.002201314356869638,0.01620368745275437,-0.009442336423163403
2024-01-30,0.01863661467529898,-0.009913698102483215,0.004933545096296954,-0.002476558089631797,-0.007530480202283969,0.02616709487758295
2024-01-31,0.016812271115013377,0.009460025419002926,0.0012439117881211104,-0.0022643929089079494,0.00501047766769625,0.011801793447317127
2024-02-01,-0.01912790292501143,-0.0013003033741542103,-0.0053991080039758055,-0.0020062541645407697,-0.010894656672190382,-0.008233246252821048
2024-02-02,-0.007932565783356105,0.007205988175093214,0.0022808378470948742,-0.0013386615592820008,0.005115600096871895,-0.013048165880227999
2024-02-05,0.01915711393076891,-0.0037568550808078083,0.006857641360296762,-0.0016351151813098707,0.0005129076858634122,0.0186442062449055
2024-02-06,0.0022883195317113803,0.007243402101531293,0.00464345876825778,-0.0015185140886637507,0.007502263567633168,-0.005213944035921788
2024-02-07,-0.05169599127073832,5.014315737827957e-05,0.004847779510263273,-0.001029702338164292,0.002144483255328798,-0.05384047452606711
2024-02-08,0.005846950020054198,-0.009692017110872975,0.010969747387458373,-0.001468109298276976,8.47924974786111e-05,0.0057621575225755865
2024-02-09,0.01008719671152103,0.0029722318898448563,-0.01069338109235074,-0.001514599264910621,-0.012495706429342555,0.022582903140863586
2024-02-12,-0.03486799779021332,-0.0076414194307357075,-0.01125912739457724,-0.0018196120650788201,-0.022315994763415236,-0.012552003026798087
2024-02-13,0.004033664335143072,0.005884480011507653,-0.001528556548901605,-0.001996008138103789,-0.0007036839117934127,0.004737348246936485
2024-02-14,-0.02165941796448556,0.004451992284961959,0.005659084273421211,-0.002234936758664167,0.005553712707709311,-0.02721313067219487
2024-02-15,0.0035708046586846454,0.0032371361888359207,0.006783717314769566,-0.0020077832118110726,0.005954411484108881,-0.002383606825424236
2024-02-16,-0.020103135951306528,0.005930843022260657,0.0027687632337918267,-0.0007972975840046265,0.005086460131753874,-0.0251895960830604
2024-02-20,-0.039845308509154354,0.0033766555730090353,-0.007042387316311682,-0.0005806179168141986,-0.007350775865669921,-0.03249453264348443
2024-02-21,0.0070039871634870465,-0.006392700010330099,-0.005796244162474484,8.504827185278887e-05,-0.013589067359870583,0.020593054523357628
2024-02-22,0.0,0.0073633218581414805,0.003379781306741103,-0.00018215103784063706,0.007535955746587649,-0.007535955746587649
2024-02-23,-0.0121717434997749,-0.0002137959201901074,0.007394024942469435,0.00012691286323954394,0.005759541832460368,-0.01793128533223527
2024-02-26,-0.010385497946234445,-0.004080928508836235,-0.0019138520743331444,-0.0007372745077746582,-0.008282202869607725,-0.0021032950766267204
2024-02-27,0.022234079915666838,0.003448994348646428,-0.006736340375473104,-9.631054913359369e-05,-0.006496743786867458,0.028730823702534297
2024-02-28,-0.02418652096961682,-0.011135927809948543,-0.011380675459136236,-0.0008289603869069148,-0.024430800669627925,0.00024427970001110466
2024-02-29,-0.017296740175318237,0.0014418556686905948,0.007927895171174981,-0.0003714138791800288,0.007243305957045503,-0.02454004613236374
2024-03-01,0.0001814248126015272,0.016192168700068565,-0.005116098153206128,-5.6381568594945095e-05,0.00598703774092529,-0.005805612928323762
2024-03-04,-0.0005442449179642317,0.0029925402887358565,0.00842271755831403,0.00029722324913998284,0.009719264285097432,-0.010263509203061663
2024-03-05,0.002359794295791584,-0.00220029050703785,-0.002615914896949567,-0.00016738319054446032,-0.006904603205783983,0.009264397501575566
2024-03-06,-0.023542249601950616,0.005266971542034149,-0.01050320995870313,6.0098211399554295e-05,-0.008848998140590945,-0.01469325146135967
2024-03-07,-0.009829354549238833,0.0008676673462120199,0.001475035652901191,0.00059563689820632,0.0007856108632989915,-0.010614965412537826
2024-03-11,-0.06368229537460623,-0.007153178801771132,0.001991296579893387,0.00013659256008544682,-0.0058455277916309965,-0.057836767582975235
2024-03-12,0.017803547904896355,0.0001365188668460693,-0.011457940958676027,0.0005391177581213916,-0.013722515200130734,0.03152606310502709
2024-03-13,-0.10613210323344324,-0.015132725270416536,-0.023517206398751322,-5.53622966352604e-05,-0.04003341937880545,-0.0660986838546378
2024-03-14,0.1068601728071299,0.006771215952804832,0.00976904993863692,0.00016329160755833576,0.014207404139546083,0.09265276866758382
2024-03-18,-0.04707983561185847,0.0014688778023679294,-0.012288920151749538,-0.00043443767762023626,-0.014427991157737654,-0.03265184445412081
2024-03-19,-0.041692723558589995,-0.010802196640288697,-0.0058062044090397835,-0.0012148691076143562,-0.018556309899259067,-0.023136413659330928
2024-03-20,-0.02827937823008675,0.0009923428906801757,-0.0015122975812025263,-0.0012679605553000794,-0.0040983736329333826,-0.024181004597153367
2024-03-21,0.01656596616968864,0.0079146856998078,0.017537813119675505,-0.0006105205888464693,0.022737560479068504,-0.0061715943093798645
2024-03-22,-0.0024223873754941616,0.0038524885010076115,-0.002007387717358977,-0.0007784891328181701,-0.0017532835668855544,-0.0006691038086086073
2024-03-26,-0.039514369661686866,-0.00416580634029895,0.014979756276375156,-0.0007407803828065015,0.009720420276868206,-0.04923478993855507
2024-03-27,-0.029418497556305323,0.005405716783151604,-0.006448443577135254,-0.0002611453761296993,-0.004702412848039627,-0.024716084708265695
2024-03-28,-0.009708734356060011,0.009187001078543977,-0.004250154909567705,-0.0001635582755113126,0.000922212505136394,-0.010630946861196405
2024-04-01,0.09325685208844181,0.006050979178091831,0.01214290759047354,0.0006029902843760538,0.0165650198615632,0.07669183222687861
2024-04-02,0.02952752489231747,-0.0003872860275131451,0.011278476089982892,0.00045965236584068485,0.01009032314540878,0.01943720174690869
2024-04-03,0.03909071945012599,-0.0008306302403686683,0.003218833660196374,-0.0004918415167695237,0.00017827399117402153,0.038912445458951964
2024-04-04,0.01942344645068972,0.003565912488363576,-0.0046191782630338185,-0.0004131969451550403,-0.004437687647207951,0.023861134097897668
2024-04-05,0.018652232125779378,-4.224679746289706e-05,0.002710550180447302,-0.0002644209425751517,0.0005157706829852854,0.018136461442794093
2024-04-08,-0.00984445739293427,0.006778164752814453,-0.008298372831295198,-0.00045367583934376084,-0.005713465932170395,-0.004130991460763875
2024-04-09,-0.03380395171984507,-0.0010390218270411866,-7.152409107979985e-05,-0.0005070185674712901,-0.0035324026774311156,-0.030271549042413956
2024-04-10,0.010495952252143503,0.0049044741142307835,0.006310206433068899,7.125143044463538e-05,0.008848550449772993,0.00164740180237051
2024-04-12,-0.02627285419387515,-0.010301592814249916,0.006836508510452144,-0.00025698922031680376,-0.0036857830349676696,-0.02258707115890748
2024-04-15,-0.026145157165762156,-0.010963897188301042,-0.0038270723731101963,0.0003246253475557533,-0.015093967114788677,-0.01105119005097348
2024-04-16,-0.006658104900075124,-0.005594325260972033,0.00011797508020150449,-4.5961713869411645e-05,-0.006715330487487216,5.7225587412092216e-05
2024-04-18,-0.008432419235641864,-0.0068652458503182245,0.0011662014776110396,-4.556703392316248e-05,-0.006661581324055352,-0.001770837911586512
2024-04-19,-0.07675535130649636,0.0068717686886063944,-0.013564197713276771,-0.00023819185962271986,-0.01106236490796118,-0.06569298639853517
2024-04-22,-0.0007085210011517074,0.008551965982977361,-0.002241045531289565,0.0005022289800120335,0.003178558713686526,-0.003887079714838233
2024-04-23,0.004726942608147544,0.0014147135985376202,0.005850732952398907,0.0006241349085368683,0.0059551518717574645,-0.0012282092636099204
2024-04-24,-0.005645680386864749,0.0015379287654238016,0.007253340922755758,-1.6015799984969736e-05,0.006944011157920448,-0.012589691544785196
2024-04-25,0.0,0.0074969296067168845,-0.0029975262513031176,0.00021009027970772716,0.0012012976407888537,-0.0012012976407888537
2024-04-26,-0.051573226438784814,-0.006663626980883297,0.015178193999828116,0.00011752546810322821,0.008658543320536987,-0.060231769759321804
2024-04-29,0.009229207544936502,0.00996662256880243,-0.0050103940925985135,0.0004799702387764744,0.0013828841317758394,0.007846323413160662
2024-04-30,-0.013840770421783333,-0.00170251731563964,0.0023278656370006034,-0.00020135869404676592,-0.0012286688885528715,-0.01261210153323046
2024-05-02,0.0017543782493045779,0.0019177127972140884,0.003851231800368504,-0.0002823168027275058,0.0033666658905769217,-0.0016122876412723438
2024-05-03,-0.018013540122940763,-0.007609859296553445,0.003797634425267371,-0.0005382862008062001,-0.004945492175399225,-0.013068047947541538
2024-05-06,0.0025477318247413283,-0.0014749338156797576,-0.0007344500021633227,-0.00042581934639220515,-0.004530111793828794,0.0070778436185701225
2024-05-07,-0.014739467315071475,-0.006246985595782073,-0.013759441612429146,-0.0008749620753499166,-0.02291095473438374,0.008171487419312264
2024-05-08,-0.016249704943944066,0.0,0.00978040558731097,-0.0007521263671179169,0.007647519473142281,-0.023897224417086346
2024-05-09,-0.013896140214431196,-0.01546911781190452,-0.0027138029396298613,-0.0016058361458658188,-0.01954610155854036,0.005649961344109163
2024-05-10,-0.02632283069398078,0.0044494691449390444,0.006764104595283982,-0.0015671030348636743,0.007376263081390289,-0.03369909377537107
2024-05-13,0.006553841765894353,0.0022149680905385605,0.008920943002462378,-0.0016889572727265137,0.007688780859716554,-0.0011349390938222015
2024-05-14,0.030385211973388504,0.005148324587705533,0.001844351262875854,-0.0011296238029360954,0.003119926708787204,0.0272652852646013
2024-05-15,0.016587706048143414,-0.0007786004689536163,0.0077967716611691,-0.0005093076256277029,0.005103926111866851,0.011483779936276563
2024-05-16,-0.04014501975027118,0.009157377676264788,0.00026243769877742906,0.00014985443137909102,0.0060274943949524115,-0.046172514145223595
2024-05-17,0.008904425367756374,0.0027785403439750667,0.005438492592123811,0.0006396870051747698,0.006675382128466551,0.002229043239289823
2024-05-21,0.023268225356688044,0.002802051667603722,0.004039039281976686,0.0004883476767022517,0.005052096930668247,0.018216128426019797
2024-05-22,-0.013852556261054083,0.0030516154749500313,-0.002771098907499825,0.00022413670685636494,-0.002279527638624661,-0.011573028622429423
2024-05-23,-0.00795121231646756,0.01636661960848307,-0.012340886124424966,0.0007552326067624034,-0.0008168618695294939,-0.007134350446938066
2024-05-24,-0.006144791353488777,-0.0004593757337192361,-0.0005489604888916366,0.000556478643861737,-0.00253334399228338,-0.0036114473612053966
2024-05-27,-0.00645165789098312,-0.0010737589261899938,0.009332812108855393,0.0002685622302885845,0.007247532039802401,-0.013699189930785522
2024-05-28,-0.014339794167352538,-0.0019317094176221072,-0.006121038003532919,0.0005337900000755106,-0.009755283582429197,-0.004584510584923341
2024-05-29,0.0021959378448332956,-0.008015115627261094,0.0061807521376072705,-0.0002997271244205846,-0.002506628326645356,0.004702566171478652
2024-05-30,-0.007395142576798297,-0.009515599658179275,-0.007355118524031368,-0.00047430467476713793,-0.018420109309899818,0.011024966733101521
2024-05-31,-0.004691003746381983,0.0018697799732139142,0.0017853611313969342,-0.0006934631123531876,0.000720369910049763,-0.005411373656431746
2024-06-03,-0.00027719217127242235,0.03254231769535276,0.00041724516878871576,0.00079580470346442,0.026471155750580736,-0.02674834792185316
2024-06-04,-0.10510262815282445,-0.05929359941641077,-0.018272672911750387,-0.000837032441297475,-0.07229368349705578,-0.03280894465576867
2024-06-05,0.08459868309606833,0.033624236760035675,0.016810801796522945,0.0006460004019717487,0.044778782657964124,0.039819900438104204
2024-06-06,0.012285723005022398,0.008888049244237806,0.009643626999346289,0.0009055972016623782,0.016566391137423742,-0.004280668132401345
2024-06-07,-0.009596391466534127,0.020539931466807104,-0.005045058001265534,0.00245150033351841,0.012129387173625921,-0.021725778640160048
2024-06-10,0.009119398501929554,-0.0013289382574128705,-0.001640510758468161,0.0021991900567945623,-0.0028525992166459446,0.0119719977185755
2024-06-11,0.011013820709658617,0.0002429314342191624,0.008068068741860834,0.001977319720045421,0.008644173872443072,0.0023696468372155447
2024-06-12,0.024022363929585788,0.002497312914139238,0.011572764355126441,0.0018054225689122204,0.014124117902188336,0.009898246027397452
2024-06-13,-0.015548273245954647,0.0032564994745150067,0.005596460842199891,0.0017006904870034588,0.008266494411724818,-0.023814767657679467
2024-06-14,0.024106370967204915,0.0028505279152657437,0.0065945688402049285,0.001450692799579158,0.008752879284201447,0.015353491683003468
2024-06-18,-0.015692587411374803,0.003933450786960613,0.00044376822295655316,0.00135008966482378,0.0029846274060806315,-0.018677214817455434
2024-06-19,0.0024738908726082975,-0.0017786131162043084,-0.007752165493778662,0.0011751812742762493,-0.01075522082960926,0.013229111702217558
2024-06-20,0.0002741519385398572,0.0021687361796223215,0.00907583897384856,0.0009148550958446799,0.010319625236767648,-0.01004547329822779
2024-06-21,-0.010690772876707388,-0.00279629951309035,0.0032573598906757706,1.9853179828851044e-05,-0.0009407241941282317,-0.009750048682579157
2024-06-24,0.0027708083596094113,0.00156375661610908,0.003803093125036572,0.00022685861538191223,0.003507275508842012,-0.0007364671492326009
2024-06-25,-0.011881744169463193,0.007793879853915442,-0.010837032716454975,0.0006045506985053869,-0.006558579576699349,-0.005323164592763844
2024-06-26,-0.0016777841557565898,0.006218040121837909,-0.010330430449261407,0.0008389740677761067,-0.007115660191051467,0.005437876035294878
2024-06-27,-0.0014005388233059302,0.007361040898544724,-0.00438904529761408,0.0015751931588098456,0.0009108014969624396,-0.00231134032026837
2024-06-28,-0.00869569032321027,-0.0014099020825968367,0.005843572555525256,0.0021570930902746477,0.005047353826324288,-0.013743044149534558
2024-07-01,0.0005659439071112882,0.005470484349075377,0.002756157035321616,0.002346803222884662,0.007709528718905347,-0.007143584811794059
2024-07-02,0.015837034754739632,-0.0007497161563467802,-0.007390873231079231,0.0006882420324469118,-0.009972011534444988,0.02580904628918462
2024-07-03,-0.004175883040866135,0.006742306607722792,0.0028589464592922997,0.003863821719518732,0.01034742527218387,-0.014523308313050005
2024-07-04,-0.0022365622038263977,0.0006444070008029268,0.006526684291166429,0.0022635219896831055,0.007607482163739964,-0.009844044367566362
2024-07-05,-0.007004763508533962,0.0008928929498506211,0.006699710113511781,0.0018481785125085209,0.007602088220436397,-0.01460685172897036
2024-07-08,-0.01692998017412195,-0.00013562113637344275,-0.006598370277925536,0.0009296306471692922,-0.008375652871886203,-0.008554327302235747
2024-07-09,0.0025832420262261735,0.004631820986013446,-0.002223908050535961,0.0011331545624563642,0.000508445314710716,0.0020747967115154575
2024-07-10,-0.016032103303704748,-0.004450911197766749,-0.0005218196072748205,0.0010543855193903607,-0.005380679642204429,-0.01065142366150032
2024-07-11,0.006110064175041341,-0.0003494426502141934,0.0015032349171484327,0.0007461785717720935,-6.251947037343049e-05,0.006172583645414772
2024-07-12,-0.0031810469787996176,0.007657573644356042,-0.008362189329712888,0.0006558744330531941,-0.00397554460595239,0.0007944976271527723
2024-07-15,-0.004931882147438782,0.003450669707641296,0.004919787106114404,0.0005351316065284161,0.006584761397197595,-0.011516643544636378
2024-07-16,-0.002915407473626064,0.0010697158254551198,-6.592653149284367e-05,0.0002596954971902526,-0.0010165471903579968,-0.001898860283268067
2024-07-18,-0.004678358007099592,0.007632129743428306,-0.013956385660707338,0.0007175599559248512,-0.009923793063355115,0.0052454350562555225
2024-07-19,-0.02291429415439128,-0.010884676251089243,-0.014507810001273658,0.0003888333716237167,-0.026394765475484135,0.003480471321092856
2024-07-22,-0.016536357931938528,-0.0008825762723847497,0.018239095210736522,0.0005228076981743694,0.01718307581409719,-0.03371943374603572
2024-07-23,0.03485170961651263,-0.0012321559717249908,-0.0002520349180571424,0.00042918014773514566,-0.0029876103209112467,0.03783931993742387
2024-07-24,-0.01595264771556537,-0.002677831825905974,0.011362791171114717,7.517392095445592e-05,0.007885433736015392,-0.023838081451580763
2024-07-25,0.017412128263149196,-0.0003031269840456652,-0.0023437901787397575,-0.00035689276762035,-0.005200941783959369,0.022613070047108566
2024-07-26,-0.00973732730305743,0.01756732976027453,0.004859018694776562,2.674322227493877e-05,0.017896974360231296,-0.027634301663288726
2024-07-29,-0.005661574303672867,5.03324972633834e-05,0.009743337713172595,7.05407877195658e-05,0.008441280486771695,-0.014102854790444562
2024-07-30,0.015582873071860126,0.0008536433743000504,0.004655042779187157,-0.00014256677063729985,0.0034667587741749038,0.012116114297685223
2024-07-31,-0.002065497081289447,0.00377553501085659,0.003180573902514361,-0.00010606078406729855,0.004380153195897565,-0.006445650277187012
2024-08-01,-0.016262544116602107,0.0023946791656728195,-0.011739562068906029,-0.00038793570585900694,-0.013017214248472493,-0.0032453298681296133
2024-08-02,-0.006913121102246844,-0.011722935491954689,-0.0026233359636733677,-0.0009150369988940107,-0.015636036128101122,0.008722915025854278
2024-08-05,-0.021489075811102265,-0.02678645789462286,-0.00598723848842575,-0.0018525635762073037,-0.03279926053455139,0.011310184723449128
2024-08-06,-0.005876969707553248,-0.0026209626510589334,-0.0025455384930358482,-0.0021909665712890047,-0.009128881690235117,0.0032519119826818696
2024-08-07,0.0043559238427841596,0.012710162480444431,0.01431374377943917,-0.0019247277188258786,0.02205473828781365,-0.01769881444502949
2024-08-08,0.013940544608324723,-0.007428747813561065,0.00586754281330748,-0.001912890951213934,-0.0039001963320618935,0.017840740940386617
2024-08-09,-0.008554805475495031,0.010386864037815746,-0.002665361083234341,-0.0014633846076476072,0.0023766509919287246,-0.010931456467423755
2024-08-12,-0.019414516280528038,-0.0008412844977941925,0.002090017729317162,-0.0018872827809411092,-0.00238051979050936,-0.017033996490018678
2024-08-13,-0.015399113004952891,-0.008543146999630324,-0.00018702359786604283,-0.0021919648717064386,-0.011584114370276713,-0.003814998634676178
2024-08-14,-0.015639954430622383,0.00019677699987563635,-0.0084432130653469,-0.0021925824239170887,-0.013072833871390521,-0.0025671205592318613
2024-08-16,0.0,0.016459762490292462,0.003844251572545865,-0.00197882930028536,0.013951448829198684,-0.013951448829198684
2024-08-19,0.040855976501267044,0.0012835584110202358,-0.00043414364222749136,-0.0013409499494477228,-0.0027700749792328332,0.043626051480499875
2024-08-20,0.04984431043223503,0.005135759339910173,0.003160612176960065,-0.0008528521643567618,0.00478401323370193,0.0450602971985331
2024-08-21,0.037388673383023985,0.0028887826964991703,0.0001243642163624159,-0.0007026078714491938,-0.00020925723056520407,0.03759793061358919
2024-08-22,0.04977121636252013,0.001667357653657442,0.0062989045039725244,-0.0005310336738018137,0.0055362254250108985,0.04423499093750923
2024-08-23,0.03269756779272992,0.00046955607782672715,-0.007241660597209654,-0.0005324206122990079,-0.009961302449053897,0.04265887024178382
2024-08-26,-0.019788917409089946,0.007551387144671073,-0.0017869568200827857,-0.001292659455944717,0.0010973478310936488,-0.020886265240183593
2024-08-27,-0.019919290661436606,0.0002858944102370753,0.0011031622391166618,-0.001444239594769638,-0.002062991609394595,-0.017856299052042012
2024-08-28,-0.019774820755850686,0.0013830024432652799,-0.001069437594944933,-0.0014096586824888994,-0.003432367332641871,-0.016342453423208815
2024-08-29,-0.0198935027120265,0.00397565940632294,-0.008286472212621132,-0.0009235414912317514,-0.008508297595088166,-0.011385205116938335
2024-08-30,-0.0197255184602233,0.003337760073577778,0.002965809923132001,-0.0019202434373363129,0.0020377486036791998,-0.0217632670639025
2024-09-02,-0.019830862846896613,0.001695950113232314,-0.0035041901689110144,-0.0007171610462969066,-0.0051087258265381874,-0.014722137020358426
2024-09-03,-0.01993460194809471,4.550829989491412e-05,0.0037431803821939003,0.0007718129458346972,0.002691016367367697,-0.022625618315462406
2024-09-04,-0.01973277893990555,-0.0032100820170585243,0.001789774588354498,0.0011381905355991448,-0.001783509588499123,-0.017949269351406425
2024-09-05,-0.019820417431122173,-0.0021270784221717465,0.0067699343065249495,0.0004096308265476502,0.0037553369126410467,-0.02357575434376322
2024-09-06,-0.005055287498911487,-0.011650350298901935,-0.005781469533047812,0.00039677206449929186,-0.01769294496318631,0.012637657464274824
2024-09-09,-0.009209241355558562,0.003390048695012693,-0.008571545663935143,3.20523676779151e-05,-0.008386649743726417,-0.000822591611832145
2024-09-10,-0.004166700799240197,0.0041986500501236534,0.010128660004649959,0.00026834658548032984,0.012530799996831059,-0.016697500796071255
2024-09-11,-0.019954906275330586,-0.004897963449619458,0.003871570020895887,0.0005797472857289598,-0.0015116633364802676,-0.01844324293885032
2024-09-12,-0.001313658933500883,0.01887963282727112,-0.0059276970663795225,0.0012647870430935587,0.00864809098374625,-0.009961749917247133
2024-09-13,0.019730364501162168,-0.0012761636040355961,0.00830770011345272,0.00036961657984101084,0.006077632933774598,0.013652731567387569
2024-09-16,0.01999351587580178,0.0010746751326089488,-0.0003666991431552358,0.00037740676670400264,-0.001221029166413395,0.021214545042215177
2024-09-17,0.019917773553027596,0.0013709866056039743,-0.0019008412922045803,0.00011971336134378738,-0.002861406869272879,0.022779180422300475
2024-09-18,-0.019838732659592684,-0.0016129951842196455,-0.009834786345310542,-5.2429669353341304e-05,-0.014025088216768776,-0.0058136444428239075
2024-09-19,-0.01992413192265141,0.0015072376499098983,-0.007691367850206521,4.4341700526040646e-05,-0.00901562647813485,-0.010908505444516561
2024-09-20,-0.013552761516486767,0.014760441377741573,-0.0037321994969437,0.0006165126112567217,0.006911518508268723,-0.02046428002475549
2024-09-23,0.01995422363235555,0.005742385099666292,0.0034332241711796385,0.0005530401056544566,0.006937618785050428,0.013016604847305123
2024-09-24,0.01988450692163224,5.2030021699067674e-05,0.004028556277051232,0.0005169813511559577,0.0027568116939309293,0.01712769522770131
2024-09-25,-0.005974799725389723,0.0024575565157058943,-0.007010117890447698,0.0006209245186674798,-0.006933354936884982,0.0009585552114952586
2024-09-26,-0.015817778878380095,0.008148714241454025,-0.00612064227018938,0.0006812700871273538,-0.0011396697692481082,-0.014678109109131986
2024-09-27,0.019929248464188865,-0.0014152231703233875,0.0038108618563327257,0.0005795797545663987,0.0013507228277734107,0.018578525636415454
2024-09-30,-0.02395210336735698,-0.014060900852023384,0.007906474534119079,3.6825670517385634e-05,-0.0054182831246576335,-0.018533820242699346
2024-10-01,-0.00645782563852304,-0.0005404401234794243,0.004609607289031148,3.141713390416938e-05,0.0024136175864241543,-0.008871443224947194
2024-10-03,0.004549866349225606,-0.021196375260987388,-0.00171244960694783,-0.000516884959548708,-0.022241590962594062,0.02679145731181967
2024-10-04,-0.0029116840191582005,-0.009326695880144675,-0.0013049635728147324,-0.0006442238846780524,-0.011950635700828563,0.009038951681670362
2024-10-07,-0.019792362634383887,-0.008748875168602677,-0.00677806134529868,-0.000427517395315824,-0.01711313433127662,-0.0026792283031072672
2024-10-08,0.018867978134624375,0.00876764730346924,0.008290348939466563,-0.0003105889641210539,0.013847536564976578,0.0050204415696477964
2024-10-09,0.006822582189342397,-0.0012473907279866303,0.009831411225363462,-0.00043447493015419023,0.006959041398448074,-0.00013645920910567745
2024-10-10,0.04969341786229853,0.0006604768849507447,-0.004699923657653815,-0.00011004969971417091,-0.006674809859433073,0.0563682277217316
2024-10-11,0.04980027074618443,-0.0013680536120755926,0.0037069665804106977,-0.0010818045310559948,-0.0003184730558271374,0.05011874380201156
2024-10-14,-0.004392431015419862,0.006557345754428789,-0.0007133042166087566,-0.0006722159966494501,0.002007312874356908,-0.00639974388977677
2024-10-15,-0.012058819041532609,-0.0028096049048969007,0.005306979769937881,-0.0010010145209612816,0.00025961054838519084,-0.0123184295899178
2024-10-16,-0.020541786947739116,-0.0034340754096676696,0.003440171982666773,-0.0011987426361034818,-0.002453064587181182,-0.018088722360557932
2024-10-17,-0.026443851253249773,-0.008868227322834543,-0.006729994083181423,-0.001434236387182401,-0.01813013498572646,-0.008313716267523311
2024-10-18,0.0,0.004210173941240125,-0.00046606486579214845,-0.0014138896687349912,-0.00041433148985405135,0.00041433148985405135
2024-10-21,0.000624428926816023,-0.00293518237799828,-0.016833199198889814,-0.0022548032666227734,-0.024743190815076973,0.025367619741892996
2024-10-22,-0.06521061473758627,-0.012469180337869368,-0.012054853484001482,-0.0026647730368638245,-0.028038328185326995,-0.03717228655225928
2024-10-23,0.004339154609073637,-0.001495564743491773,0.0029886236081317907,-0.002716387821110781,-0.002766230175033945,0.007105384784107582
2024-10-24,0.004985032162499792,-0.0014773427748562273,-0.005278985335275044,-0.002874283016486282,-0.011749672164746679,0.01673470432724647
2024-10-25,-0.00033069540203456427,-0.008959220549493163,-0.006171900111254791,-0.0035174338300278125,-0.019612729160305504,0.01928203375827094
2024-10-28,0.05094280313751609,0.0065485676346082045,0.0015612915328093724,-0.00318847576426349,0.002014149157889013,0.048928653979627076
2024-10-29,-0.016367656602806258,0.0052466588480091225,0.0032964605757375143,-0.0025059243515945947,0.0034329230479852287,-0.019800579650791485
2024-10-30,0.004799987792968752,-0.005149825253829232,0.003239425607242885,-0.0030970041521253115,-0.005935559339668649,0.0107355471326374
2024-10-31,0.014331234662623649,-0.005566773640794054,-0.001328921558119478,-0.0022664272212867265,-0.010375762497309812,0.02470699715993346
2024-11-01,0.009105149284313052,0.004090004961616156,0.0029693915524560133,-0.0014519228872182136,0.0031242609739785886,0.005980888310334463
2024-11-04,-0.020846300218342217,-0.0127137736646451,0.00363352016139018,-0.001562084047835601,-0.010395871069756842,-0.010450429148585376
2024-11-05,0.005084202443697228,0.00908305881860727,-0.003630765456646534,-0.0015245833850918915,0.00018880119272894765,0.00489540125096828
2024-11-06,0.004426218802140447,0.011181870759630508,0.012333795578336693,-0.001103506231668113,0.019441137179946902,-0.015014918377806455
2024-11-07,-0.020774310289656484,-0.011628025706147627,0.0052488912842663105,-0.0016665167161144098,-0.007855084726120707,-0.012919225563535777
2024-11-08,-0.015429168761418977,-0.002113709312467793,-0.010480366571994248,-0.001665291395928296,-0.016687801200568626,0.0012586324391496498
2024-11-11,-0.026444645384773535,-0.00028567088740283353,-0.007870489791051982,-0.0017283516717249555,-0.012419086737860489,-0.014025558646913046
2024-11-12,-0.00033535308464716085,-0.010680930776533315,-0.0014124032217099902,-0.0019225098121808835,-0.014433205247452759,0.014097852162805598
2024-11-13,-0.05501507611639245,-0.013582562322921432,-0.0108546064543239,-0.002117962130129712,-0.027164021898851032,-0.027851054217541416
2024-11-14,0.00851969366234151,-0.0011185324376894457,0.00657068286531115,-0.0016636888003026464,0.002396075950789735,0.0061236177115517754
2024-11-18,-0.0274551457527219,-0.0033527151631265184,0.005416150550718868,-0.001958165375241246,-0.0010005389275553266,-0.026454606825166573
2024-11-19,0.003257334611710183,0.002758581406631766,0.004261018944380579,-0.0017116276081564946,0.003137484232980278,0.00011985037872990498
2024-11-21,-0.01948048418307713,-0.007168807933116472,0.006019634715302868,-0.0012012724032890575,-0.00283462002841474,-0.01664586415466239
2024-11-22,0.03237671636813877,0.023869464111237804,-0.011596526621527437,-0.0003260804555692572,0.005246523954078161,0.02713019241406061
2024-11-25,0.02209553995130764,0.013161295867362366,0.0031441944177372783,0.00020954658614005437,0.012534177419157449,0.009561362532150192
2024-11-26,-0.018479800592953954,-0.0011312238174179257,0.0031371008223797237,0.0006860611431394974,0.0009708724467055301,-0.019450673039659486
2024-11-27,0.03232681562144979,0.003323085437806128,0.002756137836677386,0.0005250316105622544,0.0041525485718869395,0.02817426704956285
2024-11-28,-0.006194091826695947,-0.014861029054492936,0.01050317550037394,-0.00020440313176742783,-0.0035441782909596043,-0.0026499135357363423
2024-11-29,-0.011426590488075816,0.009072001940535257,-0.0067797828527265125,0.00035624666727345763,-0.0013814611818568473,-0.010045129306218968
2024-12-02,0.001050812169779869,0.006006820004948565,0.008377394591888576,0.0007813113158604705,0.012670021222540857,-0.011619209052760988
2024-12-03,0.02029390921113916,0.007460011144599932,0.0008390422854398505,0.000790026798896798,0.005833357142119809,0.01446055206901935
2024-12-04,0.007887501489707294,0.00042109681465385407,0.009628269292848879,0.0012455795376358158,0.009759781055927822,-0.001872279566220528
2024-12-05,-0.004423244758977041,0.009847825562885104,-0.00652413899386306,0.0011761882603851673,0.0003327315039736747,-0.004755976262950715
2024-12-06,-0.0037594193264217646,-0.0012384293961259507,0.004391275669497152,0.0006457912433681712,0.002184087101444047,-0.005943506427865812
2024-12-09,0.010291634591256482,-0.0023827399277279726,0.007728203941574141,0.001066135140257629,0.005197176740554591,0.005094457850701891
2024-12-10,-0.001358265347744303,-0.0003635086213900074,0.004882256336128377,0.0014743641989558706,0.004241705685462249,-0.005599971033206552
2024-12-11,-0.003740245186068636,0.0012901233029631864,0.0019433126691630331,0.001510382460024192,0.0025214716049422785,-0.006261716791010914
2024-12-12,-0.013993169218022183,-0.003778196379659149,-0.0006421842121925314,0.001936400371739035,-0.0040958203478191416,-0.009897348870203042
2024-12-13,0.0006922969257949774,0.008945547808588916,-0.009407141515729744,0.0029365631915981368,-0.0018178512755830788,0.002510148201378056
2024-12-16,-0.012798302796182326,-0.004039468921733236,0.0111279848731195,0.0028309575963545073,0.00913971414234888,-0.021938016938531205
2024-12-17,-0.018570450933558247,-0.013468730047733413,0.008469628657981065,0.002574756313751551,-0.001877302925839648,-0.016693148007718598
2024-12-18,-0.010353477799272426,-0.005635699812006956,-0.0009562248167879206,0.002494977939315424,-0.00545608310455143,-0.004897394694720996
2024-12-19,-0.016955242604499765,-0.010213311567061067,0.0066360965773105685,0.002608681035396983,-0.0010702586946293544,-0.01588498390987041
2024-12-20,-0.02385319701028521,-0.01520556915080562,-0.011851782743023564,0.0009092226918365569,-0.026684238926937758,0.0028310419166525484
2024-12-23,0.009774444554630835,0.0070354729729729115,-0.0023663762196708404,0.0005266329394959671,0.001793185974599736,0.007981258580031098
2024-12-24,-0.020848896521439286,-0.0010861087115143775,-0.0006970156715256914,0.0006828024106739514,-0.0030971110638257754,-0.017751785457613512
2024-12-26,-0.035741393687357514,0.0009503186263191132,0.0013194650758883153,0.0005247383734888922,0.0006204346240151535,-0.03636182831137267
2024-12-27,-0.015378599669192305,0.002661079652128029,-0.005389259854073902,0.00112214413375075,-0.004545849012651236,-0.01083275065654107
2024-12-30,0.011213483954553238,-0.007075847935867907,0.014045282464026254,0.0004236751034703999,0.007394154462471435,0.003819329492081803
2024-12-31,0.026930705155476575,-4.212721278373799e-06,-0.0035047562887988715,-0.00023007924183609716,-0.006070046103341475,0.03300075125881805
2025-01-02,0.01683246152759521,0.018774033191665485,-0.002006228276995925,-0.00016129681361394071,0.01138417829673498,0.00544828323086023
2025-01-03,-0.0011286940079616725,-0.007602755327609123,0.0038870324487816355,-0.0007609858142873459,-0.0050580177144241845,0.003929323706462512
2025-01-06,-0.05574386383297636,-0.016192595996625703,-0.010584719914494944,-0.0012596073898350159,-0.02824372024297269,-0.02750014359000367
2025-01-07,-0.0007977845236193382,0.0038892874268343647,0.0037147080193506987,-0.0009998195311382925,0.004187848449487272,-0.00498563297310661
2025-01-08,0.0031936098260512136,-0.0007993610384197103,-0.010282631489928251,-0.001031090361550709,-0.014761521263128791,0.017955131089180003
2025-01-09,-0.007162690164676411,-0.006857594959147506,-0.0006270275826668614,-0.0012148939294299723,-0.009698513788254941,0.0025358236235785304
2025-01-10,-0.050501009633371674,-0.004037999702463213,-0.01575684802783739,-0.0012074108489440703,-0.0235111971063517,-0.026989812527019975
2025-01-13,-0.06162941996233129,-0.014747275302477436,-0.02562560628113708,-0.002203498672950558,-0.044031309848603005,-0.017598110113728284
2025-01-14,0.04768337359958297,0.003902874499386977,0.017939980398010702,-0.002019233198931573,0.018440985218558067,0.0292423883810249
2025-01-15,-0.005152461765400518,0.0016028803979861728,0.0029595996811193626,-0.0012221977842580278,0.0012440799628606549,-0.006396541728261172
2025-01-16,-0.005179147122928773,0.004247650725383689,0.0019431413107851014,-0.0008477441424448618,0.0027396233699962646,-0.007918770492925038
2025-01-17,0.015184398830998092,-0.004658651792672774,0.005197289113824111,-0.0007001866294787236,-0.001122740110512392,0.016307138941510483
2025-01-20,0.014529921287633085,0.006100485537167577,0.004388515238295199,0.000238515266908947,0.007958394891709512,0.006571526395923573
2025-01-21,0.011373229164566068,-0.013711845677293555,-0.008215224779508867,-0.0005949422838970875,-0.02298375956663252,0.03435698873119859
2025-01-22,-0.044148248889531505,0.0056764909144164655,-0.018257524129680736,-0.0005007408269990391,-0.01734175448507765,-0.026806494404453856
2025-01-23,-0.002614438836442523,0.0021593282262408753,0.013641290756313929,-0.00036713635686349546,0.01396424225735271,-0.016578681093795233
2025-01-24,0.0021844100368038077,-0.004876047658393667,-0.007197365072940665,-0.0005752809472828673,-0.01444850807216934,0.016632918108973146
2025-01-27,-0.055797761850317706,-0.011391241935562957,-0.015583209761509953,-0.0006870270359053911,-0.029005926710085537,-0.02679183514023217
2025-01-28,0.03324096576300373,0.005611229817278129,-0.011547953903076391,-0.0005925549666121022,-0.010305195721700857,0.04354616148470458
2025-01-29,-0.01831992237653257,0.008966649288351114,0.014033169445572646,-0.0004329442635528072,0.02004236900358037,-0.03836229138011294
2025-01-30,0.0036413257262792875,0.003730087599762788,-0.003539251461908144,-0.00145920589755474,-0.00414998339236867,0.0077913091186479575
2025-01-31,0.00816327942874695,0.011135740150325812,0.007540072480483051,-0.0005564924791866359,0.014798778153929243,-0.006635498725182293
2025-02-03,-0.02249212821844715,-0.005157091976693451,-0.0028438989519454783,-0.000157886769862801,-0.009624847336255916,-0.012867280882191233
2025-02-04,0.028071818831192807,0.016189306820631133,9.689879692964531e-05,0.0003864963542047591,0.011988796533261854,0.016083022297930953
2025-02-05,0.0031333793350987182,-0.001809207062143936,0.007512604229529374,0.000664308018633956,0.005062151099234306,-0.0019287717641355874
2025-02-06,-0.014725565638241789,-0.003922602634608197,-0.008880936713753895,0.0005574390696612881,-0.014359323669491116,-0.0003662419687506732
2025-02-07,-0.001358726754944306,-0.0018387386257991967,0.005060202309663975,0.001007135508543163,0.0027427662977775316,-0.004101493052721838
2025-02-10,-0.05442171868985468,-0.007570033692307909,-0.015008058584363604,0.0005410151198687263,-0.023997510539947822,-0.03042420814990686
2025-02-11,0.035491595087731254,-0.013249684936046169,-0.01521428395389679,-3.6663650617563254e-05,-0.029547891645477966,0.06503948673320922
2025-02-12,-0.06299215380915801,-0.0011507892904301098,-0.0013117191521330174,-0.00024142947312388863,-0.004698043336529725,-0.05829411047262829
2025-02-13,-0.01680673061203175,-0.0006009745771905495,0.003312217302337328,-0.00014800950161520944,0.0008018902168285482,-0.0176086208288603
2025-02-14,-0.10658617380290614,-0.004435266153706374,-0.018690148979801813,-0.00020305158174317066,-0.026018124650829876,-0.08056804915207626
2025-02-17,-0.004501965202319602,0.0013192755977626813,0.003670905732446661,0.0007458714865029693,0.0036594295534936646,-0.008161394755813267
2025-02-18,-0.02939516348586546,-0.0006184463402948426,0.0006113297835138587,0.0004225783324820191,-0.001554228598682294,-0.02784093488718317
2025-02-19,0.026208547521252124,-0.0005404326900405598,0.012400328737337207,0.00035198225546539204,0.011058511397398807,0.015150036123853317
2025-02-20,0.05675368628662936,-0.0008612081186238907,0.012179617656849162,0.0003193938835227302,0.010521360264468918,0.04623232602216044
2025-02-21,0.006981694678159567,-0.005117148798882476,-0.0074883931177847085,0.0008695843860137165,-0.01357313749793625,0.020554832176095817
2025-02-24,-0.015466715494791616,-0.010640105330068539,0.0021232097803072225,0.0003344663842300014,-0.008445114187664757,-0.007021601307126859
2025-02-25,-0.05417118361837481,-0.00025711604818956513,-0.005437458602964962,1.8969039494590514e-06,-0.008127677260065106,-0.0460435063583097
2025-02-27,-0.02634588250819203,-0.00011087678764998277,-0.008334705570261391,-0.0001812850887161156,-0.011281165578630185,-0.015064716929561846
2025-02-28,-0.051764656515682406,-0.018644959666695105,-0.0019200393510523384,-0.0011954403257408244,-0.020971599590446855,-0.03079305692523555
2025-03-03,-0.038461588520790846,-0.00024400049223838316,0.004874615141349903,-0.0011683830591665387,0.0017925867244320511,-0.040254175245222894
2025-03-04,0.009677394743888623,-0.0016569416451024388,0.0010467897338602983,-0.0010054721806307472,-0.0033344755323297206,0.013011870276218343
2025-03-05,0.03706069890374364,0.011531695069225467,0.013636508037215389,-0.0014366061630446216,0.02080885898484433,0.016251839918899308
2025-03-06,0.11521878570402788,0.009284847776867,-0.00594833344073753,-0.0010151488289924717,-0.0016316416157228864,0.11685042731975077
2025-03-07,0.03701657802062108,0.00034601398645017767,-0.00471558497764446,-0.0008704548373747087,-0.0076871422999048354,0.04470372032052592
2025-03-10,-0.04954716475731957,-0.004088203913091726,-0.011261436209156539,-0.0007656989063779909,-0.018318220635287413,-0.03122894412203216
2025-03-11,-0.05381171432793008,0.0016740474556060647,0.007615848210272835,-0.00039872012193794735,0.007078309797641987,-0.06089002412557207
2025-03-12,-0.05035536234484572,-0.0012179087892316698,-0.005438731391098295,-1.3116689055847185e-06,-0.008939744449130939,-0.04141561789571478
2025-03-13,0.007485896864916297,-0.003262089461738671,-0.00479987210602506,-0.00014643684997548432,-0.010113970039618366,0.01759986690453466
2025-03-17,-0.044582001879948985,0.004980568336268254,0.003785023849082636,-0.00012059103602469925,0.0060259063999471285,-0.05060790827989611
2025-03-18,0.02397925328847661,0.01446329899483545,0.00654767029549741,0.0003298560856417073,0.017386263049242918,0.006592990239233692
2025-03-19,0.05063292285300003,0.0032100316461272094,0.021606060892269685,0.00048815124350736204,0.02419278646259293,0.0264401363904071
2025-03-20,-0.00542169581443841,0.012356195589090069,-0.006101743635442469,0.0009128449349665336,0.0026399565331871426,-0.008061652347625552
2025-03-21,0.008479672180956577,0.0068885519512889015,0.003498394689709805,0.0011853236116168434,0.008578832056479791,-9.91598755232144e-05
2025-03-24,0.0,0.013188177230298859,0.00045825898066698123,0.0017123412527601338,0.011127797322822715,-0.011127797322822715
2025-03-25,-0.06066061851938198,0.00043539728764163677,-0.011939234940330334,0.0018647811366945136,-0.012711478964797079,-0.0479491395545849
2025-03-26,-0.001278801619221892,-0.007681079328545448,0.0013948979955101803,0.0021406802135584524,-0.00500022563777527,0.0037214240185533777
2025-03-27,-0.05697825543171564,0.004474827877002596,-0.002782625889949042,0.0023718450638389103,0.0009698002977000686,-0.05794805572941571
2025-03-28,-0.02647653779826442,-0.0030773044101545244,0.0010144477495461768,0.0025877126427440167,-0.0011076207155871068,-0.025368917082677314
2025-04-01,0.07112967177376772,-0.015036571865236992,0.00542915112744724,0.00289202897511072,-0.00614361178531092,0.07727328355907864
2025-04-02,0.0065104416474550675,0.0071938424586863725,0.009742440829145993,0.0028741471484017567,0.017141074790708043,-0.010630633143252976
2025-04-03,0.03298837177383107,-0.0035251486188494496,0.003112641784520087,0.002904310733809136,0.0010656027563402206,0.03192276901749085
2025-04-04,-0.017532916841810464,-0.014866619775066536,-0.01386143289944719,0.0018188493038719833,-0.02767504963002115,0.010142132788210686
2025-04-07,-0.043977029881248964,-0.03243254628305536,-0.0014293018865522145,0.00015922878960766276,-0.03073327835841856,-0.013243751522830402
2025-04-08,0.06599998474121094,0.016887318902814252,0.0054765209530276415,0.0006375387253379087,0.018573515367703925,0.047426469373507016
2025-04-09,0.006253932639220583,-0.006065856008070525,0.003744339352365511,0.0003939657990155202,-0.0028081687253966466,0.00906210136461723
2025-04-11,-0.0006215182589807133,0.019170387409190415,-0.0023297713833370093,0.0010143242481980138,0.012501666637012153,-0.013123184895992866
2025-04-15,0.020522383412424627,0.02190239778210845,0.005641949265494217,0.0018320142870296486,0.024114759606091052,-0.0035923761936664245
2025-04-16,0.016453410132496238,0.004657316201027051,0.000526540040749035,0.0022211568122405454,0.00451932498298989,0.011934085149506349
2025-04-17,0.020983235915236875,0.017683476937954135,-0.011416921086511378,0.002483933430147724,0.002941169685348011,0.018042066229888864
2025-04-21,0.02172630164219025,0.011483498464016417,0.012971574491460025,0.002245226521492625,0.023597455343797064,-0.0018711537016068147
2025-04-22,-0.004022971055106961,0.0017284255654137493,0.0088232368708685,0.0019138083634118305,0.010639852107674992,-0.014662823162781953
2025-04-23,-0.005193315232781881,0.006690840652122221,0.0055517169566488,0.0016136347876016756,0.011021724315193807,-0.016215039547975686
2025-04-24,0.004060307178280098,-0.0033807460922566923,0.0016851006013741676,0.001192504457399355,-0.001986743271375695,0.0060470504496557935
2025-04-25,-0.07567876986477218,-0.00855166336268387,-0.015704148200244794,0.00016677268948838873,-0.02592740002664615,-0.04975136983812603
2025-04-28,-0.006874978542327881,0.012028211882747275,0.005639843959531765,0.00035608918893850023,0.014393175796905449,-0.02126815433923333
2025-04-29,0.04468219149191688,0.0003061930965739812,0.002118326872751597,0.0008438700888728742,0.001240728865018429,0.04344146262689845
2025-04-30,-0.02289163008329942,-7.191007773188485e-05,-0.008229974805605611,0.0007671758472375334,-0.010224254332805261,-0.012667375750494158
2025-05-02,0.014180114631422436,0.0005136803511647248,-0.009508659064485392,0.0010003318727801304,-0.010876087805689287,0.02505620243711172
2025-05-05,-0.010942267284346108,0.004700890697612925,0.013258024869384544,0.0020944524918011746,0.018057685458119616,-0.028999952742465723
2025-05-06,-0.024585160476361168,-0.0033338898599493128,-0.01791035322622303,0.0016050203381182124,-0.022519165350837058,-0.0020659951255241095
2025-05-07,-0.020163812043590634,0.0014274549954715887,0.017533320075075576,0.0017429080692981805,0.01954291446059063,-0.039706726504181264
2025-05-08,-0.001929243254226165,-0.005758880297096702,-0.014267261260030972,0.0025640981618254696,-0.019736894951794294,0.01780765169756813
2025-05-09,-0.0012886892508864323,-0.0109501096942064,0.010864023355105945,0.003790568368468959,0.003971145174302096,-0.005259834425188528
2025-05-12,0.02387096035865044,0.038183073090219954,0.0032541530842724598,0.004153594815758775,0.03747735022853135,-0.013606389869880914
2025-05-13,0.09640830144954293,-0.01389583907654357,0.014280609592451476,0.003963047336514196,0.005316884924022858,0.09109141652552008
2025-05-14,0.09195404692801223,0.0036027960647213586,0.0039881438800879465,0.002998453940006921,0.00808456596933251,0.08386948095867973
2025-05-15,-0.019473728380705158,0.01602143814146184,-0.010768608109037014,0.002216553906682791,0.0019807137483932,-0.021454442129098358
2025-05-16,0.011272195452565414,-0.0016877607536591732,0.008705199656936946,0.0019082495833356306,0.007636632883919091,0.0036355625686463238
2025-05-19,-0.03980891687503407,-0.0029717088137536374,0.002999708598033668,0.0009150025330262935,-0.0005030535598398079,-0.03930586331519426
2025-05-20,0.021006034138271623,-0.010484831354666824,-0.004879072261087525,-8.258787122519449e-05,-0.016208585660109742,0.037214619798381365
2025-05-21,-0.0005414309287280483,0.00524831270888626,0.00047410037033568386,2.7922534096371616e-05,0.0028508647071473813,-0.0033922956358754296
2025-05-22,0.0124594507579594,-0.008211272774042211,0.00010767257263233354,-0.0005906360299827273,-0.009449885269223402,0.021909336027182803
2025-05-23,-0.011236007802066017,0.009892488718005854,-0.002103412461204268,-0.00010085631293704008,0.0038726904628838756,-0.015108698264949892
2025-05-26,-0.029761864214526312,0.005954979456279652,-0.0003857693245268301,0.0005108727017627433,0.00298918051638056,-0.03275104473090687
2025-05-27,0.00892358308359431,-0.0069977248703164685,0.007191808902832331,-0.0004090812013665438,-0.0006746926767116728,0.009598275760305983
2025-05-28,-0.037037040942097366,-0.0029706520659956714,0.00023174928390012894,-0.0007007476805629076,-0.005017861367959809,-0.03201917957413756
2025-05-29,-0.004018352153710825,0.003278479228775888,0.0037304218242144582,-0.0005921548031869431,0.004083263179173398,-0.008101615332884223
2025-05-30,0.0005763820554445243,-0.00333823496911434,0.0006857438184119102,-0.0007309612661764904,-0.004870091912394706,0.00544647396783923
2025-06-02,0.020737251748036645,-0.0013777230725331435,0.008593795173191365,-0.0013226792312531598,0.0046710097697383705,0.016066241978298274
2025-06-03,-0.01580128612566345,-0.007043833380258491,0.003208754324288021,-0.0013948458591349503,-0.0059235576404550044,-0.009877728485208445
2025-06-04,-0.007454189457240079,0.003165904807986175,0.005733029484420449,-0.0013883041427273646,0.005365948787505345,-0.012820138244745424
2025-06-05,0.005199315734524923,0.005308696762106768,0.0009430782825294859,-0.0007312086513152128,0.0026734426880921335,0.0025258730464327896
2025-06-06,0.024712661758788057,0.01018752395450262,0.006561268724207592,0.00031062842815964453,0.013788208497334498,0.010924453261453559
2025-06-09,-0.014582177789925321,0.004005448710087123,0.00719882870165911,-0.0014592433695742794,0.007571938398592808,-0.02215411618851813
2025-06-10,0.015936294337443258,4.18584595869298e-05,-0.0004059001405526397,-0.0008311928656457321,-0.003293388190376553,0.01922968252781981
2025-06-11,0.02464988933638268,0.0014798446727146697,-0.005411364053653389,-0.0009341037221978765,-0.007539811158297515,0.032189700494680194
2025-06-12,-0.022416715923325614,-0.010071084662786611,-0.004629243720409071,-0.0020911769311843837,-0.0175250257630933,-0.004891690160232314
2025-06-13,-0.011744915790233845,-0.006814458847919758,0.004006924594671113,-0.0022883056794610612,-0.005735848576965629,-0.006009067213268216
2025-06-16,0.061120538712106764,0.00921979376770854,0.00016281742805990262,-0.001749384307578624,0.004146956191894145,0.05697358252021262
2025-06-17,-0.010666707356770888,-0.0037319707924959866,-0.0022090793151722243,-0.0011084867830145578,-0.008661767327411916,-0.002004940029358972
2025-06-18,-0.037735788915414736,-0.0016637405234334324,-0.0031729375752734823,-0.0013728599084711988,-0.008208891888022853,-0.029526897027391884
2025-06-19,-0.04817930487241551,-0.0007577278241026608,-0.015484455218850668,-0.0007816172707543422,-0.020052934265630602,-0.028126370606784905
2025-06-20,0.011771675434595341,0.01287247095983779,0.002979597106240961,-0.0007323501421385604,0.011209492356091505,0.0005621830785038362
2025-06-23,0.008144234165151198,-0.0055948454872697395,0.009480020638960807,-0.0009967910106898866,0.0023879098134805174,0.005756324351670681
2025-06-24,0.0,0.0029012296868362597,0.005423529901386059,-0.000542940489485494,0.005625226967326609,-0.005625226967326609
2025-06-25,0.020773260931127302,0.008001820520425307,-0.0033664589018234103,-0.00025569852431395765,0.0007829874859642081,0.019990273445163093
2025-06-26,0.0,0.012052010814129765,-0.0053910082892187905,5.669167266828348e-05,0.0023214826189966184,-0.0023214826189966184
2025-06-27,-0.011305865285555106,0.003475704773181043,-0.002526263788636296,0.0002881718400607933,-0.0015994781203621821,-0.009706387165192924
2025-06-30,0.014293882405466585,-0.004709842354665206,0.009796069804399066,-5.054628255533964e-05,0.004379973532249805,0.00991390887321678
2025-07-01,-0.035512918201514254,0.0009699396772837598,-0.0006522678730678244,0.0004538740833451495,-0.0015411110041593581,-0.033971807197354896
2025-07-02,0.022793651416499028,-0.0034610085397696055,0.002787387301739108,0.00012145941463936319,-0.001904656760968442,0.02469830817746747
2025-07-03,-0.008571406773158485,-0.00188971251922454,0.0031130687415821257,-0.00045474283702456875,-0.000789465468624652,-0.007781941304533834
2025-07-04,0.002881800343586649,0.0021924250859925998,-0.003357873327742289,-0.001431580636600869,-0.00522185308946877,0.00810365343305542
2025-07-07,0.04367817503124938,1.1813410706551508e-05,-0.0017931644053927887,-0.001350003976701436,-0.005302027742484427,0.04898020277373381
2025-07-08,-0.017621128717675627,0.0024036171315751087,-0.004488589333688453,-0.0013730739287627879,-0.006198012164766112,-0.011423116552909514
2025-07-09,-0.018497753412753393,-0.00181801902732881,0.00045004796824099635,-0.0011881603398229746,-0.004284110824671685,-0.014213642588081707
2025-07-10,0.009708742094334033,-0.004743646446198069,0.00011765084579040685,-0.0004776876918551054,-0.006415786227690159,0.01612452832202419
2025-07-11,-0.0028281189788521566,-0.008100901810276007,-0.00345786774202661,-0.00032937287311786694,-0.012921243484995652,0.010093124506143495
2025-07-14,-0.0005671197963215135,-0.002685854157148504,0.011021789421499784,-0.000585166417775675,0.0068787783377106376,-0.007445898134032151
2025-07-15,-0.013620979967969071,0.004525103218794291,0.005312263875334899,-5.633946312412583e-05,0.007339094203724555,-0.020960074171693627
2025-07-16,0.0,0.0006449487413033861,-0.0010948338030014604,7.715294718122119e-05,-0.0026501410709918382,0.0026501410709918382
2025-07-17,-0.004602987777274747,-0.003990217351728331,0.0022734581683589994,9.354610419744691e-05,-0.0029262800978761684,-0.001676707679398579
2025-07-18,-0.01329477181384009,-0.0056965580472427835,-0.00039683723893302325,-0.0007963084802401469,-0.008073721105659815,-0.0052210507081802745
2025-07-21,-0.04276505889204385,0.004898144302865282,0.0015420263289194214,-0.0004958224518258818,0.0031956173807619285,-0.04596067627280578
2025-07-22,0.02692781701032798,-0.0011876443882732346,-0.006658852383274905,-0.0004800018843976813,-0.01068025206413974,0.03760806907446772
2025-07-23,-0.016686571822869367,0.006344544590244583,-0.0019525501563830705,-0.0006635048724678941,0.0005107345824237958,-0.017197306405293163
2025-07-24,-0.010909109404592776,-0.006256994627491075,-0.0013684776649766084,-0.0014758704020529497,-0.010238034745865378,-0.000671074658727398
2025-07-25,-0.009191153268087726,-0.008981674037030651,-0.0050402921282228785,-0.0019404834360936115,-0.016904229010897893,0.007713075742810167
2025-07-28,-0.021026601792435873,-0.006284962329387578,0.0013812698289665803,-0.0018361418843797217,-0.007665576953343779,-0.013361024839092094
2025-07-29,0.004421964318483074,0.005680474234370125,0.0024219342586886405,-0.0017508545580973939,0.0035878866906987527,0.000834077627784321
2025-07-30,-0.003773551407665332,0.001367835124523431,-0.0024907584583363507,-0.0015084187103669396,-0.005061001805684327,0.0012874503980189952
2025-07-31,-0.022727311040634524,-0.0034882717656889994,-0.0059998866365043035,-0.0016261901482136241,-0.0130111977554287,-0.009716113285205824
2025-08-01,-0.011627865427925044,-0.008195943742782208,-0.007181115349715772,-0.0021915113555094345,-0.018775994064715987,0.007148128636790943
2025-08-04,-0.006535972563600612,0.006407415043054421,0.007036022130915365,-0.001342136973105949,0.009529375555906704,-0.016065348119507314
2025-08-05,-0.004605243138328885,-0.0029608040671041946,-0.0028032855003572443,-0.00179260861653057,-0.009307270709420893,0.004702027571092008
2025-08-06,-0.0013219073107991752,-0.003056914228121266,-0.004953879354209545,-0.0017435582050228159,-0.011642174942545828,0.010320267631746653
2025-08-07,-0.01389808358163469,0.0008932609229541644,0.004020322174138835,-0.0012095765495900763,0.0017947749521359778,-0.015692858533770667
2025-08-08,-0.0026845612669198493,-0.009466912735407229,-0.006028249019663923,-0.0011482245628175033,-0.017607416288143846,0.014922855021223997
2025-08-11,0.0969044154544274,0.009101804471857822,-0.00044515575362713555,-0.0007600668527940446,0.00434858059747777,0.09255583485694964
2025-08-12,0.004294577021432655,-0.003971941790719136,-0.00018577431802802025,-0.001293467262668844,-0.006876290106884312,0.011170867128316967
2025-08-13,-0.03298722589146985,0.005388453516712133,0.003475658694007011,-0.001058627704028838,0.005135659709848371,-0.03812288560131822
2025-08-14,-0.012002500397916505,0.00048543816407109475,-0.004889450296043929,-0.000979790110540755,-0.007861135934571255,-0.004141364463345249
2025-08-18,-0.004475744690659256,0.009973019276634965,0.0032630609761037377,-0.0001976534203240195,0.00958979900512043,-0.014065543695779685
2025-08-19,0.007064907675504273,0.004168564680625764,0.005895258538564319,-0.00020435882184176394,0.00752089851063351,-0.00045599083512923733
2025-08-20,0.055484624678074024,0.0027981813736617234,0.002907567765341179,-0.00016833263781131924,0.003206593438173071,0.052278031239900956
2025-08-21,0.013293125730814204,0.0013252889742787488,-0.005946347077912528,-0.000490894435947518,-0.007815983994175307,0.02110910972498951
2025-08-22,-0.044722717920546495,-0.008517482060098724,0.00791993108542155,-0.00040731945276332353,-0.0011713289101980531,-0.04355138901034844
2025-08-25,0.001248467989523716,0.003926417350905487,-0.0023411579932279825,0.00011700757796648625,-0.0011871437625778772,0.0024356117521015935
2025-08-26,0.019950104523650314,-0.010241179872034878,-0.008879957536532146,6.692098082581681e-05,-0.020141229467416165,0.04009133399106648
2025-08-28,-0.004278709792952418,-0.008544430103923584,-0.004130083410034735,-0.0006193142906944504,-0.014292202793908247,0.01001349300095583
2025-08-29,-0.011663629427823508,-0.0030223697933294824,-0.0034641536703858833,-0.0007356866265651685,-0.009049807410084218,-0.0026138220177392892
2025-09-01,-0.01304348032119751,0.008114070174605414,0.012172590745072043,-0.0002023257530920919,0.017556536273566452,-0.03060001659476396
2025-09-02,0.018250469199951214,-0.0018457290617897026,0.004050517543948917,0.00031573919789573874,0.0009915757774690737,0.01725889342248214
2025-09-03,0.004326309858092348,0.0055107151470170646,-7.787266462577769e-05,0.00024581642914503856,0.0026903219782645625,0.001635987879827785
2025-09-04,0.003076876126802963,0.0007788776228048189,-0.006170033023489396,0.0004205168609201911,-0.007638185331180021,0.010715061457982985
2025-09-05,-0.009815942018471135,0.00027084730671167456,0.001148073591426213,0.0006070548937618881,-5.495409661480778e-05,-0.009760987921856328
2025-09-08,-0.003717439170466408,0.0012994782193525012,0.003140595172577365,0.00043785637721281966,0.002779116257473526,-0.006496555427939934
2025-09-09,0.003731310088747497,0.003852930178235292,-0.0010874022157285612,0.0009260587057923615,0.0008707149719157252,0.0028605951168317718
2025-09-10,-0.000619592890954479,0.0042020862308871365,0.005277795215464565,0.0007647012526908507,0.007820243730999482,-0.008439836621953961
2025-09-11,0.0,0.0012974116602184615,-0.00036231295379662853,0.0009443458843591563,-0.00048391153466092047,0.00048391153466092047
2025-09-12,-0.006199533746060082,0.004339045410009845,-0.0010996986889986182,0.0007918290467999875,0.0011370919130149562,-0.007336625659075038
2025-09-15,-0.0006238445697739348,-0.0017838966811339896,0.0064704311919020485,0.0006954651188235886,0.00399819069415171,-0.004622035263925644
2025-09-16,0.0,0.006777256391098607,-0.0011191628444251478,0.0006372638840257572,0.003017128890554914,-0.003017128890554914
2025-09-17,-0.007490688876681251,0.003611475529465391,-0.003765015237422231,0.00045597074285548637,-0.0026495391743579975,-0.004841149702323253
2025-09-18,0.01572327081748126,0.0036853015416349333,-1.0137902596962789e-05,0.00048725888700750235,0.0014605864824282382,0.014262684335053023
2025-09-19,-0.0024767188311767274,-0.0037976065391384095,0.00229690724844156,0.00042777122899603965,-0.002417876231636494,-5.8842599540233353e-05
2025-09-22,-0.019863478359703923,-0.004923635718664832,-0.0024379072147060477,0.0008903909882809777,-0.007986093633047484,-0.01187738472665644
2025-09-23,0.008233066165610259,-0.0013034343973540308,-4.725116013903907e-06,0.0007085507203769196,-0.0025142297928651947,0.010747295958475454
2025-09-24,-0.0037688705608767137,-0.00447365300760838,-0.006205620214803642,0.0009929905744806306,-0.01154089995924197,0.0077720293983652555
2025-09-25,-0.004413600021406561,-0.006626948212322681,-1.77772876389648e-05,0.001215479467220783,-0.006515528486036968,0.0021019284646304074
2025-09-26,-0.008233066165610148,-0.009487437927231501,-0.009213164774494964,0.0009926665503167138,-0.018973963520091466,0.010740897354481319
2025-09-29,0.010217104021144063,-0.0008030448049409777,0.00371456107970336,0.0005286996727680016,0.001713328116529911,0.008503775904614153
2025-09-30,0.003792694107088268,-0.0009661407544825362,0.0007655451643769906,0.0006253218521412788,-0.0014865027670796544,0.005279196874167922
2025-10-01,-0.016372810264994708,0.009150390492475902,-0.0004551297485677619,0.0006549960013847314,0.00573954326727962,-0.02211235353227433
2025-10-03,0.017285560802935196,0.0023332467769816567,0.004866420352484191,0.0007338872983367976,0.00577950933470582,0.011506051468229375
2025-10-06,-0.0031466450380458477,0.007367178791287232,0.005154518277900921,0.0009356172422553082,0.010513192243626717,-0.013659837281672565
2025-10-07,-0.010732327945474851,0.0012222193924698033,0.003124673780362075,0.000832323203600042,0.00307647635751495,-0.0138088043029898
2025-10-08,-0.021059344103341093,-0.0024752925801897474,-0.004875661005763865,0.0004221519118440191,-0.008986923157292477,-0.012072420946048617
2025-10-09,-0.011734048460580682,0.005416017571936882,0.004949116193396552,0.0003478172834117499,0.008088039749307217,-0.0198220882098879
2025-10-10,0.032321884963726344,0.0041120501676790155,0.0015015409454275375,0.0004954334263033655,0.003444764298488489,0.028877120665237854
2025-10-13,-0.010862624948096311,-0.0022938183927065925,0.004626027195454796,0.00021276968840104328,0.0011317373545166166,-0.011994362302612928
2025-10-14,-0.02067181552241759,-0.003244479132464395,-0.005981611274050502,0.0001273115955134574,-0.011100460452057086,-0.009571355070360506
2025-10-15,0.001978874226460592,0.007080820872521931,0.003700857624773457,-7.046649574478836e-05,0.007749467620870422,-0.00577059339440983
2025-10-16,-0.009216549935211038,0.010336228211479837,-0.005032929183806045,0.00017513640654569137,0.0013763083133991477,-0.010592858248610186
2025-10-17,0.006644480167978584,0.004867983737610659,-0.01070396787599781,0.00013334338091307947,-0.009328766640169817,0.0159732468081484
2025-10-20,0.005280523149862271,0.005184813729964155,0.003445084095307749,0.0006017932420395481,0.006528511860373711,-0.0012479887105114407
2025-10-21,0.0,0.0009847568259027106,-0.0008865929093553326,0.0007765170117113622,-0.001469130622616172,0.001469130622616172
2025-10-23,-0.01313196423351759,0.0008814076368377499,-0.001788376428190297,0.0007213744188564778,-0.002574002738881909,-0.01055796149463568
2025-10-24,-0.0053226829758725724,-0.0037174505259611745,1.4895686387350615e-05,0.0007163926795483982,-0.004514857903091122,-0.0008078250727814509
2025-10-27,0.010033483218617079,0.006625291500029773,0.0039172979145298825,0.0013632577107383602,0.00897690758317274,0.0010565756354443383
2025-10-28,0.0,-0.001149638146805021,0.002213892503596382,0.001822105587615158,0.001059973622164517,-0.001059973622164517
2025-10-29,-0.008609278884552207,0.0045381040946781415,0.0015570878580719594,0.001955390101589995,0.005266301671116721,-0.01387558055566893
2025-10-30,0.0020039901426900375,-0.0067571756478100875,0.007802162839436355,0.0016418588886740822,0.0021529153240841207,-0.0001489251813940832
2025-10-31,0.012000020345052098,-0.006018660837397216,0.003324047589878587,0.0010905075868546203,-0.0025484096680981096,0.014548430013150208
2025-11-03,0.027009212066505306,0.0016036793506921665,0.0060023021639716845,0.0009779544919102064,0.006616432287801546,0.02039277977870376
2025-11-04,0.03078893762272661,-0.006431586779760301,0.0013632288595663011,0.000344260755885147,-0.005711346770842234,0.036500284393568845
2025-11-06,-0.021157446113542644,-0.0034359080045569534,-0.003453208325793433,0.00018350720149232778,-0.008501762782764783,-0.012655683330777861
2025-11-07,0.04068666977889057,-0.0006820322478444663,0.006561704190527484,0.00012675554331687921,0.004475160806199244,0.03621150897269133
2025-11-10,-0.0372633218740952,0.0032185728871263475,0.0006889614533147626,0.00011493716882187701,0.0014583073322512016,-0.038721629206346406
2025-11-11,-0.013959407603664542,0.0047156471705849246,0.0010834863350297486,3.2386961210475497e-07,0.0030286639200886884,-0.01698807152375323
2025-11-12,0.009009031123965228,0.0070384090258497345,0.0012801414143206458,0.0004394359820542945,0.005613829552000106,0.0033952015719651216
2025-11-13,0.02997444542136596,0.00012944949620363744,-0.0034945467190720114,0.0006140655579521536,-0.005134995948813653,0.035109441370179614
2025-11-14,-0.033436530935483044,0.001194026471448284,-0.0001293822219852192,0.0004660423846515827,-0.0007815231205673807,-0.03265500781491566
2025-11-17,-0.028827662982852664,0.0039906690408659795,0.00437946383942478,0.00015172935345021947,0.006091789652449007,-0.03491945263530167
2025-11-18,-0.003957748452921295,-0.003974806902018679,-0.0021503104343910673,-0.00017752704060324068,-0.007907745327677188,0.0039499968747558935
2025-11-19,-0.01589408733307074,0.005503640675154298,-0.0032455267010618183,-0.00023122488835832606,-0.0011639825319333533,-0.014730104801137386
2025-11-20,-0.013458937677381932,0.005354541588221684,-0.005380505623873599,-0.00024393604438105075,-0.00358611195335558,-0.009872825724026353
2025-11-21,-0.01023189768700794,-0.0047342428227803435,-0.005164268882301926,-0.0003803742311338583,-0.011966323294212837,0.001734425607204897
2025-11-24,0.011716062964324703,-0.004167936312968079,-0.0023303522398335774,-0.0005041192464686502,-0.008576810071882619,0.02029287303620732
2025-11-25,-0.01294281540243758,-0.002877529180069005,0.008517321551243184,-0.0010737086292044987,0.003567898645780764,-0.016510714048218342
2025-11-26,0.013802609553092093,0.012381783530362567,0.0012985402423375536,-0.0006538734340743202,0.00907365096157632,0.004728958591515774
2025-11-27,-0.021783506056156643,0.0003911422381892571,0.0011928483262442224,-0.0007325060612918284,-0.0011941137973874008,-0.020589392258769244
2025-11-28,-0.013221961161895224,-0.0004806903583736144,-0.0011608940593328398,-0.0004414324418769397,-0.004165713479418511,-0.009056247682476714
2025-12-01,0.007052145673008825,-0.0010380212747401751,0.0010178432643324076,-8.325485671480018e-05,-0.0019583500813671628,0.009010495754375987
2025-12-02,-0.007703057334326635,-0.005484113396941881,0.003153842474781454,-0.00033326131043405764,-0.0036503805183088545,-0.004052676816017781
2025-12-03,0.010585717552762608,-0.0017746951904364927,-0.007818507227415505,-6.63243560153977e-05,-0.012016811766784383,0.02260252931954699
2025-12-04,-0.04399442233707751,0.0018375278996383138,0.00031171686387487796,0.00018837994452293547,-3.5618285733835095e-05,-0.043958804051343676
2025-12-05,0.015339667244978372,0.005865433091659877,0.0017074710972282414,0.00048221149627440956,0.005126261360637246,0.010213405884341126
2025-12-08,0.008633154138610433,-0.00862653945989178,-0.008479231084605687,0.00010376630710315176,-0.018319763258059514,0.026952917396669947
2025-12-09,-0.012838823059816984,-0.004657081109092687,0.0060968629618511905,-0.000265628560725543,0.0002590798103985161,-0.0130979028702155
2025-12-10,0.004335221479832452,-0.0031598875909956137,-0.008032234090452617,-0.0006505611748843861,-0.01397170583597326,0.018306927315805712
2025-12-11,-0.012949593988585861,0.0054565875164998,0.004650542147334624,-0.0005048790104968078,0.006982651360965435,-0.019932245349551295
2025-12-12,0.026239041521185502,0.005729990019651465,0.005180012686649027,-0.0002606263935625297,0.008013923051610713,0.018225118469574787
2025-12-15,0.013494356185167256,-0.0007543469807149705,-2.707489507292049e-05,-0.0004251134861385712,-0.003166783952438461,0.016661140137605716
2025-12-16,-0.018220057501146192,-0.006424068837574293,-0.002160870103436352,-0.0003790870765961981,-0.010171666884743679,-0.008048390616402513
2025-12-17,-0.0007137921997474317,-0.001606677033445636,-0.004683333812620538,-0.000771118453787741,-0.00919849042727203,0.008484698227524599
2025-12-18,-0.0014286041259765625,-0.00011619552256891819,0.00511418174296463,-0.0011247793125955363,0.002198301106126391,-0.0036269052321029533
2025-12-19,-0.011444910776192696,0.005843362036054733,0.004336928802952,-0.0007150123435439287,0.0067701019745662755,-0.01821501275075897
2025-12-22,-0.013024555389019032,0.00793332910611566,-0.0002852385552574166,-0.00031673210781847557,0.003963843250229934,-0.016988398639248968
2025-12-23,0.02272723300143742,0.00018148889399149937,-0.0006757789624433075,-0.0002772551558873533,-0.002932113101149158,0.025659346102586578
2025-12-24,-0.012903179495523331,-0.0013389838361685946,-0.0067752908132263645,-0.0010991010923982931,-0.01152741847423806,-0.0013757610212852718
2025-12-26,0.015976710678353934,-0.0038175521330050532,5.493108039966721e-05,-0.0012592940221569408,-0.006456079518710383,0.022432790197064317
2025-12-29,-0.01858472002398437,-0.003847631310177624,-0.001180528978983908,-0.001379616227152223,-0.00791909977501945,-0.010665620248964919
2025-12-30,0.003641674610479928,-0.00012527898855285713,-0.002091519949211418,-0.0011793846214923779,-0.005572449533708996,0.009214124144188925
2025-12-31,0.006531215844115534,0.0073538342244390265,0.004080058808564102,-0.0006211636978809554,0.007855149952606385,-0.0013239341084908506
2026-01-02,0.018050541019080546,0.006960765170238581,0.007624125108018021,-0.00022749870903779898,0.011695711823208412,0.006354829195872134
2026-01-05,0.015602787759042558,-0.0029720587604740167,0.001635440485041828,-0.0006610938653064224,-0.0034788630819918413,0.0190816508410344
2026-01-06,-0.012569787383900799,-0.0027276473171363724,0.0021012325212792504,-0.00023042151001743114,-0.002360830484980799,-0.01020895689892
2026-01-07,0.007072095146209323,-0.001449622016468255,0.005055525476049483,2.2645981016244975e-05,0.0021181095797583142,0.004953985566451009
2026-01-08,-0.054775263027264987,-0.010095364158449915,-0.008091816873602498,-0.00019410208459408145,-0.019426307510946452,-0.03534895551631853
2026-01-09,0.04457655124585935,-0.007479613285493514,0.0005701671688944643,-0.0007703265554765952,-0.008512767462240877,0.05308931870810023
2026-01-12,-0.03342818300154937,0.004164153963733375,-0.0048133868110997735,-0.0008000072431260238,-0.0045146128456433265,-0.028913570155906045
2026-01-13,-0.01839587911648355,-0.002246942885392733,-0.0007614964516921008,-0.0006649175200787023,-0.005437914752956994,-0.012957964363526555
2026-01-14,0.005996995711468278,-0.00259211846006413,0.0037809173329066414,-0.0003489849645752811,-0.0005635446146389342,0.0065605403261072125
2026-01-16,-0.009687042749765618,0.0011201764399650926,0.004271395675490064,-0.00014489833607142695,0.00327802882908958,-0.012965071578855198
2026-01-19,-0.012791578388405167,-0.004236324757381116,0.0017168615108116292,-0.00026388677142397305,-0.004072474817782684,-0.008719103570622482
2026-01-20,-0.015243888034273012,-0.013796877137441155,-0.013519922181391753,-0.0010012606505274523,-0.029122367813755046,0.013878479779482034
2026-01-21,-0.04024771321153364,-0.0029723570791637677,-0.00798293160194452,-0.0015589631839047142,-0.014634879856208096,-0.02561283335532555
2026-01-22,0.011290350615296818,0.00526285960946038,0.008013862336718969,-0.0012821874499551133,0.009671297063035433,0.0016190535522613847
2026-01-23,-0.0390749419943186,-0.009539381186706164,-0.00988537945238932,-0.0015523782668169727,-0.022184384956124917,-0.016890557038193685
2026-01-27,-0.01576767892532538,0.005060152863462841,2.9060091031984925e-05,-0.0011171938298066564,0.0011152765804248671,-0.016882955505750245
2026-01-28,0.03035418387629374,0.006647346488174222,0.009888189443699513,-0.0008158536421554693,0.013289174895448194,0.017065008980845543
2026-01-29,-0.01391162623397224,0.0030048195489833507,-0.0010172054786683482,-0.0008097400550516683,-0.0014363023698123266,-0.012475323864159914
2026-01-30,0.0,-0.003865234077404689,0.0012959607933655803,-0.0012795449130089064,-0.005187645632929606,0.005187645632929606
2026-02-02,-0.024896280994711528,-0.00917235522852089,0.0005491561061211625,-0.0017249199236379577,-0.010876114446658017,-0.014020166548053511
2026-02-03,0.022978762362865668,0.025475932330218942,0.002555369029992427,-0.0012810255712185376,0.020822076968908712,0.002156685393956956
2026-02-04,0.0024958179557983406,0.0018831648283172964,0.004594227839461951,-0.0010810176763816682,0.0033646125967341186,-0.000868794640935778
2026-02-05,-0.01825728328186793,-0.00516756745616076,0.0029220338005877533,-0.0010632446776114358,-0.004334339495824308,-0.013922943786043623
2026-02-06,0.005071886728964747,0.0019849016468285186,-0.005593249363328834,-0.000846006069050657,-0.007225183062583901,0.012297069791548649
2026-02-09,0.023549177871002858,0.006756581098813275,0.006510505718084092,1.2883259297769015e-06,0.010552442051639082,0.012996735819363775
2026-02-10,0.0008217114888369181,0.0026229876069705504,0.0005539125234139686,0.00046485940204019825,0.0011496633574937913,-0.00032795186865687315
2026-02-11,-0.01642042347523298,0.0007209990483325601,0.000787417450700989,0.00030058544665541954,-0.00035721079427058003,-0.0160632126809624
2026-02-12,0.0041736387850921375,-0.00565042923620962,0.0011177950136378456,0.00029109610039916854,-0.005368481335531852,0.00954212012062399
2026-02-13,0.11554450325656407,-0.01302348257655217,-0.0038475594342874953,-7.96608441830086e-05,-0.01723591038983918,0.13278041364640325
2026-02-16,-0.04396424360906748,0.008309432803093486,-0.004462246967481098,0.00023303877184109126,0.00033898359227911914,-0.04430322720134659
2026-02-17,-0.01558844976262208,0.00166066292063749,-0.00029508023875890466,0.0005894528002017582,-0.00044791035683908404,-0.015140539405782997
2026-02-18,0.0015834919958939153,0.003652002197183979,0.0007177685754373719,0.0013221260166002761,0.0030143566376277155,-0.0014308646417338002
2026-02-19,-0.01976284644576498,-0.014136684522350174,-0.00216839602440555,0.0009300554479306574,-0.015403825797959545,-0.004359020647805436
2026-02-20,-0.03709677841115089,0.004592550680687868,-0.0005496512120264363,0.0007720386704794173,0.0019197402599091624,-0.03901651867106005
2026-02-23,0.02596318513494844,0.00554333479982394,-0.013818306757145682,0.0016401486153148996,-0.01064462326281564,0.03660780839776408
2026-02-24,-0.05469388377909756,-0.011214156627970318,0.008015426012465299,0.001019854788512568,-0.0019634614428430683,-0.052730422336254495
2026-02-25,0.0,0.002275335490801167,0.00430106637835781,0.0007553204744910021,0.005146473450477442,-0.005146473450477442
2026-02-26,0.0017271552586739514,0.0005513894339252978,0.00636248792448435,0.0006061587902603416,0.005759788791687626,-0.004032633533013675
2026-02-27,0.03189654080961346,-0.012468368500212268,0.001878186494173928,0.00029240632084113577,-0.010284548133235913,0.042181088942849373
2026-03-02,-0.04177109347083663,-0.012429227421638323,-0.0021989401186899293,0.0003071382483719613,-0.014600290351185334,-0.027170803119651296
2026-03-04,-0.03923276362588135,-0.015491187895474101,-0.003963570730221799,-0.0014524058329941506,-0.020754445706234005,-0.018478317919647345
2026-03-05,0.019963639221040275,0.011658274570576665,0.0033180407469246553,-0.0010601977038631285,0.010235751246632733,0.009727887974407542
2026-03-06,-0.016903877602516992,-0.012737318930444053,0.00417966072976772,-0.001370172286401422,-0.009646702153815225,-0.007257175448701768
2026-03-09,0.02805424982728133,-0.017275692308183932,-0.0008460265679051115,-0.002122891797500524,-0.01956324085031904,0.04761749067760037
2026-03-10,-0.012323890306294882,0.009719840791548862,0.006324681640110574,-0.002189390952572819,0.01073777658007336,-0.023061666886368244
2026-03-11,-0.008912689758447612,-0.01627056774308744,-0.0003691721068718179,-0.0027719494657492644,-0.01883225563978132,0.009919565881333709
2026-03-12,-0.007194237817389371,-0.009540396930332928,0.00519749337653741,-0.003030512815516132,-0.007466959551351086,0.00027272173396171526
2026-03-13,-0.008152187762578977,-0.02064586811222946,-0.004382079979851294,-0.003448759407125216,-0.027454975851116194,0.019302788088537217
2026-03-16,-0.03378994447525141,0.011131271353117311,-0.012851234697975111,-0.002533610713819936,-0.00892639699693604,-0.02486354747831537
2026-03-17,-0.009451831965108126,0.007362598835607637,0.0029458479605464216,-0.002730440343345116,0.004620446437636442,-0.014072278402744567
2026-03-18,0.03435120477827258,0.008339304375208911,0.012527107575706742,-0.002537433268912842,0.015879664310841646,0.018471540467430936
2026-03-19,-0.019372696973333325,-0.03262077926216955,-0.00025386225087498104,-0.0037100033202434467,-0.03335454733962464,0.013981850366291314
2026-03-20,0.01693323642877953,0.004884308965338757,0.0025293027163146853,-0.0027081366435127187,0.0021129703375393476,0.014820266091240182
2026-03-23,-0.061054650829498125,-0.026037751600726855,-0.010699827462860245,-0.0038026644160048155,-0.03908802964658963,-0.021966621182908493
2026-03-24,-0.013793043833504104,0.017756683156527453,0.00965906965171226,-0.0035102581147145747,0.01979117258906992,-0.033584216422574024
2026-03-25,-0.022977071993167897,0.01719805962740728,0.0035458659691343097,-0.002439907497952567,0.01380935465741605,-0.036786426650583945
2026-03-27,-0.0633946730559597,-0.02088905112938999,-0.00042815623382086443,-0.003314103165308585,-0.02329892299960823,-0.040095750056351465
2026-03-30,-0.06768557815361154,-0.02139385559374285,-0.00541488236406229,-0.0040568891399388254,-0.029773695148848464,-0.03791188300476307
2026-04-01,0.09016398843128282,0.015583438293735208,0.005246389086266623,-0.0027914588680630556,0.01393375119995248,0.07623023723133034
2026-04-02,0.1535982048387856,0.0014858954897207788,-0.0031171122890893965,-0.0021096554062074407,-0.006210184701862907,0.15980838954064852
2026-04-06,0.053072687210978575,0.01123362266767347,0.004266864894128641,-0.0008446291696739771,0.01110140848586442,0.04197127872511416
2026-04-07,-0.0380194773848076,0.0067658785769486585,-0.002471124621612919,-0.0012515479249790885,-0.00025550455130615046,-0.03776397283350145
2026-04-08,0.0735294285220669,0.03778379295615997,0.003089328097823696,0.0005993169981295067,0.03354737904941882,0.03998204947264808
2026-04-09,-0.033390439480547984,-0.009261439434677166,0.011482242863813608,0.0011302265987749934,0.0034938217531302013,-0.03688426123367818
2026-04-10,0.0,0.011587753764504383,0.0010951433911186026,0.0008622369487068645,0.009646527092609785,-0.009646527092609785
2026-04-13,-0.013286060145004108,-0.008646321593950623,0.0009817508964519162,0.0012628943946379903,-0.007097804533641224,-0.006188255611362884
2026-04-15,0.05475759765509136,0.016300637062472756,0.0065520968944510205,0.0023526713759659517,0.020880663263305475,0.033876934391785886
2026-04-16,0.030638268653382594,-0.0014258739785333319,0.007737501232178312,0.003299986600869768,0.00815962780709366,0.022478640846288936
2026-04-17,0.02064409637387188,0.006480241406387144,0.00600421650870353,0.002916229105759072,0.012581545592163361,0.008062550781708517
2026-04-20,-0.008899648845687502,0.00046394992773279853,-0.0023916372596713975,0.0025822337689025347,-0.001780943550527472,-0.0071187052951600304
2026-04-21,0.00081634521484375,0.008690798564113589,-0.004012306584763481,0.0023843564229895234,0.0032098330314273573,-0.0023934878165836073
2026-04-22,0.008156560026796322,-0.00807678861823835,0.00783936279949704,0.0035162211465327034,0.002885966952966681,0.005270593073829641
2026-04-23,-0.022653700707825464,-0.008411190019346093,0.0013087087768904881,0.0029420934129681664,-0.004935488877785608,-0.017718211830039854
2026-04-24,-0.016556275705983503,-0.011380506539678703,-9.210792987113248e-05,0.003952345101839559,-0.00795888935430766,-0.008597386351675843
2026-04-27,0.011784540570212165,0.008149234824183171,0.0070492491306004545,0.003177162418374189,0.015353646483889977,-0.0035691059136778117
2026-04-28,0.029118087725974018,-0.004026115924964935,0.006594360157878287,0.002267391453896041,0.0037576898440178385,0.025360397881956178
2026-04-29,0.009700880086439767,0.007582657634449097,-0.008201725781576186,0.003675388372983414,-0.0009630942680244455,0.010663974354464213
2026-04-30,-0.02882303148713483,-0.007449012061355398,-0.0011714699617018098,0.004546861076441766,-0.00523744436278114,-0.023585587124353692
2026-05-04,0.018136872625985845,0.005073434414612388,0.0009920411147819053,0.00387238307428534,0.006955124625196719,0.011181748000789126
2026-05-05,-0.03481783740031019,-0.0035863394542201554,0.004334016417754771,0.0035256710641832817,0.002918654548888899,-0.03773649194919909
2026-05-06,-0.007550348323141387,0.01240589643353629,0.009676610391014195,0.0038021186840878,0.022344145015416827,-0.029894493338558214
2026-05-07,0.025359272415014456,-0.00017668148029703623,0.01425613105561796,0.003489321453035754,0.01636713260411347,0.008992139810900985
2026-05-08,-0.01648803028674617,-0.006186630612244115,0.006791052738351122,0.0013077846605502727,0.0012292810786833355,-0.017717311365429506
2026-05-11,0.011735070081070997,-0.014903149402549887,0.006555817058841895,0.0013071666796462768,-0.0063499316969140174,0.018085001777985013
2026-05-12,-0.049709978704696955,-0.018319683541890175,-0.006023863455092537,0.00022973255833827304,-0.023719040993661653,-0.025990937711035302
2026-05-13,0.007846569354196253,0.0014135784059419176,0.004531740735977063,0.0007528843783500438,0.004666595794266976,0.0031799735599292774
2026-05-14,0.012110673405414829,0.011831236369372666,-0.00013917050620460003,0.0003442437216777041,0.008032262522221768,0.004078410883193061
2026-05-15,-0.006837600428224233,-0.0019459851637491088,-0.0029135631222944047,0.0002564974278759071,-0.006601719706771578,-0.00023588072145265537
2026-05-18,0.0060240701818949915,0.0002727692071817778,-0.0009559555966435207,-0.0002754803784799271,-0.00315348687790742,0.009177557059802412
2026-05-19,-0.01710862416118064,-0.0013509212410769411,0.010179917471025757,-0.00020521803618424057,0.007465407023919205,-0.024574031185099845
2026-05-20,-0.004351626782495344,0.0017359640951817301,0.003205578148734789,-0.0005542147792065707,0.002261527014399803,-0.006613153796895147
2026-05-21,-0.0026223543768859603,-0.00018178203854768427,-0.002429743226583736,-9.556804629317641e-05,-0.004939614918418547,0.002317260541532587
2026-05-22,0.005258581982392263,0.002731024474358801,-0.0013473730018973562,0.0001804141951135855,-0.0010675684608277226,0.006326150443219986
2026-05-25,0.0034873549190761466,0.01317064277657587,-0.00330983809790375,0.0012650034593281807,0.006650748801425791,-0.0031633938823496443
2026-05-26,-0.01650743095389806,-0.004910181295375682,0.010040362889994436,0.000786257921603565,0.0052776968267470555,-0.021785127780645116
2026-05-27,0.024735043656717748,-0.00027385257567613674,0.001051639123965109,0.0007915326881964353,-0.000438604490190958,0.025173648146908707
2026-05-29,-0.01379317205385755,-0.015033175629577955,0.00014164120486759302,-5.078378966526524e-05,-0.014628717987233933,0.0008355459333763832
2026-06-01,0.005244792116914532,-0.007013425513053284,-0.005070331319039778,9.707578686615e-05,-0.01332249085681138,0.01856728297372591
2026-06-02,0.001739170240319332,0.00431736306319519,-0.003848500912962516,-0.0002204899734281672,-0.0027960407730153037,0.004535211013334636
2026-06-03,-0.03125005174014095,-0.0033193946094914883,-0.0022801366577026583,-0.00035897327806084785,-0.007670232141594819,-0.02357981959854613
2026-06-04,0.019713285845592843,0.00046788683297016576,0.0038455648191051406,-0.0012218583368965585,0.0012384021783653884,0.018474883667227455
2026-06-05,0.014938495130436769,-0.0021289028843615165,-0.001679456886172992,-0.0010896831161841462,-0.00672945075634999,0.02166794588678676
2026-06-08,-0.04155848380813787,-0.010429338627102713,0.0011409541157836323,-0.0013402848553160985,-0.010929555471248147,-0.030628928336889724
2026-06-09,0.015356827550178531,0.005150698844224255,0.007112190675488295,-0.000711365628850861,0.009161096555869023,0.006195730994309508
2026-06-10,-0.021352293238907083,-0.0011681556778996294,-0.012914577847883968,0.0003276773721728076,-0.016581228687879996,-0.004771064551027087
2026-06-11,-0.0072727203369140625,-0.0022980713363744965,-0.005917017293458615,-9.078005505489537e-05,-0.010445540182694203,0.0031728198457801407
2026-06-12,0.012820544170753179,0.019916620139797336,0.0038241756044734565,-0.00017746115103583297,0.018568004850161655,-0.005747460679408477
2026-06-15,0.021699797650322372,0.009778646829145199,0.0038899134347691877,-9.830480041402853e-05,0.010192728634881423,0.011507069015440949
2026-06-16,0.09203539330076715,0.005669932287180934,0.00034370038418196636,0.00026257567135153553,0.0032913852803208776,0.08874400802044628
2026-06-17,-0.010534855172887103,0.004024687267071059,-0.001042944120948297,0.0005869879562345451,0.0007365957851760756,-0.011271450958063178
2026-06-18,-0.01965600084916852,0.0034169978003351087,-0.00017801982032006336,0.0007530780844067774,0.0013110363620251072,-0.020967037211193626
2026-06-19,0.005012486600159072,-0.006409317718677587,0.007450765395991321,4.8436080087496105e-06,0.0004950608344213139,0.004517425765737758
2026-06-22,-0.031587707637219076,0.0037396580495980825,-6.628152762355732e-05,7.435280203305821e-05,0.001049128517877358,-0.03263683615509643
2026-06-23,0.0008583887733291107,-0.005710947163791946,-0.0003309693520965329,-0.0012085067689342477,-0.008411723527058415,0.009270112300387526
