Date,Close,Log_Return,Vol_Shock_Ratio,Norm_Spread,Amihud_Ratio,Delivery_Divergence,Volatility_Squeeze,Positive_Streak,Return_Skewness,Gap_Up_Momentum,Volume_Gini_20D,OBV_Acceleration,Max_Drawdown_20D
2023-08-29,13.0000,0.0000,0.6599,0.0462,0.0000,0.0030,0.7404,0.0000,1.1470,0.0154,0.3996,-0.1513,0.0000
2023-08-29,13.0000,0.0000,0.7190,0.0462,0.0000,0.0000,0.7404,0.0000,1.1470,0.0154,0.3826,-0.2003,0.0077
2023-08-30,13.1000,0.0077,0.7228,0.0229,0.0000,0.0000,0.7541,1.0000,-0.7930,0.0192,0.3343,0.7646,0.0000
2023-08-30,13.1000,0.0000,0.8502,0.0229,0.0000,0.0000,0.7541,0.0000,-0.7930,0.0115,0.2514,1.3590,0.0115
2023-08-31,13.2500,0.0114,1.7095,0.0377,0.0000,0.0000,0.4145,1.0000,-0.9101,0.0153,0.2368,3.0339,0.0000
2023-08-31,13.2500,0.0000,1.7522,0.0377,0.0000,0.0000,0.4145,0.0000,-0.9101,0.0038,0.2190,2.5127,0.0075
2023-09-03,13.3500,0.0075,1.0308,0.0262,0.0000,0.0000,0.3113,1.0000,-1.1070,0.0000,0.2176,2.6319,0.0000
2023-09-03,13.3500,0.0000,1.0411,0.0262,0.0000,0.0000,0.3113,0.0000,-1.1070,-0.0075,0.2151,2.1497,0.0487
2023-09-04,14.0000,0.0475,4.3904,0.0679,0.0000,0.0000,0.9888,1.0000,1.3727,0.0000,0.3284,3.3702,0.0000
2023-09-04,14.0000,0.0000,3.6816,0.0679,0.0000,0.0000,0.9888,0.0000,1.3727,-0.0464,0.3889,2.5609,0.0036
2023-09-05,14.2000,0.0142,2.1149,0.0352,0.0000,0.0000,0.9879,1.0000,1.3898,0.0179,0.3986,2.7068,-0.0106
2023-09-05,14.2000,0.0000,1.9502,0.0352,0.0000,0.0000,0.9879,0.0000,1.3898,0.0035,0.3989,2.1960,-0.0106
2023-09-06,14.0500,-0.0106,0.6918,0.0356,0.0000,0.0000,1.0712,0.0000,1.3498,0.0141,0.3822,1.6689,0.0000
2023-09-06,14.0500,0.0000,0.6783,0.0356,0.0000,0.0016,1.0712,0.0000,1.3498,0.0249,0.3641,1.4757,0.0107
2023-09-07,14.2000,0.0106,1.0848,0.0282,0.0000,0.0025,1.0691,1.0000,2.6012,0.0178,0.3482,1.6497,0.0000
2023-09-07,14.2000,0.0000,1.0454,0.0282,0.0000,0.0001,1.0691,0.0000,2.6012,0.0070,0.3298,1.4687,0.0246
2023-09-10,15.1000,0.0615,4.6287,0.0861,0.0000,0.9878,1.5257,1.0000,2.4452,0.0211,0.4240,2.6724,-0.0364
2023-09-10,15.1000,0.0000,3.8294,0.0861,0.0000,0.0157,1.5257,0.0000,2.4452,-0.0397,0.4683,2.1914,-0.0364
2023-09-11,14.5500,-0.0371,3.0618,0.0962,0.0000,0.5912,1.5435,0.0000,1.2365,0.0132,0.4866,0.7497,-0.0137
2023-09-11,14.5500,0.0000,2.7093,0.0962,0.0000,0.0000,1.5435,0.0000,1.2365,0.0515,0.4891,0.6717,-0.0137
2023-09-12,14.9500,0.0271,0.8785,0.0769,0.0000,0.2564,1.5817,1.0000,0.9923,-0.0137,0.4740,1.0388,-0.0401
2023-09-12,14.9500,0.0000,0.8521,0.0769,0.0000,0.0000,1.5817,0.0000,0.9923,-0.0401,0.4569,0.9462,-0.0401
2023-09-13,14.7000,-0.0169,0.4462,0.0306,0.0000,0.0000,1.6177,0.0000,1.0075,0.0033,0.4456,0.6085,-0.0238
2023-09-13,14.7000,0.0000,0.4412,0.0306,0.0000,0.1205,1.6177,0.0000,1.0075,0.0204,0.4334,0.5335,-0.0238
2023-09-14,16.1000,0.0910,8.4563,0.0870,0.0000,3.6134,2.1025,1.0000,1.5217,0.0034,0.6095,3.9238,-0.1087
2023-09-14,16.1000,0.0000,5.9957,0.0870,0.0000,0.6355,2.1025,0.0000,1.5217,-0.0839,0.6540,2.8180,-0.1087
2023-09-17,15.7000,-0.0252,2.2539,0.0541,0.0000,0.8817,1.9465,0.0000,1.4515,0.0093,0.6369,1.3765,-0.0860
2023-09-17,15.7000,0.0000,2.0340,0.0541,0.0000,0.0462,1.9465,0.0000,1.4515,0.0350,0.6134,1.2360,-0.0860
2023-09-19,15.0500,-0.0423,0.5740,0.0598,0.0000,0.0338,1.9225,0.0000,1.4695,-0.0032,0.6100,0.8109,-0.0465
2023-09-19,15.0500,0.0000,0.5699,0.0598,0.0000,0.1645,1.9225,0.0000,1.4695,0.0399,0.6060,0.7324,-0.0465
2023-09-20,14.5500,-0.0338,0.7368,0.0619,0.0000,0.0069,1.9216,0.0000,1.4833,-0.0133,0.5921,0.2335,-0.0137
2023-09-20,14.5500,0.0000,0.7197,0.0619,0.0000,0.2736,1.9216,0.0000,1.4833,0.0206,0.5765,0.1853,-0.0137
2023-09-21,14.8000,0.0170,0.4879,0.0608,0.0000,0.2053,1.9326,1.0000,1.3368,0.0378,0.5573,0.4439,-0.0304
2023-09-21,14.8000,0.0000,0.4783,0.0608,0.0000,0.0052,1.9326,0.0000,1.3368,0.0203,0.5369,0.3807,-0.0304
2023-09-24,14.9500,0.0101,0.3589,0.0502,0.0000,0.1407,1.0231,1.0000,1.3404,0.0034,0.5254,0.5647,-0.0401
2023-09-24,14.9500,0.0000,0.3551,0.0502,0.0000,0.0071,1.0231,0.0000,1.3404,-0.0067,0.5130,0.4949,-0.0401
2023-09-25,14.5500,-0.0271,0.3495,0.0481,0.0000,0.1182,1.0211,0.0000,1.6853,0.0134,0.5252,0.1968,-0.0137
2023-09-25,14.5500,0.0000,0.3580,0.0481,0.0000,0.0000,1.0211,0.0000,1.6853,0.0412,0.5355,0.1554,-0.0137
2023-09-26,14.3500,-0.0138,0.3026,0.0383,0.0000,0.0000,0.8209,0.0000,1.8689,0.0034,0.5478,-0.1289,0.0000
2023-09-26,14.3500,0.0000,0.3103,0.0383,0.0000,0.0979,0.8209,0.0000,1.8689,0.0174,0.5581,-0.2048,0.0139
2023-09-27,14.6000,0.0173,0.3510,0.0411,0.0000,0.0004,0.7005,1.0000,1.9766,0.0174,0.5538,-0.0027,-0.0034
2023-09-27,14.6000,0.0000,0.3496,0.0411,0.0000,0.1213,0.7005,0.0000,1.9766,0.0000,0.5490,-0.0835,-0.0034
2023-09-28,14.9000,0.0203,0.2760,0.0436,0.0000,0.0000,0.7279,1.0000,1.7560,0.0171,0.5397,0.0696,-0.0235
2023-09-28,14.9000,0.0000,0.2742,0.0436,0.0000,0.1152,0.7279,0.0000,1.7560,-0.0034,0.5298,-0.0464,-0.0235
2023-10-02,14.5500,-0.0238,0.4031,0.0378,0.0000,0.0000,0.8044,0.0000,-0.6651,0.0000,0.4757,-0.3271,0.0000
2023-10-02,14.5500,0.0000,0.5541,0.0378,0.0000,0.2582,0.8044,0.0000,-0.6651,0.0241,0.3435,-0.2503,0.0172
2023-10-03,14.8000,0.0170,0.6097,0.0405,0.0000,0.0000,0.7225,1.0000,-0.8600,-0.0172,0.2814,0.7465,0.0000
2023-10-03,14.8000,0.0000,0.7325,0.0405,0.0000,0.2821,0.7225,0.0000,-0.8600,-0.0338,0.1742,0.9390,0.0034
2023-10-04,15.3500,0.0365,2.4504,0.0782,0.0000,0.0103,0.8490,1.0000,-0.2156,0.0270,0.2158,3.1348,-0.0326
2023-10-04,15.3500,0.0000,2.3141,0.0782,0.0000,0.8912,0.8490,0.0000,-0.2156,-0.0098,0.2471,2.4500,-0.0326
2023-10-05,15.9500,0.0383,1.6849,0.0470,0.0000,0.5867,0.9681,1.0000,0.2396,0.0065,0.2497,2.9015,-0.0690
2023-10-05,15.9500,0.0000,1.6765,0.0470,0.0000,0.0070,0.9681,0.0000,0.2396,-0.0313,0.2517,2.3503,-0.0690
2023-10-08,14.9000,-0.0681,2.2549,0.1074,0.0000,0.0000,1.4370,0.0000,-1.1445,0.0188,0.2779,0.7498,-0.0805
2023-10-08,14.9000,0.0000,2.1241,0.1074,0.0000,1.0654,1.4370,0.0000,-1.1445,0.0906,0.2953,0.6788,-0.0805
2023-10-09,16.0500,0.0743,6.7914,0.1153,0.0000,0.0000,1.6515,1.0000,0.0510,0.0403,0.4776,3.6791,-0.1464
2023-10-09,16.0500,0.0000,5.1664,0.1153,0.0000,2.8627,1.6515,0.0000,0.0510,-0.0343,0.5488,2.6963,-0.1464
2023-10-10,15.8500,-0.0125,1.2026,0.0662,0.0000,0.0000,1.6742,0.0000,0.0351,0.0218,0.5398,1.7475,-0.1356
2023-10-10,15.8500,0.0000,1.1535,0.0662,0.0000,0.4947,1.6742,0.0000,0.0351,0.0347,0.5274,1.5357,-0.1356
2023-10-11,15.2500,-0.0386,2.0818,0.0754,0.0000,0.0000,1.6830,0.0000,-0.0018,0.0095,0.5224,0.3288,-0.1016
2023-10-11,15.2500,0.0000,1.9073,0.0754,0.0000,0.9838,1.6830,0.0000,-0.0018,0.0492,0.5099,0.2710,-0.1016
2023-10-12,15.0000,-0.0165,1.0217,0.0400,0.0000,0.0012,1.5743,0.0000,0.1673,0.0033,0.4907,-0.4288,-0.0867
2023-10-12,15.0000,0.0000,0.9839,0.0400,0.0000,0.4197,1.5743,0.0000,0.1673,0.0200,0.4693,-0.4615,-0.0867
2023-10-15,14.8500,-0.0101,0.7584,0.0337,0.0000,0.3738,1.2635,0.0000,0.3271,0.0100,0.4452,-0.9925,-0.0774
2023-10-15,14.8500,0.0000,0.7374,0.0337,0.0000,0.0000,1.2635,0.0000,0.3271,0.0202,0.4196,-0.9748,-0.0774
2023-10-16,14.9000,0.0034,0.6831,0.0403,0.0000,0.0000,0.5596,1.0000,0.2202,0.0135,0.3959,-0.4958,-0.0805
2023-10-16,14.9000,0.0000,0.6672,0.0403,0.0000,0.3472,0.5596,0.0000,0.2202,0.0101,0.3709,-0.5309,-0.0805
2023-10-17,14.9000,0.0000,0.3784,0.0268,0.0000,0.0000,0.5623,0.0000,0.3166,0.0067,0.3593,-0.5558,-0.0805
2023-10-17,14.9000,0.0000,0.3748,0.0268,0.0000,0.1514,0.5623,0.0000,0.3166,0.0067,0.3469,-0.5817,-0.0805
2023-10-18,15.1500,0.0166,0.5881,0.0429,0.0000,0.1974,0.3800,1.0000,0.3493,-0.0101,0.3502,-0.1073,-0.0957
2023-10-18,15.1500,0.0000,0.5903,0.0429,0.0000,0.0000,0.3800,0.0000,0.3493,-0.0264,0.3531,-0.1228,-0.0957
2023-10-19,14.8500,-0.0200,0.4918,0.0404,0.0000,0.2198,0.4209,0.0000,0.5570,0.0066,0.3529,-0.5047,-0.0774
2023-10-19,14.8500,0.0000,0.4917,0.0404,0.0000,0.0038,0.4209,0.0000,0.5570,0.0269,0.3526,-0.4760,-0.0774
2023-10-22,13.7000,-0.0806,0.8285,0.0949,0.0000,0.0000,1.1584,0.0000,0.0044,-0.0034,0.3516,-1.1036,0.0000
2023-10-22,13.7000,0.0000,0.8229,0.0949,0.0000,0.3948,1.1584,0.0000,0.0044,0.0803,0.3500,-1.0473,0.0036
2023-10-24,13.9500,0.0181,0.5445,0.0717,0.0000,0.0000,1.2068,1.0000,-2.4467,0.0073,0.3015,-0.6089,-0.0143
2023-10-24,13.9500,0.0000,0.6472,0.0717,0.0000,0.3305,1.2068,0.0000,-2.4467,-0.0108,0.2158,-0.5586,-0.0143
2023-10-25,14.0000,0.0036,0.5517,0.0607,0.0000,0.0000,1.2125,1.0000,-2.5355,0.0000,0.2279,0.0093,-0.0179
2023-10-25,14.0000,0.0000,0.5674,0.0607,0.0000,0.2414,1.2125,0.0000,-2.5355,-0.0036,0.2379,0.2552,-0.0179
2023-10-26,14.1500,0.0107,0.6931,0.0777,0.0000,0.3901,1.1954,1.0000,-3.1163,0.0036,0.2077,1.2727,-0.0283
2023-10-26,14.1500,0.0000,0.7600,0.0777,0.0000,0.0000,1.1954,0.0000,-3.1163,-0.0071,0.1620,1.3995,-0.0283
2023-10-29,14.1500,0.0000,0.1540,0.0212,0.0000,0.0592,1.1834,0.0000,-3.3400,0.0000,0.1892,1.2751,-0.0283
2023-10-29,14.1500,0.0000,0.1661,0.0212,0.0000,0.0000,1.1834,0.0000,-3.3400,0.0000,0.2130,1.1680,-0.0283
2023-10-30,13.9500,-0.0142,0.2851,0.0323,0.0000,0.1246,0.3599,0.0000,-3.2632,0.0000,0.2394,0.7961,-0.0143
2023-10-30,13.9500,0.0000,0.3029,0.0323,0.0000,0.0001,0.3599,0.0000,-3.2632,0.0143,0.2630,0.7211,-0.0143
2023-10-31,13.8000,-0.0108,0.2739,0.0326,0.0000,0.0001,0.3024,0.0000,-3.1462,-0.0036,0.2879,0.4041,-0.0036
2023-10-31,13.8000,0.0000,0.2927,0.0326,0.0000,0.1127,0.3024,0.0000,-3.1462,0.0072,0.3093,0.3649,-0.0036
2023-11-01,13.7500,-0.0036,0.2872,0.0291,0.0000,0.0000,0.2958,0.0000,-3.1260,0.0072,0.3334,0.0766,0.0000
2023-11-01,13.7500,0.0000,0.2976,0.0291,0.0000,0.1120,0.2958,0.0000,-3.1260,0.0109,0.3555,0.0505,0.0036
2023-11-02,13.8000,0.0036,0.4614,0.0290,0.0000,0.0000,0.2447,1.0000,-3.3268,0.0036,0.3710,0.4723,0.0000
2023-11-02,13.8000,0.0000,0.4920,0.0290,0.0000,0.2570,0.2447,0.0000,-3.3268,0.0000,0.3819,0.5090,0.0109
2023-11-05,14.1000,0.0215,1.1380,0.0638,0.0000,0.5215,0.4113,1.0000,-3.2816,0.0109,0.3836,1.2804,-0.0106
2023-11-05,14.1000,0.0000,1.1617,0.0638,0.0000,0.0013,0.4113,0.0000,-3.2816,-0.0106,0.3833,1.1597,-0.0106
2023-11-06,14.0500,-0.0036,0.7116,0.0391,0.0000,0.3605,0.3586,0.0000,0.9047,0.0000,0.3619,0.6419,-0.0071
2023-11-06,14.0500,0.0000,0.8027,0.0391,0.0000,0.0000,0.3586,0.0000,0.9047,0.0036,0.3221,0.6205,-0.0071
2023-11-07,14.2500,0.0141,0.8983,0.0246,0.0000,0.0000,0.3539,1.0000,0.7990,0.0000,0.3164,1.3405,-0.0211
2023-11-07,14.2500,0.0000,0.9521,0.0246,0.0000,0.2753,0.3539,0.0000,0.7990,-0.0140,0.3041,1.4013,-0.0211
2023-11-08,14.0500,-0.0141,0.4187,0.0320,0.0000,0.1953,0.4189,0.0000,0.6217,0.0140,0.3116,0.8936,-0.0071
2023-11-08,14.0500,0.0000,0.4527,0.0320,0.0000,0.0000,0.4189,0.0000,0.6217,0.0285,0.3122,0.8267,-0.0071
2023-11-09,13.9500,-0.0071,0.8007,0.0287,0.0000,0.0811,0.4471,0.0000,0.8746,0.0142,0.2868,0.0308,0.0000
2023-11-09,13.9500,0.0000,0.8764,0.0287,0.0000,0.3357,0.4471,0.0000,0.8746,0.0215,0.2471,0.0466,0.0251
2023-11-12,14.3000,0.0248,0.8710,0.0350,0.0000,0.0009,0.4787,1.0000,1.0474,0.0108,0.2351,0.8341,0.0000
2023-11-12,14.3000,0.0000,0.8558,0.0350,0.0000,0.2350,0.4787,0.0000,1.0474,-0.0140,0.2217,0.7970,0.0420
2023-11-14,15.3500,0.0709,5.4292,0.0977,0.0000,2.7445,1.0194,1.0000,2.8200,0.0210,0.3785,3.6504,-0.0293
2023-11-14,15.3500,0.0000,4.3770,0.0977,0.0000,1.6339,1.0194,0.0000,2.8200,-0.0489,0.4552,2.6850,-0.0293
2023-11-15,14.9000,-0.0298,1.4469,0.0604,0.0000,0.0000,1.1256,0.0000,2.1539,0.0228,0.4523,1.5382,0.0000
2023-11-15,14.9000,0.0000,1.3751,0.0604,0.0000,0.4996,1.1256,0.0000,2.1539,0.0537,0.4448,1.3705,0.0067
2023-11-16,15.0500,0.0100,1.0260,0.0365,0.0000,0.0000,1.1343,1.0000,2.0539,-0.0034,0.4318,1.7696,-0.0033
2023-11-16,15.0500,0.0000,0.9925,0.0365,0.0000,0.4241,1.1343,0.0000,2.0539,-0.0133,0.4164,1.5729,-0.0033
2023-11-19,15.4000,0.0230,1.1389,0.0390,0.0000,0.0000,1.1424,1.0000,1.8072,0.0033,0.4072,1.9501,-0.0260
2023-11-19,15.4000,0.0000,1.1025,0.0390,0.0000,0.3527,1.1424,0.0000,1.8072,-0.0195,0.3954,1.7057,-0.0260
2023-11-20,15.1000,-0.0197,0.6693,0.0497,0.0000,0.2678,1.1878,0.0000,1.9053,0.0097,0.4011,1.1975,-0.0066
2023-11-20,15.1000,0.0000,0.6831,0.0497,0.0000,0.0000,1.1878,0.0000,1.9053,0.0298,0.4050,1.0812,-0.0066
2023-11-21,15.0000,-0.0066,0.6111,0.0500,0.0000,0.2956,0.6364,0.0000,1.9068,-0.0033,0.4048,0.6851,0.0000
2023-11-21,15.0000,0.0000,0.6109,0.0500,0.0000,0.0000,0.6364,0.0000,1.9068,0.0033,0.4044,0.6096,0.0033
2023-11-22,15.2000,0.0132,0.6011,0.0461,0.0000,0.0000,0.5574,1.0000,1.9189,-0.0167,0.4056,0.8478,-0.0099
2023-11-22,15.2000,0.0000,0.6022,0.0461,0.0000,0.1717,0.5574,0.0000,1.9189,-0.0296,0.4065,0.7643,-0.0099
2023-11-23,15.1000,-0.0066,0.2381,0.0199,0.0000,0.1052,0.5573,0.0000,1.9668,0.0000,0.4082,0.5568,-0.0033
2023-11-23,15.1000,0.0000,0.2384,0.0199,0.0000,0.0000,0.5573,0.0000,1.9668,0.0066,0.4097,0.4820,-0.0033
2023-11-27,15.4000,0.0197,1.2857,0.0519,0.0000,0.0000,0.5330,1.0000,1.7423,0.0000,0.3985,1.2409,-0.0227
2023-11-27,15.4000,0.0000,1.2317,0.0519,0.0000,0.4533,0.5330,0.0000,1.7423,-0.0195,0.3840,1.2143,-0.0227
2023-11-28,15.2000,-0.0131,0.3785,0.0329,0.0000,0.0012,0.4795,0.0000,2.0078,0.0000,0.3850,0.8840,-0.0099
2023-11-28,15.2000,0.0000,0.3789,0.0329,0.0000,0.1253,0.4795,0.0000,2.0078,0.0132,0.3859,1.0220,-0.0099
2023-11-29,15.0500,-0.0099,0.6244,0.0299,0.0000,0.0000,0.4974,0.0000,-0.2071,0.0000,0.3382,0.1848,0.0000
2023-11-29,15.0500,0.0000,0.7444,0.0299,0.0000,0.2928,0.4974,0.0000,-0.2071,0.0100,0.2528,0.1655,0.0000
2023-11-30,15.5500,0.0327,2.9273,0.0675,0.0000,1.3489,0.6876,1.0000,0.8552,0.0033,0.3021,2.8280,-0.0322
2023-11-30,15.5500,0.0000,2.7303,0.0675,0.0000,0.0000,0.6876,0.0000,0.8552,-0.0289,0.3380,2.3949,-0.0322
2023-12-03,15.0500,-0.0327,1.2208,0.0664,0.0000,0.5008,0.8728,0.0000,0.2068,0.0129,0.3381,1.0627,0.0000
2023-12-03,15.0500,0.0000,1.2111,0.0664,0.0000,0.0000,0.8728,0.0000,0.2068,0.0465,0.3374,0.9618,0.0731
2023-12-04,16.6500,0.1010,8.0014,0.1321,0.0000,4.4504,1.6061,1.0000,2.7406,0.0100,0.5475,4.0328,-0.0300
2023-12-04,16.6500,0.0000,5.8828,0.1321,0.0000,0.0000,1.6061,0.0000,2.7406,-0.0871,0.6199,2.8430,-0.0300
2023-12-05,16.1500,-0.0305,1.3239,0.0619,0.0000,0.0000,1.6580,0.0000,2.5454,0.0150,0.6123,1.8320,0.0000
2023-12-05,16.1500,0.0000,1.2613,0.0619,0.0000,0.7191,1.6580,0.0000,2.5454,0.0464,0.6008,1.6002,0.0124
2023-12-06,17.1500,0.0601,3.3133,0.1224,0.0000,1.8024,1.7348,1.0000,1.9499,0.0279,0.6034,2.5899,-0.0466
2023-12-06,17.1500,0.0000,2.8719,0.1224,0.0000,0.0000,1.7348,0.0000,1.9499,-0.0321,0.5919,2.1304,-0.0466
2023-12-07,18.4000,0.0704,5.0617,0.1060,0.0000,3.0983,1.8144,1.0000,1.5624,0.0117,0.6182,3.2177,-0.1114
2023-12-07,18.4000,0.0000,4.0644,0.1060,0.0000,1.8403,1.8144,0.0000,1.5624,-0.0571,0.6145,2.4841,-0.1114
2023-12-10,18.4500,0.0027,0.8573,0.0650,0.0000,0.3991,1.6932,1.0000,1.5466,0.0163,0.5895,2.2832,-0.1138
2023-12-10,18.4500,0.0000,0.8239,0.0650,0.0000,0.0000,1.6932,0.0000,1.5466,0.0136,0.5626,1.9304,-0.1138
2023-12-11,18.1000,-0.0192,0.4510,0.0525,0.0000,0.2656,1.3086,0.0000,1.6261,0.0081,0.5545,1.5588,-0.0967
2023-12-11,18.1000,0.0000,0.4466,0.0525,0.0000,0.0286,1.3086,0.0000,1.6261,0.0276,0.5456,1.3874,-0.0967
2023-12-12,18.4000,0.0164,0.2933,0.0543,0.0000,0.1561,1.1967,1.0000,1.5432,0.0055,0.5331,1.3254,-0.1114
2023-12-12,18.4000,0.0000,0.2901,0.0543,0.0000,0.0035,1.1967,0.0000,1.5432,-0.0109,0.5199,1.1949,-0.1114
2023-12-13,18.1500,-0.0137,0.1864,0.0441,0.0000,0.0000,1.0702,0.0000,1.5361,0.0217,0.5143,1.0308,-0.0992
2023-12-13,18.1500,0.0000,0.1857,0.0441,0.0000,0.0705,1.0702,0.0000,1.5361,0.0358,0.5085,0.9371,-0.0992
2023-12-14,17.7000,-0.0251,0.2636,0.0593,0.0000,0.1175,0.5519,0.0000,1.6897,0.0055,0.5166,0.7691,-0.0763
2023-12-14,17.7000,0.0000,0.2661,0.0593,0.0000,0.0000,0.5519,0.0000,1.6897,0.0311,0.5240,0.6912,-0.0763
2023-12-17,17.6000,-0.0057,0.1851,0.0313,0.0000,0.0963,0.5428,0.0000,1.8345,-0.0169,0.5253,0.5526,-0.0710
2023-12-17,17.6000,0.0000,0.1852,0.0313,0.0000,0.0000,0.5428,0.0000,1.8345,-0.0114,0.5265,0.4791,-0.0710
2023-12-18,17.6500,0.0028,0.3242,0.0510,0.0000,0.0000,0.5077,1.0000,1.8091,0.0057,0.5375,0.5304,-0.0737
2023-12-18,17.6500,0.0000,0.3605,0.0510,0.0000,0.2209,0.5077,0.0000,1.8091,0.0028,0.5398,0.4544,-0.0737
2023-12-19,16.3500,-0.0765,0.4968,0.1070,0.0000,0.1019,1.0624,0.0000,0.1611,0.0085,0.5420,0.1492,0.0000
2023-12-19,16.3500,0.0000,0.4998,0.1070,0.0000,0.2454,1.0624,0.0000,0.1611,0.0887,0.5437,-0.0025,0.0214
2023-12-20,16.9500,0.0360,0.1921,0.0501,0.0000,0.1132,1.2354,1.0000,-0.1527,-0.0061,0.5571,-0.0496,-0.0147
2023-12-20,16.9500,0.0000,0.2125,0.0501,0.0000,0.0000,1.2354,0.0000,-0.1527,-0.0413,0.5628,-0.7893,-0.0147
2023-12-21,17.0500,0.0059,0.3857,0.0352,0.0000,0.2212,1.2125,1.0000,-2.0440,0.0088,0.4899,-0.1804,-0.0205
2023-12-21,17.0500,0.0000,0.5931,0.0352,0.0000,0.0000,1.2125,0.0000,-2.0440,0.0029,0.2849,-0.2274,-0.0205
2023-12-25,16.7000,-0.0207,1.3034,0.1078,0.0000,1.0413,1.2285,0.0000,-1.8147,0.0000,0.2486,-1.5181,0.0000
2023-12-25,16.7000,0.0000,1.3986,0.1078,0.0000,0.5263,1.2285,0.0000,-1.8147,0.0210,0.1996,-1.4410,0.0060
2023-12-26,16.8000,0.0060,1.6022,0.0655,0.0000,0.0000,1.2362,1.0000,-2.0232,0.0120,0.2005,0.3797,0.0000
2023-12-26,16.8000,0.0000,1.6003,0.0655,0.0000,1.2715,1.2362,0.0000,-2.0232,0.0060,0.2012,0.3963,0.0030
2023-12-27,16.8500,0.0030,1.3949,0.0297,0.0000,0.0000,0.5980,1.0000,-2.1068,0.0149,0.2042,1.9840,0.0000
2023-12-27,16.8500,0.0000,1.3698,0.0297,0.0000,1.1580,0.5980,0.0000,-2.1068,0.0119,0.2052,1.9472,0.0089
2023-12-28,17.1000,0.0147,1.4596,0.0497,0.0000,0.0000,0.4170,1.0000,-2.1937,0.0000,0.2014,2.7828,-0.0058
2023-12-28,17.1000,0.0000,1.4011,0.0497,0.0000,1.0855,0.4170,0.0000,-2.1937,-0.0146,0.1939,2.2896,-0.0058
2023-12-31,17.1500,0.0029,1.0951,0.0466,0.0000,0.0000,0.4119,1.0000,-2.5566,0.0000,0.1898,2.4768,-0.0087
2023-12-31,17.1500,0.0000,1.0808,0.0466,0.0000,0.8079,0.4119,0.0000,-2.5566,-0.0029,0.1845,2.0523,-0.0087
2024-01-01,17.0000,-0.0088,1.2404,0.0471,0.0000,0.9347,0.2767,0.0000,-2.5164,0.0000,0.1698,1.1412,0.0000
2024-01-01,17.0000,0.0000,1.1990,0.0471,0.0000,0.0520,0.2767,0.0000,-2.5164,0.0088,0.1528,1.0314,0.0176
2024-01-02,17.3000,0.0175,1.2416,0.0462,0.0000,0.8415,0.3585,1.0000,-2.4353,-0.0029,0.1472,1.6021,0.0000
2024-01-02,17.3000,0.0000,1.2165,0.0462,0.0000,0.0027,0.3585,0.0000,-2.4353,-0.0202,0.1398,1.4213,0.0260
2024-01-03,17.7500,0.0257,1.0920,0.0394,0.0000,0.7042,0.4879,1.0000,0.9469,0.0029,0.1400,1.7851,0.0000
2024-01-03,17.7500,0.0000,1.0932,0.0394,0.0000,0.0000,0.4879,0.0000,0.9469,-0.0225,0.1401,1.5845,0.0000
2024-01-04,17.7500,0.0000,1.5326,0.0535,0.0000,0.0000,0.4682,0.0000,0.3221,0.0028,0.1299,1.4170,0.0000
2024-01-04,17.7500,0.0000,1.4483,0.0535,0.0000,0.8480,0.4682,0.0000,0.3221,0.0028,0.1153,1.2803,0.0535
2024-01-07,19.4000,0.0889,3.3775,0.0876,0.0000,1.8840,1.2331,1.0000,3.1769,0.0141,0.1943,2.6854,-0.0490
2024-01-07,19.4000,0.0000,2.9396,0.0876,0.0000,0.0414,1.2331,0.0000,3.1769,-0.0722,0.2399,2.2058,-0.0490
2024-01-08,18.7000,-0.0367,1.5630,0.0775,0.0000,0.7859,1.3588,0.0000,2.4774,0.0206,0.2556,1.1897,-0.0134
2024-01-08,18.7000,0.0000,1.4970,0.0775,0.0000,0.0133,1.3588,0.0000,2.4774,0.0588,0.2656,1.1009,-0.0134
2024-01-09,20.5000,0.0919,4.8917,0.1488,0.0000,3.4795,1.6300,1.0000,2.0259,0.0134,0.3900,3.2793,-0.1000
2024-01-09,20.5000,0.0000,4.0254,0.1488,0.0000,0.5483,1.6300,0.0000,2.0259,-0.0756,0.4525,2.5483,-0.1000
2024-01-10,20.4000,-0.0049,0.8097,0.0392,0.0000,0.5116,1.6493,0.0000,2.0335,0.0098,0.4474,1.7905,-0.0956
2024-01-10,20.4000,0.0000,0.7942,0.0392,0.0000,0.0000,1.6493,0.0000,2.0335,0.0147,0.4406,1.5779,-0.0956
2024-01-11,20.6000,0.0098,1.0088,0.0704,0.0000,0.6643,1.6399,1.0000,2.0657,0.0123,0.4344,1.8236,-0.1044
2024-01-11,20.6000,0.0000,0.9812,0.0704,0.0000,0.0000,1.6399,0.0000,2.0657,0.0024,0.4258,1.6006,-0.1044
2024-01-14,21.2500,0.0311,0.6841,0.0871,0.0000,0.4032,1.3093,1.0000,1.8641,0.0073,0.4133,1.6877,-0.1318
2024-01-14,21.2500,0.0000,0.6724,0.0871,0.0000,0.0375,1.3093,0.0000,1.8641,-0.0235,0.3996,1.4935,-0.1318
2024-01-15,20.2500,-0.0482,0.5224,0.0642,0.0000,0.2427,1.3554,0.0000,1.3451,0.0000,0.3938,1.1362,-0.0889
2024-01-15,20.2500,0.0000,0.5191,0.0642,0.0000,0.1164,1.3554,0.0000,1.3451,0.0494,0.3875,1.0341,-0.0889
2024-01-16,20.4500,0.0098,0.7688,0.0758,0.0000,0.4633,0.7580,1.0000,1.3906,-0.0049,0.3753,1.2709,-0.0978
2024-01-16,20.4500,0.0000,0.7550,0.0758,0.0000,0.0600,0.7580,0.0000,1.3906,-0.0147,0.3617,1.1595,-0.0978
2024-01-17,20.9500,0.0242,0.6388,0.0764,0.0000,0.3918,0.8094,1.0000,1.4014,0.0000,0.3470,1.3458,-0.1193
2024-01-17,20.9500,0.0000,0.6297,0.0764,0.0000,0.0000,0.8094,0.0000,1.4014,-0.0239,0.3313,1.2344,-0.1193
2024-01-18,20.7500,-0.0096,0.2484,0.0386,0.0000,0.1396,0.8466,0.0000,1.4165,0.0072,0.3485,1.0236,-0.1108
2024-01-18,20.7500,0.0000,0.2519,0.0386,0.0000,0.0000,0.8466,0.0000,1.4165,0.0169,0.3648,0.9637,-0.1108
2024-01-22,18.4500,-0.1175,0.4473,0.1707,0.0000,0.1957,1.4575,0.0000,-0.7935,-0.0096,0.3701,0.6291,0.0000
2024-01-22,18.4500,0.0000,0.4729,0.1707,0.0000,0.0001,1.4575,0.0000,-0.7935,0.1138,0.3703,0.5546,0.0678
2024-01-23,19.7000,0.0656,0.3815,0.0685,0.0000,0.2310,1.5927,1.0000,-0.7876,0.0163,0.3871,0.7611,0.0000
2024-01-23,19.7000,0.0000,0.3921,0.0685,0.0000,0.0022,1.5927,0.0000,-0.7876,-0.0482,0.4020,0.8714,0.0025
2024-01-24,20.1000,0.0201,0.6502,0.0672,0.0000,0.0000,1.6088,1.0000,-1.8903,0.0000,0.3294,1.3288,-0.0174
2024-01-24,20.1000,0.0000,0.8188,0.0672,0.0000,0.5141,1.6088,0.0000,-1.8903,-0.0199,0.1932,1.1994,-0.0174
2024-01-28,20.9000,0.0390,1.0966,0.0622,0.0000,0.0000,1.6406,1.0000,-1.8410,0.0075,0.1926,1.8533,-0.0550
2024-01-28,20.9000,0.0000,1.1045,0.0622,0.0000,0.6918,1.6406,0.0000,-1.8410,-0.0311,0.1912,1.8040,-0.0550
2024-01-29,20.2500,-0.0316,0.7446,0.0642,0.0000,0.0000,1.6622,0.0000,-1.5948,0.0239,0.1838,1.1234,-0.0247
2024-01-29,20.2500,0.0000,0.7824,0.0642,0.0000,0.4224,1.6622,0.0000,-1.5948,0.0568,0.1707,1.0426,-0.0247
2024-01-30,20.2500,0.0000,0.4047,0.0247,0.0000,0.0255,0.9158,0.0000,-1.5988,0.0000,0.1914,0.9434,-0.0247
2024-01-30,20.2500,0.0000,0.4244,0.0247,0.0000,0.1814,0.9158,0.0000,-1.5988,0.0000,0.2092,0.8531,-0.0247
2024-01-31,19.7500,-0.0250,0.5204,0.0405,0.0000,0.0000,0.6812,0.0000,-1.7653,0.0000,0.2239,0.3918,0.0000
2024-01-31,19.7500,0.0000,0.5367,0.0405,0.0000,0.2285,0.6812,0.0000,-1.7653,0.0253,0.2365,0.3049,0.0000
2024-02-01,19.7500,0.0000,0.5546,0.0278,0.0000,0.0000,0.6394,0.0000,-1.7344,0.0101,0.2348,0.2320,0.0000
2024-02-01,19.7500,0.0000,0.5937,0.0278,0.0000,0.3089,0.6394,0.0000,-1.7344,0.0101,0.2258,0.1522,0.0405
2024-02-04,20.5500,0.0397,2.2741,0.0754,0.0000,0.3529,0.6405,1.0000,-1.6208,0.0076,0.2478,2.0389,0.0000
2024-02-04,20.5500,0.0000,2.2071,0.0754,0.0000,1.3282,0.6405,0.0000,-1.6208,-0.0316,0.2655,1.7562,0.0487
2024-02-05,23.0000,0.1126,3.6597,0.1717,0.0000,1.9492,1.2206,1.0000,-0.2743,0.0073,0.3391,3.2799,-0.0630
2024-02-05,23.0000,0.0000,3.1647,0.1717,0.0000,1.6352,1.2206,0.0000,-0.2743,-0.1000,0.3792,2.5180,-0.0630
2024-02-06,24.4500,0.0611,3.1671,0.0491,0.0000,1.6529,1.2837,1.0000,1.5589,0.0826,0.4185,3.1238,-0.1186
2024-02-06,24.4500,0.0000,2.8165,0.0491,0.0000,0.0000,1.2837,0.0000,1.5589,0.0184,0.4380,2.4577,-0.1186
2024-02-07,24.5500,0.0041,1.8905,0.0957,0.0000,0.0000,1.2148,1.0000,1.9777,0.0061,0.4329,2.5863,-0.1222
2024-02-07,24.5500,0.0000,1.7625,0.0957,0.0000,1.0870,1.2148,0.0000,1.9777,0.0020,0.4216,2.1330,-0.1222
2024-02-08,23.3000,-0.0523,1.0166,0.1073,0.0000,0.6630,1.4656,0.0000,1.5137,0.0143,0.4135,1.5245,-0.0751
2024-02-08,23.3000,0.0000,0.9934,0.1073,0.0000,0.0018,1.4656,0.0000,1.5137,0.0687,0.4034,1.3585,-0.0751
2024-02-11,21.5500,-0.0781,0.5673,0.1021,0.0000,0.1431,1.6734,0.0000,0.9336,0.0086,0.4076,1.0415,0.0000
2024-02-11,21.5500,0.0000,0.5716,0.1021,0.0000,0.3590,1.6734,0.0000,0.9336,0.0905,0.4111,0.9436,0.0000
2024-02-12,21.5500,0.0000,0.4000,0.0626,0.0000,0.0078,1.1881,0.0000,0.8930,0.0046,0.4137,0.8533,0.0000
2024-02-12,21.5500,0.0000,0.4014,0.0626,0.0000,0.2601,1.1881,0.0000,0.8930,0.0046,0.4160,0.7696,0.0162
2024-02-13,22.0000,0.0207,0.2991,0.0500,0.0000,0.0000,0.9986,1.0000,0.7949,-0.0139,0.4122,0.7907,-0.0432
2024-02-13,22.0000,0.0000,0.2981,0.0500,0.0000,0.1735,0.9986,0.0000,0.7949,-0.0341,0.4082,0.7104,-0.0432
2024-02-14,23.1500,0.0510,0.9576,0.0972,0.0000,0.6433,1.1691,1.0000,0.5515,0.0068,0.3880,0.9918,-0.0907
2024-02-14,23.1500,0.0000,0.9256,0.0972,0.0000,0.0131,1.1691,0.0000,0.5515,-0.0432,0.3659,0.9136,-0.0907
2024-02-15,23.3000,0.0065,0.3397,0.0408,0.0000,0.0115,1.0461,1.0000,0.5260,0.0086,0.3608,1.0017,-0.0966
2024-02-15,23.3000,0.0000,0.3381,0.0408,0.0000,0.2154,1.0461,0.0000,0.5260,0.0021,0.3554,0.9699,-0.0966
2024-02-18,23.2500,-0.0021,0.2371,0.0409,0.0000,0.0000,0.5463,0.0000,0.7032,0.0086,0.3802,0.7983,-0.1118
2024-02-18,23.2500,0.0000,0.2466,0.0409,0.0000,0.1399,0.5463,0.0000,0.7032,0.0108,0.4029,0.8227,-0.1118
2024-02-19,23.3000,0.0021,0.3969,0.0429,0.0000,0.0000,0.5440,1.0000,-0.6908,0.0043,0.4112,1.1122,-0.1330
2024-02-19,23.3000,0.0000,0.4375,0.0429,0.0000,0.2411,0.5440,0.0000,-0.6908,0.0021,0.4109,1.2392,-0.1330
2024-02-20,23.0500,-0.0108,1.0823,0.0694,0.0000,0.6735,0.5549,0.0000,-1.3989,0.0064,0.3827,0.0802,-0.1453
2024-02-20,23.0500,0.0000,1.2057,0.0694,0.0000,0.0000,0.5549,0.0000,-1.3989,0.0174,0.3366,0.0045,-0.1453
2024-02-21,22.9000,-0.0065,0.4030,0.0437,0.0000,0.2384,0.1548,0.0000,-1.3370,0.0065,0.3219,-0.3003,-0.1397
2024-02-21,22.9000,0.0000,0.4586,0.0437,0.0000,0.0000,0.1548,0.0000,-1.3370,0.0131,0.2894,-0.2409,-0.1397
2024-02-22,22.9500,0.0022,0.3999,0.0240,0.0000,0.0155,0.1347,1.0000,-1.6946,0.0022,0.2946,0.0402,-0.1808
2024-02-22,22.9500,0.0000,0.4361,0.0240,0.0000,0.2171,0.1347,0.0000,-1.6946,0.0000,0.2917,0.0137,-0.1808
2024-02-25,22.6000,-0.0154,0.3350,0.0332,0.0000,0.1777,0.2057,0.0000,2.7832,0.0109,0.3097,-0.2912,-0.1881
2024-02-25,22.6000,0.0000,0.3527,0.0332,0.0000,0.0000,0.2057,0.0000,2.7832,0.0265,0.3243,-0.3816,-0.1881
2024-02-26,21.9000,-0.0315,0.6206,0.0457,0.0000,0.0000,0.3621,0.0000,1.5381,-0.0022,0.3291,-0.9385,-0.2603
2024-02-26,21.9000,0.0000,0.6326,0.0457,0.0000,0.2595,0.3621,0.0000,1.5381,0.0297,0.3321,-1.0753,-0.2603
2024-02-27,21.0500,-0.0396,0.7236,0.0618,0.0000,0.0012,0.5068,0.0000,0.8402,0.0046,0.3326,-1.6455,-0.2304
2024-02-27,21.0500,0.0000,0.7250,0.0618,0.0000,0.3619,0.5068,0.0000,0.8402,0.0451,0.3330,-1.6216,-0.2304
2024-02-28,21.5500,0.0235,0.7798,0.0557,0.0000,0.1304,0.6164,1.0000,-1.2436,-0.0071,0.3012,-0.9558,-0.2483
2024-02-28,21.5500,0.0000,0.8676,0.0557,0.0000,0.4718,0.6164,0.0000,-1.2436,-0.0302,0.2509,-0.8678,-0.2483
2024-02-29,21.2000,-0.0164,0.6074,0.0354,0.0000,0.0011,0.6154,0.0000,-1.0132,0.0093,0.2569,-1.1361,-0.2358
2024-02-29,21.2000,0.0000,0.6254,0.0354,0.0000,0.2973,0.6154,0.0000,-1.0132,0.0259,0.2603,-1.0452,-0.2358
2024-03-03,20.6500,-0.0263,0.5179,0.0460,0.0000,0.0000,0.6392,0.0000,-0.7690,-0.0024,0.2725,-1.2441,-0.2155
2024-03-03,20.6500,0.0000,0.5262,0.0460,0.0000,0.2526,0.6392,0.0000,-0.7690,0.0242,0.2835,-1.1356,-0.2155
2024-03-04,20.2000,-0.0220,0.7000,0.0371,0.0000,0.3582,0.6030,0.0000,-0.5327,-0.0024,0.2819,-1.5446,-0.2104
2024-03-04,20.2000,0.0000,0.7212,0.0371,0.0000,0.0097,0.6030,0.0000,-0.5327,0.0198,0.2771,-1.6663,-0.2104
2024-03-05,19.7000,-0.0251,1.6472,0.0660,0.0000,0.0000,0.5201,0.0000,-0.4184,0.0050,0.2324,-2.4043,-0.1904
2024-03-05,19.7000,0.0000,1.7865,0.0660,0.0000,1.2023,0.5201,0.0000,-0.4184,0.0305,0.1718,-2.0542,-0.1904
2024-03-06,19.9000,0.0101,0.5895,0.0226,0.0000,0.0490,0.4368,1.0000,-0.4646,0.0025,0.1834,-1.5123,-0.1985
2024-03-06,19.9000,0.0000,0.6038,0.0226,0.0000,0.3480,0.4368,0.0000,-0.4646,-0.0075,0.1933,-1.3514,-0.1985
2024-03-10,18.8000,-0.0569,1.2567,0.0718,0.0000,0.0000,0.6639,0.0000,-0.8143,0.0025,0.1948,-1.7925,-0.1516
2024-03-10,18.8000,0.0000,1.2322,0.0718,0.0000,0.6282,0.6639,0.0000,-0.8143,0.0612,0.1942,-1.6233,-0.1516
2024-03-11,18.3500,-0.0242,1.1479,0.0518,0.0000,0.0026,0.6589,0.0000,-0.7301,0.0000,0.1841,-1.9548,-0.1308
2024-03-11,18.3500,0.0000,1.1172,0.0518,0.0000,0.5743,0.6589,0.0000,-0.7301,0.0245,0.1719,-1.7466,-0.1308
2024-03-12,16.2000,-0.1246,2.4734,0.1883,0.0000,0.0000,1.2365,0.0000,-2.3823,0.0000,0.2207,-2.4794,-0.0154
2024-03-12,16.2000,0.0000,2.2960,0.1883,0.0000,1.1579,1.2365,0.0000,-2.3823,0.1327,0.2553,-2.0852,-0.0154
2024-03-13,17.0000,0.0482,1.1287,0.0853,0.0000,0.7007,1.4460,1.0000,-1.9483,0.0000,0.2574,-1.3812,-0.0618
2024-03-13,17.0000,0.0000,1.1202,0.0853,0.0000,0.0000,1.4460,0.0000,-1.9483,-0.0471,0.2587,-1.2399,-0.0618
2024-03-14,17.0500,0.0029,0.6952,0.0733,0.0000,0.0000,1.4443,1.0000,-2.0449,0.0088,0.2640,-0.8467,-0.0645
2024-03-14,17.0500,0.0000,0.7045,0.0733,0.0000,0.3504,1.4443,0.0000,-2.0449,0.0059,0.2682,-0.7683,-0.0645
2024-03-17,16.8500,-0.0118,0.6885,0.0445,0.0000,0.0000,1.4409,0.0000,-2.0710,-0.0059,0.2672,-1.0053,-0.0534
2024-03-17,16.8500,0.0000,0.6875,0.0445,0.0000,0.3466,1.4409,0.0000,-2.0710,0.0059,0.2660,-0.9247,-0.0534
2024-03-18,16.5000,-0.0210,0.4799,0.0394,0.0000,0.0000,1.4347,0.0000,-2.1131,-0.0030,0.2690,-1.0854,-0.0333
2024-03-18,16.5000,0.0000,0.4813,0.0394,0.0000,0.1664,1.4347,0.0000,-2.1131,0.0182,0.2717,-1.0120,-0.0333
2024-03-19,15.9500,-0.0339,0.7951,0.0721,0.0000,0.3880,0.6894,0.0000,-2.0125,0.0091,0.2700,-1.3724,0.0000
2024-03-19,15.9500,0.0000,0.7911,0.0721,0.0000,0.0000,0.6894,0.0000,-2.0125,0.0439,0.2678,-1.2941,0.0125
2024-03-20,16.9500,0.0608,1.5095,0.0560,0.0000,0.0000,0.7865,1.0000,-1.4358,0.0188,0.2690,-0.2182,-0.0472
2024-03-20,16.9500,0.0000,1.5058,0.0560,0.0000,0.9268,0.7865,0.0000,-1.4358,-0.0413,0.2699,-0.1432,-0.0472
2024-03-21,16.9500,0.0000,1.0175,0.0413,0.0000,0.0000,0.7954,0.0000,-1.4177,0.0118,0.2549,-0.0416,-0.0472
2024-03-21,16.9500,0.0000,0.9898,0.0413,0.0000,0.4050,0.7954,0.0000,-1.4177,0.0118,0.2380,0.0948,-0.0472
2024-03-25,16.4000,-0.0330,0.7470,0.0396,0.0000,0.0062,0.8534,0.0000,-1.5597,-0.0265,0.2417,-0.6319,-0.0152
2024-03-25,16.4000,0.0000,0.7547,0.0396,0.0000,0.3044,0.8534,0.0000,-1.5597,0.0061,0.2443,-0.5748,-0.0152
2024-03-26,16.3000,-0.0061,1.7288,0.0736,0.0000,0.0000,0.8331,0.0000,-1.6697,0.0091,0.2581,-2.5169,-0.0092
2024-03-26,16.3000,0.0000,1.6587,0.0736,0.0000,0.7278,0.8331,0.0000,-1.6697,0.0153,0.2667,-2.1655,-0.0092
2024-03-27,16.1500,-0.0092,0.9431,0.0619,0.0000,0.0000,0.7551,0.0000,1.4497,0.0000,0.2459,-2.5615,0.0000
2024-03-27,16.1500,0.0000,1.0042,0.0619,0.0000,0.4457,0.7551,0.0000,1.4497,0.0093,0.2158,-2.1403,0.0124
2024-03-31,17.2000,0.0630,0.8562,0.0581,0.0000,0.0000,0.8209,1.0000,1.6378,0.0062,0.2160,-1.3187,-0.0494
2024-03-31,17.2000,0.0000,0.8692,0.0581,0.0000,0.4385,0.8209,0.0000,1.6378,-0.0552,0.2147,-1.1860,-0.0494
2024-04-01,17.8500,0.0371,1.0143,0.0784,0.0000,0.0038,0.9247,1.0000,1.3364,-0.0087,0.2105,-0.3866,-0.0840
2024-04-01,17.8500,0.0000,0.9989,0.0784,0.0000,0.5103,0.9247,0.0000,1.3364,-0.0448,0.2048,-0.3159,-0.0840
2024-04-02,18.6500,0.0438,0.9756,0.0831,0.0000,0.0000,0.8739,1.0000,1.0183,0.0000,0.1973,0.5056,-0.1233
2024-04-02,18.6500,0.0000,0.9610,0.0831,0.0000,0.5472,0.8739,0.0000,1.0183,-0.0429,0.1885,0.5394,-0.1233
2024-04-03,18.4000,-0.0135,0.9189,0.0598,0.0000,0.5114,0.9076,0.0000,1.0478,0.0161,0.1689,-0.2203,-0.1114
2024-04-03,18.4000,0.0000,0.8979,0.0598,0.0000,0.0430,0.9076,0.0000,1.0478,0.0299,0.1478,-0.1775,-0.1114
2024-04-04,18.4500,0.0027,0.6821,0.0488,0.0000,0.0000,0.8840,1.0000,1.2740,0.0000,0.1505,0.4227,-0.1138
2024-04-04,18.4500,0.0000,0.6837,0.0488,0.0000,0.4063,0.8840,0.0000,1.2740,-0.0027,0.1529,0.4021,-0.1138
2024-04-07,18.0500,-0.0219,0.5465,0.0388,0.0000,0.0199,0.7146,0.0000,1.4321,0.0000,0.1580,-0.0002,-0.0942
2024-04-07,18.0500,0.0000,0.5729,0.0388,0.0000,0.2859,0.7146,0.0000,1.4321,0.0222,0.1588,0.0754,-0.0942
2024-04-08,17.7000,-0.0196,0.5840,0.0480,0.0000,0.0008,0.6380,0.0000,1.4073,0.0028,0.1716,-0.3691,-0.0763
2024-04-08,17.7000,0.0000,0.5993,0.0480,0.0000,0.3513,0.6380,0.0000,1.4073,0.0226,0.1823,-0.2868,-0.0763
2024-04-09,17.6000,-0.0057,0.6744,0.0398,0.0000,0.0000,0.3206,0.0000,1.7892,0.0000,0.1881,-0.8844,-0.0710
2024-04-09,17.6000,0.0000,0.6803,0.0398,0.0000,0.3719,0.3206,0.0000,1.7892,0.0057,0.1932,-0.8012,-0.0710
2024-04-11,16.7500,-0.0495,1.0882,0.0597,0.0000,0.0000,0.5798,0.0000,0.8490,-0.0142,0.1603,-1.7125,-0.0239
2024-04-11,16.7500,0.0000,1.1495,0.0597,0.0000,0.5612,0.5798,0.0000,0.8490,0.0358,0.1180,-1.5505,-0.0239
2024-04-14,16.3500,-0.0242,1.2005,0.0459,0.0000,0.7623,0.6394,0.0000,0.8306,-0.0418,0.1175,-2.2582,0.0000
2024-04-14,16.3500,0.0000,1.2017,0.0459,0.0000,0.0000,0.6394,0.0000,0.8306,-0.0183,0.1168,-2.0317,0.0214
2024-04-15,16.8500,0.0301,0.6212,0.0504,0.0000,0.0000,0.8232,1.0000,0.2061,-0.0031,0.1285,-1.4601,-0.0089
2024-04-15,16.8500,0.0000,0.6348,0.0504,0.0000,0.4516,0.8232,0.0000,0.2061,-0.0326,0.1385,-1.3359,-0.0089
2024-04-17,16.7000,-0.0089,0.6639,0.0389,0.0000,0.0000,0.8055,0.0000,0.2032,0.0089,0.1460,-1.5149,0.0000
2024-04-17,16.7000,0.0000,0.6861,0.0389,0.0000,0.4313,0.8055,0.0000,0.2032,0.0180,0.1506,-1.3497,0.0180
2024-04-18,17.0000,0.0178,0.7399,0.0529,0.0000,0.5159,0.8728,1.0000,-0.7190,-0.0090,0.1515,-0.8968,0.0000
2024-04-18,17.0000,0.0000,0.7646,0.0529,0.0000,0.1093,0.8728,0.0000,-0.7190,-0.0265,0.1491,-0.8149,0.0029
2024-04-21,17.0500,0.0029,0.6702,0.0264,0.0000,0.3594,0.6126,1.0000,-0.8806,-0.0059,0.1503,-0.4208,-0.0059
2024-04-21,17.0500,0.0000,0.6977,0.0264,0.0000,0.0006,0.6126,0.0000,-0.8806,-0.0088,0.1475,-0.3564,-0.0059
2024-04-22,17.1500,0.0058,0.5680,0.0204,0.0000,0.0000,0.4741,1.0000,-0.8910,0.0059,0.1584,0.0112,-0.0117
2024-04-22,17.1500,0.0000,0.5861,0.0204,0.0000,0.3092,0.4741,0.0000,-0.8910,0.0000,0.1669,0.1276,-0.0117
2024-04-23,17.6000,0.0259,1.2059,0.0568,0.0000,0.0000,0.4289,1.0000,-0.8774,0.0029,0.1713,0.9718,-0.0369
2024-04-23,17.6000,0.0000,1.1890,0.0568,0.0000,0.6152,0.4289,0.0000,-0.8774,-0.0227,0.1742,1.1377,-0.0369
2024-04-24,18.3000,0.0390,2.4030,0.1038,0.0000,0.0000,0.5921,1.0000,-0.5413,0.0057,0.2194,2.5756,-0.0738
2024-04-24,18.3000,0.0000,2.2280,0.1038,0.0000,1.5233,0.5921,0.0000,-0.5413,-0.0328,0.2507,2.2657,-0.0738
2024-04-25,18.1500,-0.0082,0.9348,0.0441,0.0000,0.5271,0.6194,0.0000,-0.5182,0.0055,0.2503,1.5103,-0.0661
2024-04-25,18.1500,0.0000,0.9312,0.0441,0.0000,0.0000,0.6194,0.0000,-0.5182,0.0138,0.2495,1.3968,-0.0661
2024-04-28,18.6000,0.0245,1.2878,0.0376,0.0000,0.7069,0.6564,1.0000,0.6953,0.0083,0.2494,1.8504,-0.0887
2024-04-28,18.6000,0.0000,1.2885,0.0376,0.0000,0.0054,0.6564,0.0000,0.6953,-0.0161,0.2493,1.6153,-0.0887
2024-04-29,17.9000,-0.0384,0.6454,0.0698,0.0000,0.2928,0.9031,0.0000,-0.0830,0.0027,0.2507,1.1756,-0.0531
2024-04-29,17.9000,0.0000,0.6710,0.0698,0.0000,0.0000,0.9031,0.0000,-0.0830,0.0419,0.2483,1.0669,-0.0531
2024-05-01,17.8500,-0.0028,0.7974,0.0224,0.0000,0.0000,0.8475,0.0000,-0.0131,0.0000,0.2475,0.6173,-0.0504
2024-05-01,17.8500,0.0000,0.7951,0.0224,0.0000,0.4656,0.8475,0.0000,-0.0131,0.0028,0.2463,0.5455,-0.0504
2024-05-02,18.6000,0.0412,2.0655,0.0699,0.0000,0.0000,0.8507,1.0000,0.1408,-0.0084,0.2687,1.4950,-0.0887
2024-05-02,18.6000,0.0000,1.9329,0.0699,0.0000,1.2564,0.8507,0.0000,0.1408,-0.0484,0.2817,1.3855,-0.0887
2024-05-05,17.5500,-0.0581,1.2441,0.0883,0.0000,0.0000,1.1229,0.0000,-0.7272,0.0054,0.2799,0.5463,-0.0342
2024-05-05,17.5500,0.0000,1.2088,0.0883,0.0000,0.7068,1.1229,0.0000,-0.7272,0.0655,0.2753,0.4708,-0.0342
2024-05-06,16.9500,-0.0348,0.9676,0.0501,0.0000,0.4971,1.1032,0.0000,-0.5490,0.0085,0.2652,-0.3771,0.0000
2024-05-06,16.9500,0.0000,0.9468,0.0501,0.0000,0.0000,1.1032,0.0000,-0.5490,0.0442,0.2533,-0.5182,0.0000
2024-05-07,17.0000,0.0029,0.4421,0.0353,0.0000,0.3156,1.0389,1.0000,-0.5315,0.0000,0.2514,-0.2084,-0.0235
2024-05-07,17.0000,0.0000,0.4413,0.0353,0.0000,0.0000,1.0389,0.0000,-0.5315,-0.0029,0.2493,-0.3758,-0.0235
2024-05-08,16.9500,-0.0029,0.6583,0.0236,0.0000,0.0000,1.0519,0.0000,-0.4704,0.0000,0.2546,-1.3194,-0.0236
2024-05-08,16.9500,0.0000,0.6649,0.0236,0.0000,0.2384,1.0519,0.0000,-0.4704,0.0029,0.2590,-1.4277,-0.0236
2024-05-09,17.1500,0.0117,0.4217,0.0233,0.0000,0.2182,0.8693,1.0000,-0.8037,-0.0029,0.2605,-0.7929,-0.0466
2024-05-09,17.1500,0.0000,0.4592,0.0233,0.0000,0.0000,0.8693,0.0000,-0.8037,-0.0146,0.2533,-0.7179,-0.0466
2024-05-12,17.0500,-0.0058,0.6058,0.0469,0.0000,0.0837,0.4943,0.0000,-0.8246,-0.0087,0.2607,-1.3146,-0.0411
2024-05-12,17.0500,0.0000,0.6166,0.0469,0.0000,0.4004,0.4943,0.0000,-0.8246,-0.0029,0.2665,-1.2138,-0.0411
2024-05-13,17.1500,0.0058,0.3940,0.0204,0.0000,0.0000,0.1983,1.0000,-0.9324,0.0000,0.2827,-0.7346,-0.0496
2024-05-13,17.1500,0.0000,0.4153,0.0204,0.0000,0.2339,0.1983,0.0000,-0.9324,-0.0058,0.2952,-0.6568,-0.0496
2024-05-14,17.2500,0.0058,0.5836,0.0261,0.0000,0.0078,0.2071,1.0000,-1.2145,0.0029,0.2997,-0.0237,-0.0667
2024-05-14,17.2500,0.0000,0.5878,0.0261,0.0000,0.3427,0.2071,0.0000,-1.2145,-0.0029,0.3035,0.0184,-0.0667
2024-05-15,17.1500,-0.0058,0.3470,0.0175,0.0000,0.1748,0.2226,0.0000,-1.1839,0.0058,0.3225,-0.3184,-0.0758
2024-05-15,17.1500,0.0000,0.3567,0.0175,0.0000,0.0012,0.2226,0.0000,-1.1839,0.0117,0.3397,-0.3030,-0.0758
2024-05-16,17.2500,0.0058,0.4020,0.0261,0.0000,0.0000,0.1783,1.0000,-2.8173,-0.0029,0.3236,0.2125,-0.0812
2024-05-16,17.2500,0.0000,0.4591,0.0261,0.0000,0.2436,0.1783,0.0000,-2.8173,-0.0087,0.2888,0.5658,-0.0812
2024-05-20,17.5000,0.0144,0.9903,0.0343,0.0000,0.0000,0.2357,1.0000,-2.4364,0.0203,0.2637,1.9692,-0.1229
2024-05-20,17.5000,0.0000,1.0616,0.0343,0.0000,0.3830,0.2357,0.0000,-2.4364,0.0057,0.2278,2.0118,-0.1229
2024-05-21,17.3500,-0.0086,1.2776,0.0317,0.0000,0.6149,0.2746,0.0000,0.7290,0.0086,0.2031,0.3396,-0.1153
2024-05-21,17.3500,0.0000,1.3349,0.0317,0.0000,0.0000,0.2746,0.0000,0.7290,0.0173,0.1718,0.2950,-0.1153
2024-05-22,16.6000,-0.0442,2.6726,0.1596,0.0000,0.0000,0.7815,0.0000,-2.7969,0.0231,0.2292,-2.5322,-0.0753
2024-05-22,16.6000,0.0000,2.4611,0.1596,0.0000,1.0240,0.7815,0.0000,-2.7969,0.0693,0.2697,-2.0913,-0.0753
2024-05-23,16.5500,-0.0030,0.9849,0.0363,0.0000,0.0000,0.8081,0.0000,-2.7955,0.0030,0.2651,-2.4600,-0.0725
2024-05-23,16.5500,0.0000,1.0016,0.0363,0.0000,0.4841,0.8081,0.0000,-2.7955,0.0060,0.2587,-2.0687,-0.0725
2024-05-26,16.3500,-0.0122,0.7292,0.0398,0.0000,0.0000,0.7978,0.0000,-2.7126,0.0121,0.2605,-2.1315,-0.0612
2024-05-26,16.3500,0.0000,0.7314,0.0398,0.0000,0.3819,0.7978,0.0000,-2.7126,0.0245,0.2621,-1.8198,-0.0612
2024-05-27,16.4500,0.0061,0.9985,0.0760,0.0000,0.0000,0.7467,1.0000,-2.7754,0.0061,0.2621,-1.1462,-0.0669
2024-05-27,16.4500,0.0000,0.9999,0.0760,0.0000,0.5847,0.7467,0.0000,-2.7754,0.0000,0.2619,-1.0576,-0.0669
2024-05-28,16.3000,-0.0092,0.2287,0.0153,0.0000,0.0000,0.7514,0.0000,-2.6151,0.0000,0.2842,-1.0698,-0.0583
2024-05-28,16.3000,0.0000,0.2335,0.0153,0.0000,0.0875,0.7514,0.0000,-2.6151,0.0092,0.3053,-0.9743,-0.0583
2024-05-29,16.1000,-0.0123,0.4292,0.0248,0.0000,0.1536,0.3265,0.0000,-2.3942,0.0000,0.3224,-1.0643,-0.0466
2024-05-29,16.1000,0.0000,0.4402,0.0248,0.0000,0.0000,0.3265,0.0000,-2.3942,0.0124,0.3379,-0.9631,-0.0466
2024-05-30,15.8500,-0.0156,1.0265,0.0505,0.0000,0.6134,0.4134,0.0000,-2.1332,0.0248,0.3258,-1.2950,-0.0315
2024-05-30,15.8500,0.0000,1.0019,0.0505,0.0000,0.0000,0.4134,0.0000,-2.1332,0.0410,0.3120,-1.1666,-0.0315
2024-06-02,16.0500,0.0125,0.5262,0.0374,0.0000,0.0000,0.4766,1.0000,-1.9144,0.0284,0.3119,-0.8357,-0.0436
2024-06-02,16.0500,0.0000,0.5261,0.0374,0.0000,0.2611,0.4766,0.0000,-1.9144,0.0156,0.3118,-0.7549,-0.0436
2024-06-03,15.3500,-0.0446,1.1948,0.1238,0.0000,0.0088,0.8587,0.0000,-1.8774,0.0093,0.3135,-1.2967,0.0000
2024-06-03,15.3500,0.0000,1.1863,0.1238,0.0000,0.6329,0.8587,0.0000,-1.8774,0.0554,0.3145,-1.3095,0.0358
2024-06-04,15.9000,0.0352,0.6691,0.0755,0.0000,0.0039,1.1065,1.0000,-0.7110,0.0065,0.3229,-0.8563,0.0000
2024-06-04,15.9000,0.0000,0.6887,0.0755,0.0000,0.3316,1.1065,0.0000,-0.7110,-0.0283,0.3288,-0.9419,0.0063
2024-06-05,16.0000,0.0063,1.0294,0.0344,0.0000,0.4850,1.0990,1.0000,-0.5396,0.0063,0.2836,0.1489,0.0000
2024-06-05,16.0000,0.0000,1.1470,0.0344,0.0000,0.0000,1.0990,0.0000,-0.5396,0.0000,0.2168,0.2771,0.0031
2024-06-06,16.0500,0.0031,1.2389,0.0312,0.0000,0.0000,1.1403,1.0000,-0.6030,0.0219,0.2158,1.5130,0.0000
2024-06-06,16.0500,0.0000,1.2464,0.0312,0.0000,0.6776,1.1403,0.0000,-0.6030,0.0187,0.2141,1.4284,0.0075
2024-06-09,16.1700,0.0074,1.3402,0.0278,0.0000,0.0000,1.1559,1.0000,-0.8034,0.0125,0.2132,2.2378,0.0000
2024-06-09,16.1700,0.0000,1.3161,0.0278,0.0000,0.5995,1.1559,0.0000,-0.8034,0.0049,0.2106,1.8949,0.0037
2024-06-10,16.3400,0.0105,1.1474,0.0330,0.0000,0.0000,0.6800,1.0000,-0.8113,0.0111,0.2104,2.2877,-0.0067
2024-06-10,16.3400,0.0000,1.1571,0.0330,0.0000,0.6335,0.6800,0.0000,-0.8113,0.0006,0.2093,1.9630,-0.0067
2024-06-11,16.8900,0.0331,1.5902,0.0403,0.0000,0.0000,0.6273,1.0000,-0.5107,0.0153,0.1923,2.3521,-0.0391
2024-06-11,16.8900,0.0000,1.4923,0.0403,0.0000,0.5808,0.6273,0.0000,-0.5107,-0.0178,0.1711,1.9792,-0.0391
2024-06-12,16.7800,-0.0065,0.6193,0.0256,0.0000,0.0000,0.6724,0.0000,-0.5602,0.0030,0.1636,1.4785,-0.0393
2024-06-12,16.7800,0.0000,0.6145,0.0256,0.0000,0.2894,0.6724,0.0000,-0.5602,0.0095,0.1553,1.3223,-0.0393
2024-06-13,16.6300,-0.0090,0.6606,0.0204,0.0000,0.2874,0.7293,0.0000,-0.6026,0.0018,0.1652,0.9342,-0.0373
2024-06-13,16.6300,0.0000,0.6763,0.0204,0.0000,0.0000,0.7293,0.0000,-0.6026,0.0108,0.1732,0.8445,-0.0373
2024-06-17,16.5600,-0.0042,0.8329,0.0272,0.0000,0.0000,0.7438,0.0000,-0.4583,0.0024,0.1656,0.4188,-0.0332
2024-06-17,16.5600,0.0000,0.8232,0.0272,0.0000,0.4004,0.7438,0.0000,-0.4583,0.0066,0.1570,0.3577,-0.0332
2024-06-18,16.3200,-0.0146,0.9079,0.0306,0.0000,0.0000,0.7858,0.0000,1.7802,-0.0097,0.1529,-0.1445,-0.0190
2024-06-18,16.3200,0.0000,0.9301,0.0306,0.0000,0.4984,0.7858,0.0000,1.7802,0.0049,0.1461,-0.2609,-0.0190
2024-06-19,16.2300,-0.0055,0.8207,0.0437,0.0000,0.0000,0.3273,0.0000,2.0217,0.0110,0.1448,-0.8234,-0.0136
2024-06-19,16.2300,0.0000,0.8188,0.0437,0.0000,0.3938,0.3273,0.0000,2.0217,0.0166,0.1432,-0.9827,-0.0136
2024-06-20,16.4800,0.0153,1.1455,0.0376,0.0000,0.6006,0.5117,1.0000,1.7618,0.0136,0.1443,-0.3323,-0.0285
2024-06-20,16.4800,0.0000,1.1398,0.0376,0.0000,0.0000,0.5117,0.0000,1.7618,-0.0018,0.1449,-0.4542,-0.0285
2024-06-23,17.0800,0.0358,2.2302,0.0609,0.0000,0.0000,0.8979,1.0000,1.6358,-0.0079,0.1871,1.2786,-0.0703
2024-06-23,17.0800,0.0000,2.1059,0.0609,0.0000,1.0490,0.8979,0.0000,1.6358,-0.0427,0.2190,1.1672,-0.0703
2024-06-24,16.7300,-0.0207,0.9063,0.0377,0.0000,0.0000,1.0063,0.0000,1.3169,0.0094,0.2184,0.3082,-0.0508
2024-06-24,16.7300,0.0000,0.9150,0.0377,0.0000,0.4185,1.0063,0.0000,1.3169,0.0305,0.2168,0.2623,-0.0508
2024-06-25,16.3500,-0.0230,0.8567,0.0398,0.0000,0.0000,1.0740,0.0000,1.1679,0.0132,0.2172,-0.4736,-0.0483
2024-06-25,16.3500,0.0000,0.8612,0.0398,0.0000,0.3517,1.0740,0.0000,1.1679,0.0367,0.2172,-0.4391,-0.0483
2024-06-26,16.5500,0.0122,0.9664,0.0399,0.0000,0.0000,1.0872,1.0000,1.0371,0.0061,0.2076,0.4774,-0.0598
2024-06-26,16.5500,0.0000,0.9907,0.0399,0.0000,0.5282,1.0872,0.0000,1.0371,-0.0060,0.1950,0.5722,-0.0598
2024-06-27,16.1200,-0.0263,0.9767,0.0385,0.0000,0.0000,1.1613,0.0000,0.6678,0.0054,0.1854,-0.3134,-0.0347
2024-06-27,16.1200,0.0000,0.9592,0.0385,0.0000,0.4291,1.1613,0.0000,0.6678,0.0323,0.1744,-0.2435,-0.0347
2024-06-30,16.0100,-0.0068,0.6674,0.0331,0.0000,0.0000,0.8094,0.0000,0.6542,-0.0074,0.1726,-0.8763,-0.0281
2024-06-30,16.0100,0.0000,0.6662,0.0331,0.0000,0.3123,0.8094,0.0000,0.6542,-0.0006,0.1706,-0.7920,-0.0281
2024-07-01,16.3700,0.0222,1.5335,0.0367,0.0000,0.0000,0.9490,1.0000,0.4878,0.0000,0.1846,0.8805,-0.0495
2024-07-01,16.3700,0.0000,1.4761,0.0367,0.0000,0.8433,0.9490,0.0000,0.4878,-0.0220,0.1937,0.8237,-0.0495
2024-07-02,16.1300,-0.0148,0.9349,0.0291,0.0000,0.0000,0.8717,0.0000,0.4870,0.0018,0.1920,-0.2752,-0.0620
2024-07-02,16.1300,0.0000,0.9276,0.0291,0.0000,0.3908,0.8717,0.0000,0.4870,0.0167,0.1895,-0.3134,-0.0620
2024-07-03,16.0700,-0.0037,0.9015,0.0224,0.0000,0.4587,0.8276,0.0000,0.4708,0.0068,0.1826,-1.4658,-0.0728
2024-07-03,16.0700,0.0000,0.8913,0.0224,0.0000,0.0000,0.8276,0.0000,0.4708,0.0106,0.1748,-1.5384,-0.0728
2024-07-04,16.2300,0.0099,0.9741,0.0530,0.0000,0.4613,0.6775,1.0000,0.5038,0.0019,0.1755,-0.2911,-0.0869
2024-07-04,16.2300,0.0000,0.9722,0.0530,0.0000,0.0000,0.6775,0.0000,0.5038,-0.0080,0.1760,-0.3180,-0.0869
2024-07-07,15.8800,-0.0218,0.9786,0.0605,0.0000,0.0000,0.8183,0.0000,-0.2199,-0.0080,0.1457,-1.4530,-0.0699
2024-07-07,15.8800,0.0000,1.0337,0.0605,0.0000,0.4625,0.8183,0.0000,-0.2199,0.0139,0.1063,-1.3836,-0.0699
2024-07-08,15.9600,0.0050,0.7880,0.0213,0.0000,0.3701,0.6614,1.0000,-0.4162,0.0107,0.1116,-0.2524,-0.0746
2024-07-08,15.9600,0.0000,0.7935,0.0213,0.0000,0.0000,0.6614,0.0000,-0.4162,0.0056,0.1163,-0.1829,-0.0746
2024-07-09,15.5600,-0.0254,1.3781,0.0424,0.0000,0.0000,0.8712,0.0000,-0.4756,0.0025,0.1248,-1.9107,-0.0508
2024-07-09,15.5600,0.0000,1.3424,0.0424,0.0000,0.5728,0.8712,0.0000,-0.4756,0.0283,0.1303,-1.6614,-0.0508
2024-07-10,16.0200,0.0291,1.3275,0.0375,0.0000,0.0000,1.1960,1.0000,0.1277,0.0122,0.1364,0.1522,-0.0780
2024-07-10,16.0200,0.0000,1.2986,0.0375,0.0000,0.6850,1.1960,0.0000,0.1277,-0.0169,0.1401,0.2492,-0.0780
2024-07-11,15.7800,-0.0151,0.5005,0.0272,0.0000,0.0000,1.2027,0.0000,0.3678,-0.0012,0.1568,-0.4596,-0.0640
2024-07-11,15.7800,0.0000,0.5103,0.0272,0.0000,0.2756,1.2027,0.0000,0.3678,0.0139,0.1722,-0.4076,-0.0640
2024-07-14,15.7400,-0.0025,0.7421,0.0337,0.0000,0.3638,1.0854,0.0000,0.3223,0.0228,0.1674,-1.3908,-0.0616
2024-07-14,15.7400,0.0000,0.7377,0.0337,0.0000,0.0000,1.0854,0.0000,0.3223,0.0254,0.1620,-1.2705,-0.0616
2024-07-15,15.6000,-0.0089,1.1239,0.0308,0.0000,0.0000,1.0922,0.0000,0.3892,0.0013,0.1531,-2.3783,-0.0532
2024-07-15,15.6000,0.0000,1.1464,0.0308,0.0000,0.4782,1.0922,0.0000,0.3892,0.0103,0.1418,-2.1251,-0.0532
2024-07-17,15.1300,-0.0306,1.6783,0.0575,0.0000,0.0000,1.1393,0.0000,-0.0775,0.0019,0.1611,-2.9492,-0.0238
2024-07-17,15.1300,0.0000,1.6195,0.0575,0.0000,0.7454,1.1393,0.0000,-0.0775,0.0330,0.1756,-2.3524,-0.0238
2024-07-18,14.9000,-0.0153,0.7858,0.0309,0.0000,0.0000,0.7816,0.0000,0.0286,0.0046,0.1788,-2.3619,-0.0087
2024-07-18,14.9000,0.0000,0.7906,0.0309,0.0000,0.4016,0.7816,0.0000,0.0286,0.0201,0.1814,-1.9774,-0.0087
2024-07-21,14.8200,-0.0054,0.5478,0.0607,0.0000,0.3160,0.7546,0.0000,0.1591,0.0000,0.1953,-1.9521,-0.0034
2024-07-21,14.8200,0.0000,0.5612,0.0607,0.0000,0.0009,0.7546,0.0000,0.1591,0.0054,0.2074,-1.7047,-0.0034
2024-07-22,14.7700,-0.0034,0.7972,0.0393,0.0000,0.0032,0.7525,0.0000,0.1022,0.0169,0.2095,-1.7976,0.0000
2024-07-22,14.7700,0.0000,0.8059,0.0393,0.0000,0.4613,0.7525,0.0000,0.1022,0.0203,0.2106,-1.5755,0.0183
2024-07-23,15.0400,0.0181,0.6934,0.0319,0.0000,0.0000,0.9376,1.0000,0.1761,0.0081,0.2138,-1.1613,0.0000
2024-07-23,15.0400,0.0000,0.6964,0.0319,0.0000,0.3761,0.9376,0.0000,0.1761,-0.0100,0.2166,-1.0549,0.0080
2024-07-24,15.1600,0.0079,0.7119,0.0317,0.0000,0.0000,0.6488,1.0000,0.1800,-0.0027,0.2172,-0.6893,0.0000
2024-07-24,15.1600,0.0000,0.7391,0.0317,0.0000,0.4369,0.6488,0.0000,0.1800,-0.0106,0.2139,-0.6176,0.0191
2024-07-25,15.5800,0.0273,1.0847,0.0276,0.0000,0.0000,0.7681,1.0000,0.0463,0.0284,0.2057,-0.1134,-0.0083
2024-07-25,15.5800,0.0000,1.1107,0.0276,0.0000,0.6581,0.7681,0.0000,0.0463,0.0006,0.1946,-0.0196,-0.0083
2024-07-28,15.9300,0.0222,1.4681,0.0201,0.0000,0.0000,0.8579,1.0000,0.0159,0.0109,0.1947,0.7980,-0.0301
2024-07-28,15.9300,0.0000,1.4053,0.0201,0.0000,0.6681,0.8579,0.0000,0.0159,-0.0113,0.1906,0.9554,-0.0301
2024-07-29,16.5700,0.0394,2.5434,0.0422,0.0000,1.2933,1.0519,1.0000,0.5416,0.0088,0.2381,2.3831,-0.0972
2024-07-29,16.5700,0.0000,2.3322,0.0422,0.0000,0.4322,1.0519,0.0000,0.5416,-0.0302,0.2693,2.1880,-0.0972
2024-07-30,16.3500,-0.0134,1.0863,0.0324,0.0000,0.4635,1.1776,0.0000,0.5270,0.0115,0.2697,1.4318,-0.0850
2024-07-30,16.3500,0.0000,1.0816,0.0324,0.0000,0.0000,1.1776,0.0000,0.5270,0.0251,0.2696,1.3559,-0.0850
2024-07-31,15.9000,-0.0279,0.9056,0.0610,0.0000,0.0420,1.4153,0.0000,0.6673,0.0226,0.2622,0.7881,-0.0591
2024-07-31,15.9000,0.0000,0.9362,0.0610,0.0000,0.4227,1.4153,0.0000,0.6673,0.0516,0.2509,0.7313,-0.0591
2024-08-01,16.5100,0.0376,1.7067,0.0690,0.0000,0.0000,1.4682,1.0000,0.6329,0.0063,0.2644,1.4765,-0.0939
2024-08-01,16.5100,0.0000,1.6281,0.0690,0.0000,0.8992,1.4682,0.0000,0.6329,-0.0309,0.2721,1.3181,-0.0939
2024-08-04,15.4900,-0.0638,1.0655,0.0523,0.0000,0.0000,1.8596,0.0000,-1.0122,-0.0218,0.2583,0.6633,-0.0342
2024-08-04,15.4900,0.0000,1.0344,0.0523,0.0000,0.4690,1.8596,0.0000,-1.0122,0.0426,0.2425,0.5898,-0.0342
2024-08-05,15.7400,0.0160,0.8077,0.0565,0.0000,0.4234,1.6756,1.0000,-1.1193,-0.0019,0.2368,0.9771,-0.0496
2024-08-05,15.7400,0.0000,0.8005,0.0565,0.0000,0.0000,1.6756,0.0000,-1.1193,-0.0178,0.2304,0.9039,-0.0496
2024-08-06,15.5800,-0.0102,0.7309,0.0404,0.0000,0.4747,1.6723,0.0000,-0.9531,0.0038,0.2214,0.3301,-0.0398
2024-08-06,15.5800,0.0000,0.7235,0.0404,0.0000,0.0000,1.6723,0.0000,-0.9531,0.0141,0.2116,0.2417,-0.0398
2024-08-07,15.4500,-0.0084,0.4695,0.0311,0.0000,0.0000,1.6697,0.0000,-0.8313,0.0000,0.2143,-0.2742,-0.0317
2024-08-07,15.4500,0.0000,0.4706,0.0311,0.0000,0.2442,1.6697,0.0000,-0.8313,0.0084,0.2167,-0.4448,-0.0317
2024-08-08,15.5500,0.0065,0.9190,0.0765,0.0000,0.5915,1.4565,1.0000,-0.8723,0.0142,0.2135,0.5210,-0.0379
2024-08-08,15.5500,0.0000,0.9106,0.0765,0.0000,0.7048,1.4565,0.0000,-0.8723,0.0077,0.2093,0.4526,-0.0379
2024-08-11,15.4700,-0.0052,0.4288,0.0271,0.0000,0.0000,0.5035,0.0000,-0.8058,0.0096,0.2291,-0.2820,-0.0330
2024-08-11,15.4700,0.0000,0.4422,0.0271,0.0000,0.2949,0.5035,0.0000,-0.8058,0.0149,0.2469,-0.3870,-0.0330
2024-08-12,14.9600,-0.0335,0.8259,0.0508,0.0000,0.0000,0.7305,0.0000,-1.0862,0.0052,0.2197,-1.5559,0.0000
2024-08-12,14.9600,0.0000,0.8908,0.0508,0.0000,0.3617,0.7305,0.0000,-1.0862,0.0394,0.1804,-1.4486,0.0080
2024-08-13,15.0800,0.0080,0.9427,0.0358,0.0000,0.0000,0.7661,1.0000,-1.2264,0.0160,0.1795,0.0285,0.0000
2024-08-13,15.0800,0.0000,0.9533,0.0358,0.0000,0.5151,0.7661,0.0000,-1.2264,0.0080,0.1775,0.0442,0.0013
2024-08-15,15.1000,0.0013,0.6238,0.0205,0.0000,0.2553,0.7638,1.0000,-1.5229,-0.0013,0.1891,0.8962,0.0000
2024-08-15,15.1000,0.0000,0.6348,0.0205,0.0000,0.0474,0.7638,0.0000,-1.5229,-0.0026,0.1993,0.8102,0.0046
2024-08-18,15.2600,0.0105,0.5175,0.0249,0.0000,0.0000,0.8115,1.0000,-2.6417,0.0007,0.1905,1.5546,-0.0059
2024-08-18,15.2600,0.0000,0.5600,0.0249,0.0000,0.2997,0.8115,0.0000,-2.6417,-0.0098,0.1721,1.5539,-0.0059
2024-08-19,15.2500,-0.0007,0.7717,0.0315,0.0000,0.1806,0.8086,0.0000,-1.8715,0.0092,0.1683,0.5152,-0.0052
2024-08-19,15.2500,0.0000,0.8028,0.0315,0.0000,0.5106,0.8086,0.0000,-1.8715,0.0098,0.1603,0.4657,-0.0052
2024-08-20,15.1700,-0.0053,1.1930,0.0277,0.0000,0.0000,0.3080,0.0000,-2.4274,0.0098,0.1589,-0.8991,0.0000
2024-08-20,15.1700,0.0000,1.1978,0.0277,0.0000,0.5629,0.3080,0.0000,-2.4274,0.0152,0.1571,-0.8122,0.0105
2024-08-21,15.3600,0.0124,0.8672,0.0234,0.0000,0.4678,0.3646,1.0000,-2.3365,0.0007,0.1589,0.2314,-0.0020
2024-08-21,15.3600,0.0000,0.8817,0.0234,0.0000,0.3454,0.3646,0.0000,-2.3365,-0.0117,0.1590,0.2082,-0.0020
2024-08-22,15.3300,-0.0020,0.6386,0.0124,0.0000,0.3753,0.3754,0.0000,-2.5546,-0.0039,0.1653,-0.6101,0.0000
2024-08-22,15.3300,0.0000,0.6437,0.0124,0.0000,0.0000,0.3754,0.0000,-2.5546,-0.0020,0.1709,-0.6668,0.0085
2024-08-25,15.4600,0.0084,1.1354,0.0259,0.0000,0.0000,0.3510,1.0000,-2.4879,0.0039,0.1597,0.7381,0.0000
2024-08-25,15.4600,0.0000,1.1634,0.0259,0.0000,0.5646,0.3510,0.0000,-2.4879,-0.0045,0.1455,0.7306,0.0103
2024-08-26,16.6200,0.0724,4.4256,0.1041,0.0000,2.4717,1.3883,1.0000,2.5104,-0.0129,0.2779,3.6259,-0.0602
2024-08-26,16.6200,0.0000,3.7169,0.1041,0.0000,0.0000,1.3883,0.0000,2.5104,-0.0818,0.3518,2.6729,-0.0602
2024-08-27,16.6100,-0.0006,2.0378,0.0518,0.0000,0.0000,1.4099,0.0000,3.9569,0.0168,0.3752,1.0025,-0.0644
2024-08-27,16.6100,0.0000,1.9228,0.0518,0.0000,0.9968,1.4099,0.0000,3.9569,0.0175,0.3903,0.9085,-0.0644
2024-08-28,16.1900,-0.0256,1.6589,0.0673,0.0000,0.0000,1.5532,0.0000,3.1245,0.0157,0.3972,-0.5392,-0.0426
2024-08-28,16.1900,0.0000,1.5902,0.0673,0.0000,0.7588,1.5532,0.0000,3.1245,0.0420,0.3994,-0.5453,-0.0426
2024-08-29,16.0600,-0.0081,1.1442,0.0461,0.0000,0.0000,1.5852,0.0000,3.1006,0.0037,0.3936,-1.4597,-0.0349
2024-08-29,16.0600,0.0000,1.1071,0.0461,0.0000,0.5286,1.5852,0.0000,3.1006,0.0118,0.3850,-1.3234,-0.0349
2024-09-01,16.0200,-0.0025,0.5441,0.0225,0.0000,0.0000,1.5938,0.0000,3.2411,0.0025,0.3762,-1.5801,-0.0400
2024-09-01,16.0200,0.0000,0.5387,0.0225,0.0000,0.2359,1.5938,0.0000,3.2411,0.0050,0.3665,-1.4051,-0.0400
2024-09-02,15.9300,-0.0056,0.2891,0.0213,0.0000,0.0000,0.5096,0.0000,3.2394,0.0106,0.3763,-1.4521,-0.0345
2024-09-02,15.9300,0.0000,0.2915,0.0213,0.0000,0.1430,0.5096,0.0000,3.2394,0.0163,0.3855,-1.3069,-0.0345
2024-09-03,15.8600,-0.0044,0.6544,0.0277,0.0000,0.0000,0.5034,0.0000,3.2423,-0.0006,0.3860,-1.5668,-0.0303
2024-09-03,15.8600,0.0000,0.6553,0.0277,0.0000,0.3272,0.5034,0.0000,3.2423,0.0038,0.3863,-1.4132,-0.0303
2024-09-04,16.1800,0.0200,0.6076,0.0334,0.0000,0.2762,0.4847,1.0000,3.0592,0.0000,0.3818,-0.9580,-0.0494
2024-09-04,16.1800,0.0000,0.6039,0.0334,0.0000,0.0000,0.4847,0.0000,3.0592,-0.0198,0.3767,-0.8797,-0.0494
2024-09-05,15.6200,-0.0352,0.6465,0.0538,0.0000,0.3072,0.8354,0.0000,2.1785,0.0019,0.3633,-1.1508,-0.0173
2024-09-05,15.6200,0.0000,0.6367,0.0538,0.0000,0.0000,0.8354,0.0000,2.1785,0.0378,0.3488,-1.0521,-0.0173
2024-09-08,15.7500,0.0083,0.6158,0.0413,0.0000,0.0000,0.8623,1.0000,2.1806,0.0000,0.3475,-0.6405,-0.0260
2024-09-08,15.7500,0.0000,0.6145,0.0413,0.0000,0.3424,0.8623,0.0000,2.1806,-0.0083,0.3459,-0.5788,-0.0260
2024-09-09,15.6700,-0.0051,0.4410,0.0217,0.0000,0.2074,0.8628,0.0000,-1.3578,0.0000,0.3244,-0.7456,-0.0217
2024-09-09,15.6700,0.0000,0.5071,0.0217,0.0000,0.0000,0.8628,0.0000,-1.3578,0.0051,0.2814,-0.7295,-0.0217
2024-09-10,15.5400,-0.0083,0.5104,0.0399,0.0000,0.0000,0.8793,0.0000,-1.2316,0.0281,0.2744,-0.9992,-0.0135
2024-09-10,15.5400,0.0000,0.5580,0.0399,0.0000,0.2989,0.8793,0.0000,-1.2316,0.0367,0.2569,-1.0678,-0.0135
2024-09-11,15.5000,-0.0026,0.5231,0.0226,0.0000,0.0000,0.7341,0.0000,-1.5047,0.0097,0.2404,-1.4318,-0.0110
2024-09-11,15.5000,0.0000,0.5770,0.0226,0.0000,0.3041,0.7341,0.0000,-1.5047,0.0123,0.2102,-1.5252,-0.0110
2024-09-12,15.6300,0.0084,0.7400,0.0250,0.0000,0.0000,0.3291,1.0000,-1.6248,0.0097,0.1894,-0.7926,-0.0192
2024-09-12,15.6300,0.0000,0.7938,0.0250,0.0000,0.3761,0.3291,0.0000,-1.6248,0.0013,0.1583,-0.7447,-0.0192
2024-09-15,15.3800,-0.0161,0.9018,0.0371,0.0000,0.4201,0.4170,0.0000,-1.3360,0.0000,0.1595,-1.5500,-0.0033
2024-09-15,15.3800,0.0000,0.9122,0.0371,0.0000,0.0000,0.4170,0.0000,-1.3360,0.0163,0.1596,-1.4360,-0.0033
2024-09-16,15.3800,0.0000,0.5716,0.0215,0.0000,0.0217,0.4167,0.0000,-1.4325,0.0039,0.1617,-1.3030,-0.0033
2024-09-16,15.3800,0.0000,0.5726,0.0215,0.0000,0.2863,0.4167,0.0000,-1.4325,0.0039,0.1635,-1.1941,-0.0033
2024-09-17,15.8100,0.0276,1.9542,0.0633,0.0000,0.0000,0.6944,1.0000,-0.5321,0.0111,0.1881,1.0179,-0.0304
2024-09-17,15.8100,0.0000,1.8945,0.0633,0.0000,0.9092,0.6944,0.0000,-0.5321,-0.0164,0.2082,0.9481,-0.0304
2024-09-18,15.4400,-0.0237,0.9185,0.0641,0.0000,0.0000,0.8540,0.0000,-0.5673,0.0089,0.2076,-0.0124,-0.0071
2024-09-18,15.4400,0.0000,0.9323,0.0641,0.0000,0.5217,0.8540,0.0000,-0.5673,0.0330,0.2054,0.0736,-0.0071
2024-09-19,15.3500,-0.0058,0.9389,0.0293,0.0000,0.5260,0.8539,0.0000,0.5242,0.0039,0.1998,-1.0075,-0.0013
2024-09-19,15.3500,0.0000,0.9596,0.0293,0.0000,0.0000,0.8539,0.0000,0.5242,0.0098,0.1918,-0.9268,-0.0013
2024-09-22,15.3400,-0.0007,0.8151,0.0437,0.0000,0.4277,0.7946,0.0000,0.6686,0.0130,0.1846,-1.6821,-0.0007
2024-09-22,15.3400,0.0000,0.8395,0.0437,0.0000,0.0000,0.7946,0.0000,0.6686,0.0137,0.1739,-1.5753,-0.0007
2024-09-23,15.3300,-0.0007,0.3875,0.0202,0.0000,0.0000,0.7952,0.0000,0.6034,0.0124,0.1980,-1.7598,0.0000
2024-09-23,15.3300,0.0000,0.3984,0.0202,0.0000,0.2114,0.7952,0.0000,0.6034,0.0130,0.2206,-1.5697,0.0261
2024-09-24,15.7400,0.0264,2.0707,0.0553,0.0000,1.1440,0.7643,1.0000,0.7367,0.0176,0.2481,0.6726,-0.0006
2024-09-24,15.7400,0.0000,1.9506,0.0553,0.0000,0.0000,0.7643,0.0000,0.7367,-0.0089,0.2666,0.6614,-0.0006
2024-09-25,15.7600,0.0013,2.1424,0.0489,0.0000,0.0000,0.5633,1.0000,0.6857,0.0210,0.2847,2.5253,-0.0019
2024-09-25,15.7600,0.0000,1.9915,0.0489,0.0000,1.0818,0.5633,0.0000,0.6857,0.0197,0.2931,2.0828,-0.0019
2024-09-26,15.7300,-0.0019,1.7838,0.0470,0.0000,0.0000,0.5439,0.0000,0.8456,0.0000,0.2967,0.3035,-0.0102
2024-09-26,15.7300,0.0000,1.6889,0.0470,0.0000,1.0487,0.5439,0.0000,0.8456,0.0019,0.2946,0.2983,-0.0102
2024-09-29,15.8700,0.0089,1.2896,0.0504,0.0000,0.0000,0.5620,1.0000,0.8464,0.0165,0.2896,1.4917,-0.0378
2024-09-29,15.8700,0.0000,1.2516,0.0504,0.0000,0.6875,0.5620,0.0000,0.8464,0.0076,0.2819,1.3306,-0.0378
2024-09-30,16.1500,0.0175,1.4648,0.0353,0.0000,0.1594,0.6247,1.0000,0.6314,-0.0120,0.2623,2.3078,-0.0545
2024-09-30,16.1500,0.0000,1.3902,0.0353,0.0000,0.6412,0.6247,0.0000,0.6314,-0.0291,0.2397,1.9457,-0.0545
2024-10-02,15.9900,-0.0100,1.2784,0.0519,0.0000,0.0000,0.4891,0.0000,0.4497,-0.0062,0.2397,0.8069,-0.0450
2024-10-02,15.9900,0.0000,1.2805,0.0519,0.0000,0.6262,0.4891,0.0000,0.4497,0.0038,0.2395,0.7703,-0.0450
2024-10-03,16.4000,0.0253,1.9527,0.0720,0.0000,0.0000,0.6985,1.0000,1.6693,-0.0038,0.2485,2.0794,-0.0689
2024-10-03,16.4000,0.0000,1.8276,0.0720,0.0000,0.5466,0.6985,0.0000,1.6693,-0.0287,0.2500,1.7832,-0.0689
2024-10-06,16.0000,-0.0247,0.8269,0.0750,0.0000,0.3494,0.9302,0.0000,0.4167,0.0030,0.2396,1.0341,-0.0550
2024-10-06,16.0000,0.0000,0.8149,0.0750,0.0000,0.0000,0.9302,0.0000,0.4167,0.0281,0.2281,0.9356,-0.0550
2024-10-07,16.0300,0.0019,0.4713,0.0306,0.0000,0.2537,0.9502,1.0000,0.3818,-0.0094,0.2264,1.1844,-0.1061
2024-10-07,16.0300,0.0000,0.4704,0.0306,0.0000,0.0000,0.9502,0.0000,0.3818,-0.0112,0.2244,1.0857,-0.1061
2024-10-08,16.0400,0.0006,0.4312,0.0200,0.0000,0.0177,0.9764,1.0000,0.3648,0.0000,0.2115,1.3464,-0.1116
2024-10-08,16.0400,0.0000,0.4260,0.0200,0.0000,0.1698,0.9764,0.0000,0.3648,-0.0006,0.1978,1.2916,-0.1116
2024-10-09,15.7700,-0.0170,0.2668,0.0342,0.0000,0.1124,1.0360,0.0000,0.0402,0.0000,0.2285,0.9547,-0.1072
2024-10-09,15.7700,0.0000,0.2782,0.0342,0.0000,0.0201,1.0360,0.0000,0.0402,0.0171,0.2576,0.8789,-0.1072
2024-10-10,15.7300,-0.0025,0.2661,0.0381,0.0000,0.0025,0.7217,0.0000,0.1004,0.0330,0.2852,0.5652,-0.1678
2024-10-10,15.7300,0.0000,0.2825,0.0381,0.0000,0.1211,0.7217,0.0000,0.1004,0.0356,0.3101,0.5049,-0.1678
2024-10-13,15.5700,-0.0102,0.2195,0.0193,0.0000,0.0000,0.4824,0.0000,0.1738,-0.0070,0.3391,0.2288,-0.1644
2024-10-13,15.5700,0.0000,0.2349,0.0193,0.0000,0.1266,0.4824,0.0000,0.1738,0.0032,0.3651,0.1138,-0.1644
2024-10-14,15.2700,-0.0195,0.7074,0.0393,0.0000,0.0062,0.6121,0.0000,0.2532,-0.0045,0.3730,-0.7772,-0.1637
2024-10-14,15.2700,0.0000,0.7302,0.0393,0.0000,0.3135,0.6121,0.0000,0.2532,0.0151,0.3782,-0.9402,-0.1637
2024-10-15,15.6700,0.0259,1.1430,0.0696,0.0000,0.5878,0.9594,1.0000,0.5586,0.0111,0.3752,0.4430,-0.1851
2024-10-15,15.6700,0.0000,1.1789,0.0696,0.0000,0.2491,0.9594,0.0000,0.5586,-0.0147,0.3689,0.4075,-0.1851
2024-10-16,15.3700,-0.0193,0.3056,0.0345,0.0000,0.0000,1.0105,0.0000,0.4675,0.0000,0.3844,-0.0578,-0.1692
2024-10-16,15.3700,0.0000,0.3299,0.0345,0.0000,0.1757,1.0105,0.0000,0.4675,0.0195,0.3943,-0.2592,-0.1692
2024-10-17,15.4100,0.0026,0.5180,0.0467,0.0000,0.0013,1.0207,1.0000,0.1491,-0.0078,0.3591,0.5179,-0.1713
2024-10-17,15.4100,0.0000,0.6137,0.0467,0.0000,0.3518,1.0207,0.0000,0.1491,-0.0104,0.2924,0.5756,-0.1713
2024-10-20,15.1200,-0.0190,0.7932,0.0430,0.0000,0.0000,1.0773,0.0000,0.4011,0.0000,0.2807,-0.4199,-0.1554
2024-10-20,15.1200,0.0000,0.8491,0.0430,0.0000,0.3479,1.0773,0.0000,0.4011,0.0192,0.2602,-0.4789,-0.1554
2024-10-21,14.3300,-0.0537,1.9356,0.0642,0.0000,0.7261,1.4934,0.0000,-1.4159,-0.0020,0.2757,-2.2882,-0.1089
2024-10-21,14.3300,0.0000,1.8728,0.0642,0.0000,0.0000,1.4934,0.0000,-1.4159,0.0530,0.2869,-1.9282,-0.1089
2024-10-22,14.2500,-0.0056,0.8183,0.0309,0.0000,0.0000,1.2554,0.0000,-1.3715,0.0077,0.2875,-2.2561,-0.1039
2024-10-22,14.2500,0.0000,0.8323,0.0309,0.0000,0.5129,1.2554,0.0000,-1.3715,0.0133,0.2865,-1.9661,-0.1039
2024-10-23,14.0800,-0.0120,0.7110,0.0618,0.0000,0.0010,1.2296,0.0000,-1.4487,0.0133,0.2864,-2.1129,-0.0930
2024-10-23,14.0800,0.0000,0.7109,0.0618,0.0000,0.3712,1.2296,0.0000,-1.4487,0.0256,0.2863,-1.8273,-0.0930
2024-10-24,13.0900,-0.0729,2.8040,0.0565,0.0000,0.0020,1.6406,0.0000,-1.8133,-0.0398,0.3256,-2.8250,-0.0244
2024-10-24,13.0900,0.0000,2.5219,0.0565,0.0000,1.3505,1.6406,0.0000,-1.8133,0.0328,0.3470,-2.2730,-0.0244
2024-10-27,13.0100,-0.0061,1.1643,0.0546,0.0000,0.0000,1.6507,0.0000,-1.8428,0.0000,0.3310,-2.3339,-0.0215
2024-10-27,13.0100,0.0000,1.1191,0.0546,0.0000,0.6012,1.6507,0.0000,-1.8428,0.0061,0.3123,-1.9616,-0.0215
2024-10-28,12.7700,-0.0186,1.1338,0.0392,0.0000,0.0000,1.4140,0.0000,-1.8533,-0.0008,0.3114,-2.0537,-0.0031
2024-10-28,12.7700,0.0000,1.1260,0.0392,0.0000,0.5581,1.4140,0.0000,-1.8533,0.0180,0.3098,-1.7646,-0.0031
2024-10-29,13.2700,0.0384,0.9597,0.0520,0.0000,0.4254,1.9045,1.0000,-1.3278,0.0125,0.3085,-1.2761,-0.0656
2024-10-29,13.2700,0.0000,0.9886,0.0520,0.0000,0.0000,1.9045,0.0000,-1.3278,-0.0256,0.3041,-1.1533,-0.0656
2024-10-30,13.2700,0.0000,0.5425,0.0324,0.0000,0.2829,1.9061,0.0000,-1.4768,0.0098,0.2950,-1.0441,-0.0656
2024-10-30,13.2700,0.0000,0.5382,0.0324,0.0000,0.0000,1.9061,0.0000,-1.4768,0.0098,0.2853,-0.9471,-0.0656
2024-10-31,13.4200,0.0112,0.3184,0.0410,0.0000,0.1446,1.0221,1.0000,-1.4583,0.0407,0.2976,-0.7569,-0.1148
2024-10-31,13.4200,0.0000,0.3216,0.0410,0.0000,0.1170,1.0221,0.0000,-1.4583,0.0291,0.3092,-0.6834,-0.1148
2024-11-03,13.0300,-0.0295,0.7352,0.0798,0.0000,0.0000,1.2135,0.0000,-1.3521,-0.0007,0.3072,-0.8978,-0.0883
2024-11-03,13.0300,0.0000,0.7314,0.0798,0.0000,0.3394,1.2135,0.0000,-1.3521,0.0292,0.3048,-0.8377,-0.0883
2024-11-04,13.0900,0.0046,0.5429,0.0222,0.0000,0.0000,1.1258,1.0000,-1.7309,0.0092,0.3101,-0.5181,-0.0924
2024-11-04,13.0900,0.0000,0.5718,0.0222,0.0000,0.3515,1.1258,0.0000,-1.7309,0.0046,0.3106,-0.4420,-0.0924
2024-11-05,13.2500,0.0121,0.9717,0.0211,0.0000,0.3391,0.7753,1.0000,-1.7613,0.0138,0.3073,0.1892,-0.1034
2024-11-05,13.2500,0.0000,0.9584,0.0211,0.0000,0.0000,0.7753,0.0000,-1.7613,0.0015,0.3028,0.3569,-0.1034
2024-11-06,13.2200,-0.0023,0.4216,0.0174,0.0000,0.0038,0.7767,0.0000,-1.8594,0.0075,0.3114,0.2209,-0.1014
2024-11-06,13.2200,0.0000,0.4252,0.0174,0.0000,0.1614,0.7767,0.0000,-1.8594,0.0098,0.3193,0.5928,-0.1014
2024-11-07,13.0200,-0.0152,0.5141,0.0361,0.0000,0.0000,0.7886,0.0000,0.6946,0.0098,0.2920,0.0450,-0.0876
2024-11-07,13.0200,0.0000,0.5861,0.0361,0.0000,0.1890,0.7886,0.0000,0.6946,0.0253,0.2431,0.1644,-0.0876
2024-11-10,12.7300,-0.0225,0.6387,0.0369,0.0000,0.0000,0.6841,0.0000,0.5363,0.0092,0.2434,-0.6173,-0.0668
2024-11-10,12.7300,0.0000,0.6750,0.0369,0.0000,0.2287,0.6841,0.0000,0.5363,0.0322,0.2380,-0.5703,-0.0668
2024-11-11,12.7600,0.0024,0.5349,0.0368,0.0000,0.0000,0.6751,1.0000,0.4844,-0.0165,0.2329,-0.0751,-0.0690
2024-11-11,12.7600,0.0000,0.5767,0.0368,0.0000,0.1745,0.6751,0.0000,0.4844,-0.0188,0.2192,-0.2237,-0.0690
2024-11-12,12.4000,-0.0286,1.2330,0.0476,0.0000,0.0000,0.7721,0.0000,-1.3331,0.0149,0.2060,-1.6901,-0.0419
2024-11-12,12.4000,0.0000,1.2706,0.0476,0.0000,0.3943,0.7721,0.0000,-1.3331,0.0444,0.1889,-1.5182,-0.0419
2024-11-13,12.5100,0.0088,0.7916,0.0296,0.0000,0.3971,0.8379,1.0000,-1.2940,0.0121,0.1909,-0.5989,-0.0504
2024-11-13,12.5100,0.0000,0.8021,0.0296,0.0000,0.0000,0.8379,0.0000,-1.2940,0.0032,0.1916,-0.5746,-0.0504
2024-11-17,11.8800,-0.0517,2.8665,0.1170,0.0000,0.0000,1.2283,0.0000,-1.7092,0.0000,0.2462,-2.8828,0.0000
2024-11-17,11.8800,0.0000,2.5693,0.1170,0.0000,1.0758,1.2283,0.0000,-1.7092,0.0530,0.2791,-2.2990,0.0076
2024-11-18,12.2000,0.0266,1.0672,0.0418,0.0000,0.0000,1.3579,1.0000,-1.4512,0.0008,0.2785,-1.2714,-0.0189
2024-11-18,12.2000,0.0000,1.0713,0.0418,0.0000,0.5897,1.3579,0.0000,-1.4512,-0.0254,0.2774,-1.1791,-0.0189
2024-11-20,12.0500,-0.0124,1.1739,0.0448,0.0000,0.0000,1.3606,0.0000,-1.2909,-0.0074,0.2778,-1.8188,-0.0066
2024-11-20,12.0500,0.0000,1.1521,0.0448,0.0000,0.6746,1.3606,0.0000,-1.2909,0.0050,0.2762,-1.5902,-0.0066
2024-11-21,11.9700,-0.0067,2.2427,0.0727,0.0000,1.2223,1.2620,0.0000,-1.2720,0.0000,0.2990,-2.5561,0.0000
2024-11-21,11.9700,0.0000,2.1399,0.0727,0.0000,0.0000,1.2620,0.0000,-1.2720,0.0067,0.3151,-2.1596,0.0125
2024-11-24,12.2100,0.0199,0.7270,0.0172,0.0000,0.0000,1.3411,1.0000,-1.0923,0.0134,0.3102,-1.5295,-0.0074
2024-11-24,12.2100,0.0000,0.7199,0.0172,0.0000,0.2648,1.3411,0.0000,-1.0923,-0.0066,0.3044,-1.3795,-0.0074
2024-11-25,12.1200,-0.0074,0.8494,0.0693,0.0000,0.0000,0.7848,0.0000,-1.1912,-0.0049,0.2975,-1.6598,0.0000
2024-11-25,12.1200,0.0000,0.8370,0.0693,0.0000,0.3853,0.7848,0.0000,-1.1912,0.0025,0.2893,-1.4820,0.0099
2024-11-26,12.2400,0.0099,0.6952,0.0196,0.0000,0.3812,0.5881,1.0000,-1.4827,0.0083,0.2843,-0.9808,0.0000
2024-11-26,12.2400,0.0000,0.6906,0.0196,0.0000,0.3233,0.5881,0.0000,-1.4827,-0.0016,0.2788,-0.8876,0.0212
2024-11-27,12.5000,0.0210,1.4074,0.0360,0.0000,0.0000,0.6386,1.0000,-1.3245,0.0025,0.2682,0.0555,0.0000
2024-11-27,12.5000,0.0000,1.3394,0.0360,0.0000,0.5572,0.6386,0.0000,-1.3245,-0.0184,0.2538,0.1452,0.0064
2024-11-28,12.5800,0.0064,0.4798,0.0350,0.0000,0.0000,0.5948,1.0000,-1.7129,0.0224,0.2659,0.5568,0.0000
2024-11-28,12.5800,0.0000,0.4873,0.0350,0.0000,0.2550,0.5948,0.0000,-1.7129,0.0159,0.2767,0.6236,0.0016
2024-12-01,12.6000,0.0016,0.4401,0.0389,0.0000,0.0000,0.5030,1.0000,-1.6815,0.0016,0.2798,1.0863,0.0000
2024-12-01,12.6000,0.0000,0.4412,0.0389,0.0000,0.2207,0.5030,0.0000,-1.6815,0.0000,0.2827,1.2352,0.0206
2024-12-02,12.9200,0.0251,0.7396,0.0201,0.0000,0.0000,0.6038,1.0000,0.9765,0.0159,0.2682,1.6617,-0.0046
2024-12-02,12.9200,0.0000,0.7948,0.0201,0.0000,0.3218,0.6038,0.0000,0.9765,-0.0093,0.2440,1.4987,-0.0046
2024-12-03,12.8600,-0.0047,0.4761,0.0334,0.0000,0.0000,0.6363,0.0000,1.1536,-0.0170,0.2588,1.1493,0.0000
2024-12-03,12.8600,0.0000,0.4881,0.0334,0.0000,0.2093,0.6363,0.0000,1.1536,-0.0124,0.2717,1.1215,0.0000
2024-12-04,12.8600,0.0000,0.7769,0.0171,0.0000,0.4387,0.5292,0.0000,1.4660,0.0093,0.2713,1.0415,0.0000
2024-12-04,12.8600,0.0000,0.7909,0.0171,0.0000,0.1440,0.5292,0.0000,1.4660,0.0093,0.2692,0.9691,0.0101
2024-12-05,13.3200,0.0351,1.0460,0.0443,0.0000,0.6183,0.8255,1.0000,1.5499,0.0016,0.2343,1.3854,-0.0248
2024-12-05,13.3200,0.0000,1.1297,0.0443,0.0000,0.0676,0.8255,0.0000,1.5499,-0.0330,0.1859,1.2628,-0.0248
2024-12-08,13.0600,-0.0197,0.7869,0.0368,0.0000,0.0000,0.9624,0.0000,1.1719,0.0128,0.1899,0.7825,-0.0352
2024-12-08,13.0600,0.0000,0.7931,0.0368,0.0000,0.4021,0.9624,0.0000,1.1719,0.0329,0.1932,0.7026,-0.0352
2024-12-09,12.9900,-0.0054,0.5476,0.0300,0.0000,0.2809,0.8639,0.0000,1.1904,-0.0123,0.2053,0.3418,-0.0516
2024-12-09,12.9900,0.0000,0.5654,0.0300,0.0000,0.0562,0.8639,0.0000,1.1904,-0.0069,0.2148,0.2477,-0.0516
2024-12-10,13.1000,0.0084,0.8612,0.0550,0.0000,0.0015,0.8761,1.0000,1.2166,0.0231,0.2160,0.7874,-0.0634
2024-12-10,13.1000,0.0000,0.8682,0.0550,0.0000,0.4235,0.8761,0.0000,1.2166,0.0145,0.2163,0.8325,-0.0634
2024-12-11,13.0700,-0.0023,0.7190,0.0337,0.0000,0.0005,0.8798,0.0000,1.5723,0.0145,0.1838,-0.0038,-0.0612
2024-12-11,13.0700,0.0000,0.7850,0.0337,0.0000,0.3185,0.8798,0.0000,1.5723,0.0168,0.1363,-0.1550,-0.0612
2024-12-12,13.0600,-0.0008,0.5913,0.0299,0.0000,0.0000,0.4552,0.0000,1.6870,0.0099,0.1488,-1.0502,-0.0605
2024-12-12,13.0600,0.0000,0.6018,0.0299,0.0000,0.3501,0.4552,0.0000,1.6870,0.0107,0.1599,-1.2386,-0.0605
2024-12-15,13.3300,0.0205,1.0521,0.0668,0.0000,0.2525,0.4655,1.0000,1.3448,0.0000,0.1580,0.3197,-0.0795
2024-12-15,13.3300,0.0000,1.0418,0.0668,0.0000,0.0000,0.4655,0.0000,1.3448,-0.0203,0.1551,0.2492,-0.0795
2024-12-16,13.4600,0.0097,1.6353,0.0305,0.0000,0.4836,0.4548,1.0000,1.5223,0.0000,0.1666,2.4618,-0.0884
2024-12-16,13.4600,0.0000,1.6087,0.0305,0.0000,0.5424,0.4548,0.0000,1.5223,-0.0097,0.1761,2.0801,-0.0884
2024-12-17,13.2700,-0.0142,0.5989,0.0226,0.0000,0.0000,0.5595,0.0000,1.2987,-0.0007,0.1825,1.1844,-0.0806
2024-12-17,13.2700,0.0000,0.6037,0.0226,0.0000,0.2775,0.5595,0.0000,1.2987,0.0136,0.1883,1.0701,-0.0806
2024-12-18,13.1500,-0.0091,0.7093,0.0502,0.0000,0.0000,0.5977,0.0000,1.3018,0.0151,0.1927,0.1946,-0.0722
2024-12-18,13.1500,0.0000,0.7280,0.0502,0.0000,0.3197,0.5977,0.0000,1.3018,0.0243,0.1946,0.1484,-0.0722
2024-12-19,13.0800,-0.0053,0.8338,0.0268,0.0000,0.1448,0.6202,0.0000,0.2110,0.0183,0.1858,-0.7155,-0.1032
2024-12-19,13.0800,0.0000,0.8672,0.0268,0.0000,0.0293,0.6202,0.0000,0.2110,0.0237,0.1723,-0.6396,-0.1032
2024-12-22,12.6000,-0.0374,0.8621,0.0619,0.0000,0.3366,0.8145,0.0000,-1.5192,-0.0023,0.1717,-1.4324,-0.0690
2024-12-22,12.6000,0.0000,0.8756,0.0619,0.0000,0.0002,0.8145,0.0000,-1.5192,0.0357,0.1695,-1.2972,-0.0690
2024-12-23,12.3200,-0.0225,1.6169,0.0779,0.0000,0.0000,0.7925,0.0000,-1.2588,0.0000,0.1835,-2.3865,-0.0479
2024-12-23,12.3200,0.0000,1.5505,0.0779,0.0000,0.8362,0.7925,0.0000,-1.2588,0.0227,0.1923,-2.0305,-0.0479
2024-12-25,12.2700,-0.0041,0.5605,0.0416,0.0000,0.2228,0.7928,0.0000,-1.2269,0.0138,0.2031,-2.0434,-0.0440
2024-12-25,12.2700,0.0000,0.5771,0.0416,0.0000,0.0765,0.7928,0.0000,-1.2269,0.0179,0.2116,-1.7572,-0.0440
2024-12-26,12.2800,0.0008,0.4266,0.0293,0.0000,0.0004,0.8635,1.0000,-1.2581,0.0228,0.2306,-1.3509,-0.0448
2024-12-26,12.2800,0.0000,0.4373,0.0293,0.0000,0.1562,0.8635,0.0000,-1.2581,0.0220,0.2479,-1.2222,-0.0448
2024-12-29,12.6100,0.0265,0.8668,0.0523,0.0000,0.0000,1.0985,1.0000,-0.5255,0.0179,0.2436,-0.7208,-0.0896
2024-12-29,12.6100,0.0000,0.8591,0.0523,0.0000,0.4961,1.0985,0.0000,-0.5255,-0.0087,0.2385,-0.6812,-0.0896
2024-12-30,12.4000,-0.0168,1.2789,0.0540,0.0000,0.0000,0.8450,0.0000,-0.5340,0.0119,0.2398,-1.2129,-0.0742
2024-12-30,12.4000,0.0000,1.2738,0.0540,0.0000,0.3407,0.8450,0.0000,-0.5340,0.0290,0.2406,-1.0950,-0.0742
2024-12-31,12.5200,0.0096,0.9469,0.0351,0.0000,0.0000,0.8270,1.0000,-0.5347,0.0363,0.2205,-0.5742,-0.0831
2024-12-31,12.5200,0.0000,0.9999,0.0351,0.0000,0.4461,0.8270,0.0000,-0.5347,0.0264,0.1925,-0.5002,-0.0831
2025-01-01,12.2000,-0.0259,1.5072,0.0434,0.0000,0.5233,1.0365,0.0000,-0.5420,0.0096,0.1989,-1.2458,-0.0590
2025-01-01,12.2000,0.0000,1.4525,0.0434,0.0000,0.0000,1.0365,0.0000,-0.5420,0.0361,0.2012,-1.1916,-0.0590
2025-01-02,12.2100,0.0008,0.6572,0.0197,0.0000,0.0000,1.0471,1.0000,-0.6600,0.0074,0.2080,-0.6872,-0.0598
2025-01-02,12.2100,0.0000,0.6633,0.0197,0.0000,0.2588,1.0471,0.0000,-0.6600,0.0066,0.2141,-0.6336,-0.0598
2025-01-05,11.7300,-0.0401,2.0789,0.0682,0.0000,0.0000,1.1574,0.0000,-0.7699,0.0074,0.2414,-2.2588,-0.0213
2025-01-05,11.7300,0.0000,1.9611,0.0682,0.0000,0.5564,1.1574,0.0000,-0.7699,0.0486,0.2600,-2.0955,-0.0213
2025-01-06,11.8500,0.0102,0.7316,0.0650,0.0000,0.0000,1.1896,1.0000,-0.8682,-0.0026,0.2624,-1.2839,-0.0312
2025-01-06,11.8500,0.0000,0.7347,0.0650,0.0000,0.3690,1.1896,0.0000,-0.8682,-0.0127,0.2643,-1.2217,-0.0312
2025-01-07,12.3200,0.0389,1.2359,0.0576,0.0000,0.0002,1.4869,1.0000,-0.0992,0.0295,0.2583,0.1653,-0.0682
2025-01-07,12.3200,0.0000,1.2592,0.0576,0.0000,0.4777,1.4869,0.0000,-0.0992,-0.0097,0.2501,0.1940,-0.0682
2025-01-08,11.9200,-0.0330,1.4676,0.0747,0.0000,0.0000,1.5507,0.0000,-0.1753,0.0300,0.2451,-1.3525,-0.0369
2025-01-08,11.9200,0.0000,1.4032,0.0747,0.0000,0.5515,1.5507,0.0000,-0.1753,0.0646,0.2362,-1.2236,-0.0369
2025-01-09,12.0200,0.0084,0.8296,0.0383,0.0000,0.2661,1.5660,1.0000,-0.2322,0.0000,0.2169,-0.2444,-0.0449
2025-01-09,12.0200,0.0000,0.8109,0.0383,0.0000,0.0198,1.5660,0.0000,-0.2322,-0.0083,0.1963,-0.1998,-0.0449
2025-01-12,11.4800,-0.0460,0.7673,0.0627,0.0000,0.0000,1.5712,0.0000,-0.4549,0.0000,0.1949,-1.0183,0.0000
2025-01-12,11.4800,0.0000,0.7655,0.0627,0.0000,0.2741,1.5712,0.0000,-0.4549,0.0470,0.1932,-0.9461,0.0113
2025-01-13,12.2300,0.0633,1.0653,0.0850,0.0000,0.0026,1.9100,1.0000,0.4997,0.0000,0.1933,0.4959,-0.0589
2025-01-13,12.2300,0.0000,1.0659,0.0850,0.0000,0.3077,1.9100,0.0000,0.4997,-0.0613,0.1934,0.5094,-0.0589
2025-01-14,12.2000,-0.0025,0.8157,0.0344,0.0000,0.2207,1.7551,0.0000,0.5858,0.0204,0.1921,-0.5268,-0.0566
2025-01-14,12.2000,0.0000,0.8134,0.0344,0.0000,0.0000,1.7551,0.0000,0.5858,0.0230,0.1906,-0.4516,-0.0566
2025-01-15,12.0100,-0.0157,1.0967,0.0508,0.0000,0.3466,1.6597,0.0000,0.5993,-0.0066,0.1894,-1.9280,-0.0566
2025-01-15,12.0100,0.0000,1.1019,0.0508,0.0000,0.0000,1.6597,0.0000,0.5993,0.0092,0.1877,-1.6724,-0.0566
2025-01-16,12.0200,0.0008,0.4139,0.0250,0.0000,0.0525,1.6517,1.0000,0.5992,0.0000,0.1949,-1.0046,-0.0574
2025-01-16,12.0200,0.0000,0.4165,0.0250,0.0000,0.1938,1.6517,0.0000,0.5992,-0.0008,0.2015,-0.9177,-0.0574
2025-01-19,12.0800,0.0050,0.7588,0.0439,0.0000,0.4072,1.3348,1.0000,0.7596,0.0399,0.1860,0.0777,-0.0621
2025-01-19,12.0800,0.0000,0.8054,0.0439,0.0000,0.0000,1.3348,0.0000,0.7596,0.0348,0.1624,0.0230,-0.0621
2025-01-20,12.1000,0.0017,0.4122,0.0198,0.0000,0.0000,0.3459,1.0000,0.8311,-0.0050,0.1793,0.5425,-0.0636
2025-01-20,12.1000,0.0000,0.4197,0.0198,0.0000,0.0819,0.3459,0.0000,0.8311,-0.0066,0.1950,0.5064,-0.0636
2025-01-21,12.0200,-0.0066,0.9224,0.0491,0.0000,0.0000,0.3864,0.0000,1.0657,-0.0066,0.1948,-0.6004,-0.0574
2025-01-21,12.0200,0.0000,0.9411,0.0491,0.0000,0.3408,0.3864,0.0000,1.0657,0.0000,0.1925,-0.5260,-0.0574
2025-01-22,11.8800,-0.0117,1.4081,0.0623,0.0000,0.0270,0.3202,0.0000,1.3813,-0.0042,0.1841,-2.1214,-0.0463
2025-01-22,11.8800,0.0000,1.4264,0.0623,0.0000,0.3513,0.3202,0.0000,1.3813,0.0076,0.1741,-1.8299,-0.0463
2025-01-23,11.9600,0.0067,0.5878,0.0443,0.0000,0.0000,0.3621,1.0000,1.4013,-0.0227,0.1882,-1.0754,-0.0527
2025-01-23,11.9600,0.0000,0.6015,0.0443,0.0000,0.2473,0.3621,0.0000,1.4013,-0.0293,0.2006,-0.9748,-0.0527
2025-01-26,11.6100,-0.0297,0.4606,0.0568,0.0000,0.0005,0.6904,0.0000,2.6062,0.0075,0.2186,-1.3083,-0.0241
2025-01-26,11.6100,0.0000,0.4744,0.0568,0.0000,0.2177,0.6904,0.0000,2.6062,0.0379,0.2346,-1.1835,-0.0241
2025-01-27,11.5100,-0.0087,1.2548,0.1520,0.0000,0.5896,0.6891,0.0000,-2.1148,0.0121,0.2318,-2.0429,-0.0156
2025-01-27,11.5100,0.0000,1.2711,0.1520,0.0000,0.0000,0.6891,0.0000,-2.1148,0.0209,0.2276,-1.8460,-0.0156
2025-01-28,11.5100,0.0000,1.8371,0.0765,0.0000,0.0066,0.6965,0.0000,-2.1405,0.0417,0.2439,-1.6207,-0.0339
2025-01-28,11.5100,0.0000,1.7747,0.0765,0.0000,0.9534,0.6965,0.0000,-2.1405,0.0417,0.2557,-1.4450,-0.0339
2025-01-29,11.3300,-0.0158,1.1844,0.0777,0.0000,0.0769,0.7211,0.0000,-2.1384,0.0043,0.2529,-2.0430,-0.0203
2025-01-29,11.3300,0.0000,1.2030,0.0777,0.0000,0.4917,0.7211,0.0000,-2.1384,0.0203,0.2484,-1.7638,-0.0203
2025-01-30,11.6700,0.0296,1.3468,0.1268,0.0000,0.5542,1.0004,1.0000,0.1693,0.0291,0.2389,-0.7562,-0.0711
2025-01-30,11.6700,0.0000,1.2948,0.1268,0.0000,0.0000,1.0004,0.0000,0.1693,-0.0009,0.2262,-0.6870,-0.0711
2025-01-31,11.8500,0.0153,0.7969,0.0397,0.0000,0.0000,0.8257,1.0000,0.1670,0.0069,0.2293,-0.0552,-0.1418
2025-01-31,11.8500,0.0000,0.8012,0.0397,0.0000,0.3342,0.8257,0.0000,0.1670,-0.0084,0.2319,0.0192,-0.1418
2025-02-02,11.4200,-0.0370,0.9083,0.0517,0.0000,0.0022,1.1190,0.0000,-0.4342,0.0084,0.2162,-0.6401,-0.1270
2025-02-02,11.4200,0.0000,0.8878,0.0517,0.0000,0.3877,1.1190,0.0000,-0.4342,0.0464,0.1989,-0.5805,-0.1270
2025-02-03,11.5100,0.0079,0.9841,0.0269,0.0000,0.0000,1.1493,1.0000,-0.5626,0.0140,0.1983,0.5995,-0.1512
2025-02-03,11.5100,0.0000,0.9819,0.0269,0.0000,0.1945,1.1493,0.0000,-0.5626,0.0061,0.1975,0.7672,-0.1512
2025-02-04,11.7300,0.0189,1.0998,0.0239,0.0000,0.1689,1.1365,1.0000,-0.6618,0.0113,0.1922,1.9316,-0.1671
2025-02-04,11.7300,0.0000,1.1168,0.0239,0.0000,0.5584,1.1365,0.0000,-0.6618,-0.0077,0.1853,1.7141,-0.1671
2025-02-05,11.9300,0.0169,1.4681,0.0335,0.0000,0.0000,1.0177,1.0000,-0.6348,-0.0009,0.1797,2.6354,-0.1811
2025-02-05,11.9300,0.0000,1.4035,0.0335,0.0000,0.3074,1.0177,0.0000,-0.6348,-0.0176,0.1703,2.2041,-0.1811
2025-02-06,11.7400,-0.0161,0.4478,0.0537,0.0000,0.0000,1.0591,0.0000,-0.5037,-0.0184,0.1673,1.6202,-0.1678
2025-02-06,11.7400,0.0000,0.4465,0.0537,0.0000,0.2250,1.0591,0.0000,-0.5037,-0.0026,0.1640,1.4533,-0.1678
2025-02-09,11.3700,-0.0320,0.4011,0.0554,0.0000,0.0000,0.9659,0.0000,-0.6185,0.0094,0.1879,1.0575,-0.1407
2025-02-09,11.3700,0.0000,0.4144,0.0554,0.0000,0.1423,0.9659,0.0000,-0.6185,0.0422,0.2100,0.9572,-0.1407
2025-02-10,11.1200,-0.0222,0.4933,0.0414,0.0000,0.1369,1.0298,0.0000,-0.4476,0.0070,0.2159,0.5803,-0.1214
2025-02-10,11.1200,0.0000,0.5255,0.0414,0.0000,0.1587,1.0298,0.0000,-0.4476,0.0297,0.2161,0.5136,-0.1214
2025-02-11,11.1000,-0.0018,1.0752,0.0396,0.0000,0.0000,0.9029,0.0000,-0.5818,0.0000,0.2163,-0.2318,-0.1198
2025-02-11,11.1000,0.0000,1.0825,0.0396,0.0000,0.2647,0.9029,0.0000,-0.5818,0.0018,0.2158,-0.3616,-0.1198
2025-02-12,10.8400,-0.0237,1.1210,0.1015,0.0000,0.4549,0.8031,0.0000,-0.7804,-0.0072,0.2103,-1.1915,-0.1098
2025-02-12,10.8400,0.0000,1.1394,0.1015,0.0000,0.0000,0.8031,0.0000,-0.7804,0.0166,0.2030,-1.2096,-0.1098
2025-02-13,10.1700,-0.0638,2.0216,0.0747,0.0000,0.0000,1.2574,0.0000,-1.4136,0.0037,0.2271,-2.2800,-0.0511
2025-02-13,10.1700,0.0000,1.9093,0.0747,0.0000,0.4525,1.2574,0.0000,-1.4136,0.0698,0.2430,-1.9586,-0.0511
2025-02-16,9.9700,-0.0199,1.5810,0.0792,0.0000,0.0000,1.2174,0.0000,-1.5947,0.0324,0.2497,-2.4258,-0.0321
2025-02-16,9.9700,0.0000,1.5286,0.0792,0.0000,0.4049,1.2174,0.0000,-1.5947,0.0532,0.2527,-2.0727,-0.0321
2025-02-17,9.7700,-0.0203,1.7019,0.0768,0.0000,0.4958,1.2095,0.0000,-1.4192,0.0431,0.2608,-2.3455,-0.0123
2025-02-17,9.7700,0.0000,1.6382,0.0768,0.0000,0.0000,1.2095,0.0000,-1.4192,0.0645,0.2646,-1.9716,-0.0123
2025-02-18,10.0100,0.0243,0.8308,0.0420,0.0000,0.2387,1.3706,1.0000,-1.2466,0.0072,0.2672,-1.4532,-0.0360
2025-02-18,10.0100,0.0000,0.8374,0.0420,0.0000,0.0000,1.3706,0.0000,-1.2466,-0.0170,0.2689,-1.2988,-0.0360
2025-02-19,9.9600,-0.0050,2.1097,0.0231,0.0000,1.0548,1.3456,0.0000,-1.3911,0.0090,0.2896,-1.8100,-0.0311
2025-02-19,9.9600,0.0000,2.0295,0.0231,0.0000,0.5076,1.3456,0.0000,-1.3911,0.0141,0.3048,-1.6067,-0.0311
2025-02-20,9.9400,-0.0020,1.8444,0.0252,0.0000,0.0989,0.7212,0.0000,-1.5173,0.0090,0.2969,-1.9751,-0.0292
2025-02-20,9.9400,0.0000,1.7183,0.0252,0.0000,0.2717,0.7212,0.0000,-1.5173,0.0111,0.2833,-1.7375,-0.0292
2025-02-23,9.9200,-0.0020,0.7446,0.0151,0.0000,0.0000,0.6400,0.0000,-1.8881,0.0040,0.2642,-1.7670,-0.0272
2025-02-23,9.9200,0.0000,0.7283,0.0151,0.0000,0.0762,0.6400,0.0000,-1.8881,0.0060,0.2437,-1.5820,-0.0272
2025-02-24,9.7800,-0.0142,1.8625,0.0491,0.0000,0.2051,0.5754,0.0000,-2.0255,0.0121,0.2368,-1.9876,-0.0133
2025-02-24,9.7800,0.0000,1.7277,0.0491,0.0000,0.0088,0.5754,0.0000,-2.0255,0.0266,0.2237,-1.7643,-0.0204
2025-02-26,9.8200,0.0041,0.4664,0.0377,0.0000,0.1547,0.2938,1.0000,-2.0228,0.0276,0.2296,-1.4349,-0.0244
2025-02-26,9.8200,0.0000,0.4689,0.0377,0.0000,0.0000,0.2938,0.0000,-2.0228,0.0234,0.2351,-1.3148,-0.0560
2025-02-27,9.6500,-0.0175,0.7595,0.0466,0.0000,0.2793,0.4144,0.0000,-2.1399,0.0132,0.2304,-1.4638,-0.0394
2025-02-27,9.6500,0.0000,0.7528,0.0466,0.0000,0.0000,0.4144,0.0000,-2.1399,0.0311,0.2248,-1.3512,-0.0394
2025-03-02,9.7400,0.0093,2.4881,0.0595,0.0000,0.0301,0.4842,1.0000,0.1957,-0.0052,0.2668,-0.1726,-0.0483
2025-03-02,9.7400,0.0000,2.3163,0.0595,0.0000,0.3058,0.4842,0.0000,0.1957,-0.0144,0.2960,-0.0873,-0.0483
2025-03-03,9.8200,0.0082,1.3248,0.0540,0.0000,0.0000,0.5233,1.0000,0.2020,0.0000,0.2937,0.7411,-0.0560
2025-03-03,9.8200,0.0000,1.2897,0.0540,0.0000,0.4882,0.5233,0.0000,0.2020,-0.0081,0.2888,0.8295,-0.0560
2025-03-04,9.8100,-0.0010,1.4252,0.0285,0.0000,0.2122,0.4430,0.0000,0.6798,0.0081,0.2877,-0.0595,-0.0550
2025-03-04,9.8100,0.0000,1.3857,0.0285,0.0000,0.0019,0.4430,0.0000,0.6798,0.0092,0.2839,0.0078,-0.0550
2025-03-05,9.8400,0.0031,0.9259,0.0417,0.0000,0.2761,0.4446,1.0000,-1.3103,0.0143,0.2679,0.8254,-0.0579
2025-03-05,9.8400,0.0000,0.9025,0.0417,0.0000,0.0000,0.4446,0.0000,-1.3103,0.0112,0.2501,0.9581,-0.0579
2025-03-06,9.8900,0.0051,1.2541,0.0222,0.0000,0.3238,0.2330,1.0000,-1.4789,0.0112,0.2503,1.9276,-0.0627
2025-03-09,9.9200,0.0030,0.4385,0.0131,0.0000,0.1168,0.2268,2.0000,-1.5180,0.0061,0.2688,2.0245,-0.0655
2025-03-09,9.9200,0.0000,0.4521,0.0131,0.0000,0.0002,0.1878,0.0000,-1.5815,0.0030,0.2852,1.7562,-0.0655
2025-03-10,9.9500,0.0030,0.6287,0.0241,0.0000,0.0000,0.1843,1.0000,-1.6252,-0.0010,0.2941,1.8537,-0.0683
2025-03-10,9.9500,0.0000,0.6243,0.0241,0.0000,0.1093,0.1293,0.0000,-1.6921,-0.0040,0.2892,1.6173,-0.0683
2025-03-11,9.7100,-0.0244,0.8492,0.0505,0.0000,0.0728,0.5305,0.0000,-1.7390,0.0030,0.2786,1.0340,-0.0546
2025-03-11,9.7100,0.0000,0.8695,0.0505,0.0000,0.2469,0.5524,0.0000,-2.1944,0.0278,0.2816,0.9386,-0.0546
2025-03-12,9.5800,-0.0135,0.9702,0.0334,0.0000,0.0356,0.6067,0.0000,-1.7543,0.0113,0.2813,0.3461,-0.0564
2025-03-12,9.5800,0.0000,0.9419,0.0334,0.0000,0.1531,0.6105,0.0000,-1.7396,0.0251,0.2608,0.2748,-0.0564
2025-03-16,9.2700,-0.0329,1.3892,0.0453,0.0000,0.2653,0.8576,0.0000,-1.7205,0.0010,0.2421,-0.7058,-0.0248
2025-03-16,9.2700,0.0000,1.3335,0.0453,0.0000,0.0635,0.8350,0.0000,-2.1279,0.0345,0.2322,-0.8598,-0.0248
2025-03-17,9.2700,0.0000,0.0000,0.0000,0.0000,0.0000,0.8208,0.0000,-2.1279,0.0000,0.2634,-1.0796,-0.0248
2025-03-17,9.2700,0.0000,0.0000,0.0000,0.0000,0.0000,0.8606,0.0000,-2.2811,0.0000,0.2890,-1.0749,-0.0248
2025-03-18,9.7800,0.0536,2.0782,0.0481,0.0000,0.7232,1.4562,1.0000,1.4173,0.0173,0.2858,0.5173,-0.0757
2025-03-18,9.7800,0.0000,1.9985,0.0481,0.0000,0.4580,1.6231,0.0000,1.5257,-0.0358,0.3028,0.4838,-0.0757
2025-03-19,9.6500,-0.0134,1.7946,0.0560,0.0000,0.2267,1.5492,0.0000,1.5566,0.0123,0.3117,-1.0033,-0.0632
2025-03-19,9.6500,0.0000,1.7562,0.0560,0.0000,0.3685,1.5489,0.0000,1.5457,0.0259,0.3183,-1.0275,-0.0632
2025-03-20,9.7000,0.0052,1.1948,0.0320,0.0000,0.4011,1.5163,1.0000,1.4797,-0.0124,0.3185,-0.0526,-0.0680
2025-03-20,9.7000,0.0000,1.1785,0.0320,0.0000,0.0000,1.5236,0.0000,1.5165,-0.0175,0.3162,-0.0774,-0.0680
2025-03-23,9.8200,0.0123,5.7514,0.0275,0.0000,0.0000,1.2661,1.0000,1.3498,0.0196,0.4565,3.5992,-0.0794
2025-03-23,9.8200,0.0000,4.6379,0.0275,0.0000,0.3089,1.2663,0.0000,1.4106,0.0071,0.5255,2.6674,-0.0794
2025-03-24,9.7500,-0.0072,3.9399,0.0667,0.0000,0.0000,1.2934,0.0000,1.4971,0.0132,0.5423,-0.4282,-0.0728
2025-03-24,9.7500,0.0000,3.3208,0.0667,0.0000,0.2706,1.2952,0.0000,1.4971,0.0205,0.5381,-0.3973,-0.0728
2025-03-25,9.3900,-0.0376,2.9597,0.0607,0.0000,0.0000,0.9281,0.0000,0.9776,-0.0123,0.5273,-2.6629,-0.0373
2025-03-25,9.3900,0.0000,2.6018,0.0607,0.0000,0.2264,0.9284,0.0000,0.9776,0.0256,0.5070,-2.1687,-0.0373
2025-03-26,9.1800,-0.0226,2.2331,0.0468,0.0000,0.0464,0.9859,0.0000,1.0006,0.0117,0.4834,-2.9216,-0.0153
2025-03-26,9.1800,0.0000,2.0297,0.0468,0.0000,0.1390,0.9860,0.0000,1.0006,0.0349,0.4550,-2.3192,-0.0153
2025-03-27,9.0400,-0.0154,1.2855,0.0442,0.0000,0.0969,0.9726,0.0000,1.0002,0.0011,0.4323,-2.4525,0.0000
2025-03-27,9.0400,0.0000,1.2202,0.0442,0.0000,0.0000,0.9742,0.0000,1.0002,0.0166,0.4068,-2.0364,0.0166
2025-03-31,9.3300,0.0316,0.1185,0.0332,0.0000,0.0000,1.1884,1.0000,1.0289,0.0122,0.4181,-1.7095,-0.0150
2025-03-31,9.3300,0.0000,0.1197,0.0332,0.0000,0.0451,1.1908,0.0000,1.0289,-0.0193,0.4286,-1.5062,-0.0150
2025-04-01,9.4500,0.0128,0.1014,0.0243,0.0000,0.0000,1.2384,1.0000,0.8977,0.0043,0.4221,-1.3076,-0.0275
2025-04-01,9.4500,0.0000,0.1009,0.0243,0.0000,0.0302,1.2609,0.0000,0.8977,-0.0085,0.4151,-1.1768,-0.0275
2025-04-02,9.6400,0.0199,0.1475,0.0363,0.0000,0.0547,1.0372,1.0000,-0.3455,-0.0011,0.4275,-1.0114,-0.0467
2025-04-02,9.6400,0.0000,0.1498,0.0363,0.0000,0.0255,1.0382,0.0000,-0.3455,-0.0207,0.4386,-0.9151,-0.0467
2025-04-03,9.2600,-0.0402,0.1356,0.0529,0.0000,0.0505,1.2382,0.0000,-0.6721,0.0062,0.4488,-0.8746,-0.0076
2025-04-03,9.2600,0.0000,0.1376,0.0529,0.0000,0.0465,1.2382,0.0000,-0.6721,0.0475,0.4578,-0.7898,-0.0076
2025-04-06,9.1900,-0.0076,0.1058,0.0675,0.0000,0.0000,1.2010,0.0000,-0.5587,-0.0086,0.4645,-0.7467,0.0000
2025-04-06,9.1900,0.0000,0.1068,0.0675,0.0000,0.0479,1.2058,0.0000,-0.5587,-0.0011,0.4704,-0.6684,0.0098
2025-04-07,9.4200,0.0247,0.0579,0.0435,0.0000,0.0000,1.1161,1.0000,-0.4233,0.0544,0.5116,-0.5840,-0.0149
2025-04-07,9.4200,0.0000,0.0646,0.0435,0.0000,0.0219,1.1419,0.0000,-0.4233,0.0287,0.5507,-0.5361,-0.0149
2025-04-08,9.2800,-0.0150,0.0522,0.0345,0.0000,0.0000,1.1454,0.0000,-0.3568,-0.0127,0.5891,-0.4938,0.0000
2025-04-08,9.2800,0.0000,0.0606,0.0345,0.0000,0.0237,1.1538,0.0000,-0.3568,0.0022,0.6237,-0.4583,0.0442
2025-04-10,9.6900,0.0432,0.1960,0.0320,0.0000,0.0000,1.3592,1.0000,0.1967,0.0183,0.6433,-0.2636,0.0000
2025-04-10,9.6900,0.0000,0.2428,0.0320,0.0000,0.0652,1.3959,0.0000,0.1967,-0.0248,0.6484,-0.1337,0.0010
2025-04-14,9.7700,0.0082,0.2337,0.0246,0.0000,0.0115,1.0615,1.0000,0.0861,0.0093,0.6365,0.2781,-0.0072
2025-04-14,9.7700,0.0000,0.3337,0.0246,0.0000,0.0743,1.0636,0.0000,0.0861,0.0010,0.5716,1.1520,-0.0072
2025-04-15,9.7900,0.0020,1.1336,0.0255,0.0000,0.1543,1.0281,1.0000,-0.0023,0.0000,0.4762,2.4370,-0.0092
2025-04-15,9.7900,0.0000,1.7249,0.0255,0.0000,0.0000,1.0382,0.0000,-0.0023,-0.0020,0.2290,2.1651,-0.0092
2025-04-16,9.7600,-0.0031,0.7967,0.0246,0.0000,0.0000,0.9641,0.0000,0.0577,0.0061,0.2342,1.3106,-0.0061
2025-04-16,9.7600,0.0000,0.8128,0.0246,0.0000,0.3047,0.9721,0.0000,0.0577,0.0092,0.2376,1.1878,-0.0061
2025-04-20,9.9400,0.0183,0.8043,0.0302,0.0000,0.0000,0.9056,1.0000,0.0387,0.0143,0.2415,1.6316,-0.0493
2025-04-20,9.9400,0.0000,0.8142,0.0302,0.0000,0.2854,0.9097,0.0000,0.0387,-0.0040,0.2443,1.4440,-0.0493
2025-04-21,10.5800,0.0624,2.4602,0.0662,0.0000,0.0000,1.1657,1.0000,1.0295,0.0151,0.2769,2.5799,-0.1219
2025-04-21,10.5800,0.0000,2.3421,0.0662,0.0000,0.9279,1.1881,0.0000,1.0295,-0.0463,0.3016,2.1358,-0.1219
2025-04-22,10.5600,-0.0019,0.7740,0.0710,0.0000,0.2506,1.2054,0.0000,2.1136,0.0208,0.3012,1.5025,-0.1288
2025-04-22,10.5600,0.0000,0.7935,0.0710,0.0000,0.0000,1.2168,0.0000,2.1136,0.0227,0.2983,1.3395,-0.1288
2025-04-23,10.2100,-0.0337,0.6857,0.0578,0.0000,0.0000,1.4230,0.0000,1.3231,0.0123,0.3020,0.9137,-0.1087
2025-04-23,10.2100,0.0000,0.6968,0.0578,0.0000,0.2023,1.4230,0.0000,1.3231,0.0470,0.3043,0.8277,-0.1087
2025-04-24,10.1100,-0.0098,2.1087,0.1632,0.0000,0.0000,1.4398,0.0000,1.5904,0.0108,0.3126,-0.3810,-0.0999
2025-04-24,10.1100,0.0000,1.9480,0.1632,0.0000,0.6651,1.4546,0.0000,1.5904,0.0208,0.3120,-0.4487,-0.0999
2025-04-27,9.9000,-0.0210,0.7950,0.0384,0.0000,0.0000,1.4737,0.0000,1.4999,0.0040,0.2909,-1.0558,-0.0808
2025-04-27,9.9000,0.0000,0.7756,0.0384,0.0000,0.1847,1.6053,0.0000,1.4999,0.0253,0.2683,-1.1525,-0.0808
2025-04-28,9.7000,-0.0204,0.4775,0.0526,0.0000,0.0000,0.7800,0.0000,1.8114,0.0152,0.2793,-1.4737,-0.0619
2025-04-28,9.7000,0.0000,0.4850,0.0526,0.0000,0.1718,0.7869,0.0000,1.8114,0.0361,0.2890,-1.4440,-0.0619
2025-04-29,9.7000,0.0000,0.2446,0.0216,0.0000,0.0000,0.7953,0.0000,1.9114,0.0000,0.3100,-1.3653,-0.0619
2025-04-29,9.7000,0.0000,0.2491,0.0216,0.0000,0.0585,0.8029,0.0000,1.9114,0.0000,0.3299,-1.2942,-0.0619
2025-05-01,9.7500,0.0051,0.1930,0.0256,0.0000,0.0000,0.6011,1.0000,1.8739,0.0155,0.3534,-1.0735,-0.0667
2025-05-01,9.7500,0.0000,0.2083,0.0256,0.0000,0.0622,0.6098,0.0000,1.8739,0.0103,0.3728,-0.9794,-0.0667
2025-05-04,9.7500,0.0000,0.4289,0.0133,0.0000,0.0000,0.6035,0.0000,1.8499,0.0133,0.3876,-0.9106,-0.0667
2025-05-04,9.7500,0.0000,0.4377,0.0133,0.0000,0.0656,0.6038,0.0000,1.8499,0.0133,0.4010,-0.8472,-0.0667
2025-05-05,9.4500,-0.0313,0.7501,0.0455,0.0000,0.0557,0.7466,0.0000,1.7714,-0.0123,0.4024,-1.0903,-0.0370
2025-05-05,9.4500,0.0000,0.7532,0.0455,0.0000,0.2178,0.7466,0.0000,1.7714,0.0190,0.4035,-0.9895,-0.0370
2025-05-06,9.2900,-0.0171,1.1031,0.0355,0.0000,0.3866,0.7120,0.0000,-1.4077,-0.0032,0.3786,-1.3443,-0.0205
2025-05-06,9.2900,0.0000,1.2121,0.0355,0.0000,0.0000,0.7120,0.0000,-1.4077,0.0140,0.3388,-1.2782,-0.0205
2025-05-07,9.2000,-0.0097,0.7821,0.0293,0.0000,0.1592,0.7111,0.0000,-1.3110,0.0172,0.3423,-1.5092,-0.0109
2025-05-07,9.2000,0.0000,0.7924,0.0293,0.0000,0.0000,0.7141,0.0000,-1.3110,0.0272,0.3446,-1.4647,-0.0109
2025-05-08,9.1000,-0.0109,1.7210,0.0385,0.0000,0.0000,0.6785,0.0000,-1.3566,0.0120,0.3553,-2.1578,0.0000
2025-05-08,9.1000,0.0000,1.6500,0.0385,0.0000,0.3011,0.6789,0.0000,-1.3566,0.0231,0.3609,-2.0960,0.0275
2025-05-11,9.4300,0.0356,0.9107,0.0297,0.0000,0.1757,1.0675,1.0000,0.6405,0.0231,0.3261,-1.4522,-0.0106
2025-05-11,9.4300,0.0000,1.0170,0.0297,0.0000,0.0028,1.0744,0.0000,0.6405,-0.0127,0.2714,-1.3312,-0.0106
2025-05-12,9.4200,-0.0011,1.2409,0.0361,0.0000,0.0000,0.8809,0.0000,0.6346,-0.0032,0.2699,-1.6942,-0.0096
2025-05-12,9.4200,0.0000,1.2519,0.0361,0.0000,0.2778,0.8827,0.0000,0.6346,-0.0021,0.2674,-1.5087,-0.0096
2025-05-13,9.5200,0.0106,1.6464,0.0273,0.0000,0.1311,0.8190,1.0000,0.5305,0.0138,0.2740,-0.6668,-0.0200
2025-05-13,9.5200,0.0000,1.5819,0.0273,0.0000,0.3369,0.8203,0.0000,0.5305,0.0032,0.2761,-0.5946,-0.0200
2025-05-14,9.6900,0.0177,0.7601,0.0268,0.0000,0.0000,0.8169,1.0000,0.3958,0.0294,0.2608,-0.1481,-0.0392
2025-05-14,9.6900,0.0000,0.7462,0.0268,0.0000,0.1836,0.8169,0.0000,0.3958,0.0114,0.2443,-0.0841,-0.0392
2025-05-15,9.9200,0.0235,0.7932,0.0222,0.0000,0.1104,0.7956,1.0000,0.3738,0.0041,0.2188,0.4512,-0.0615
2025-05-15,9.9200,0.0000,0.7729,0.0222,0.0000,0.0000,0.7958,0.0000,0.3738,-0.0192,0.1920,0.5467,-0.0615
2025-05-18,10.8100,0.0859,5.5418,0.1397,0.0000,0.0000,1.4457,1.0000,2.2033,0.0081,0.3521,3.4496,-0.1388
2025-05-18,10.8100,0.0000,4.4068,0.1397,0.0000,1.8769,1.4461,0.0000,2.2033,-0.0749,0.4261,2.6705,-0.1388
2025-05-19,10.8200,0.0009,2.4477,0.0869,0.0000,0.0000,1.4401,1.0000,2.7282,0.0130,0.4481,2.9464,-0.1405
2025-05-19,10.8200,0.0000,2.2283,0.0869,0.0000,1.0393,1.4401,0.0000,2.7282,0.0120,0.4572,2.3437,-0.1405
2025-05-20,9.4400,-0.1364,8.0437,0.1536,0.0000,0.0000,2.3195,0.0000,-1.9297,-0.0869,0.6154,-2.5262,-0.0148
2025-05-20,9.4400,0.0000,5.8112,0.1536,0.0000,3.3193,2.3195,0.0000,-1.9297,0.0466,0.6580,-2.0916,-0.0148
2025-05-21,9.4300,-0.0011,0.5306,0.0350,0.0000,0.1515,2.3166,0.0000,-1.9773,0.0117,0.6480,-2.0490,-0.0191
2025-05-21,9.4300,0.0000,0.5210,0.0350,0.0000,0.0000,2.3166,0.0000,-1.9773,0.0127,0.6366,-1.7677,-0.0191
2025-05-22,9.3500,-0.0085,0.3936,0.0257,0.0000,0.1171,2.2859,0.0000,-1.9924,0.0074,0.6358,-1.7289,-0.0107
2025-05-22,9.3500,0.0000,0.3930,0.0257,0.0000,0.0000,2.2859,0.0000,-1.9924,0.0160,0.6349,-1.5305,-0.0107
2025-05-25,9.3300,-0.0021,0.1743,0.0171,0.0000,0.0000,1.8528,0.0000,-2.0071,-0.0021,0.6353,-1.4354,-0.0086
2025-05-25,9.3300,0.0000,0.1743,0.0171,0.0000,0.0527,1.8528,0.0000,-2.0071,0.0000,0.6356,-1.2889,-0.0086
2025-05-26,9.3400,0.0011,0.2098,0.0150,0.0000,0.0557,1.8531,1.0000,-2.0163,-0.0064,0.6361,-1.0901,-0.0096
2025-05-26,9.3400,0.0000,0.2099,0.0150,0.0000,0.0000,1.8531,0.0000,-2.0163,-0.0075,0.6365,-0.9943,-0.0096
2025-05-27,9.4300,0.0096,0.2216,0.0138,0.0000,0.0315,0.1944,1.0000,-2.0146,0.0043,0.6396,-0.8241,-0.0191
2025-05-27,9.4300,0.0000,0.2225,0.0138,0.0000,0.0120,0.1944,0.0000,-2.0146,-0.0053,0.6423,-0.7496,-0.0191
2025-05-28,9.3100,-0.0128,0.6704,0.0580,0.0000,0.0000,0.2649,0.0000,-1.9133,0.0127,0.6268,-0.9267,-0.0064
2025-05-28,9.3100,0.0000,0.6532,0.0580,0.0000,0.1333,0.2649,0.0000,-1.9133,0.0258,0.6095,-0.8393,-0.0064
2025-05-29,9.4100,0.0107,0.1184,0.0096,0.0000,0.0000,0.2862,1.0000,-1.9268,0.0086,0.6123,-0.7122,-0.0181
2025-05-29,9.4100,0.0000,0.1186,0.0096,0.0000,0.0511,0.2862,0.0000,-1.9268,-0.0021,0.6148,-0.6374,-0.0181
2025-06-01,9.4400,0.0032,0.1760,0.0244,0.0000,0.0000,0.2850,1.0000,-4.2857,0.0043,0.6325,-0.4930,-0.0318
2025-06-01,9.4400,0.0000,0.1895,0.0244,0.0000,0.0646,0.2850,0.0000,-4.2857,0.0011,0.6452,-0.4155,-0.0318
2025-06-02,9.3000,-0.0149,0.2436,0.0409,0.0000,0.0000,0.3640,0.0000,-4.2040,0.0000,0.6562,-0.4728,-0.0258
2025-06-02,9.3000,0.0000,0.2545,0.0409,0.0000,0.1037,0.3640,0.0000,-4.2040,0.0151,0.6637,-0.9214,-0.0258
2025-06-03,9.3200,0.0021,0.5131,0.0322,0.0000,0.0000,0.3378,1.0000,-0.7144,0.0161,0.5891,-0.0800,-0.0290
2025-06-03,9.3200,0.0000,0.9668,0.0322,0.0000,0.4825,0.3378,0.0000,-0.7144,0.0139,0.2942,0.0848,-0.0290
2025-06-04,9.2500,-0.0075,0.5901,0.0270,0.0000,0.2221,0.3049,0.0000,-0.5549,0.0107,0.2899,-0.4984,-0.0616
2025-06-04,9.2500,0.0000,0.6296,0.0270,0.0000,0.0000,0.3049,0.0000,-0.5549,0.0184,0.2782,-0.4225,-0.0616
2025-06-05,9.2500,0.0000,0.4031,0.0151,0.0000,0.1363,0.2476,0.0000,-0.7498,0.0108,0.2869,-0.3705,-0.0616
2025-06-05,9.2500,0.0000,0.4282,0.0151,0.0000,0.0000,0.2476,0.0000,-0.7498,0.0108,0.2905,-0.3186,-0.0616
2025-06-08,9.3700,0.0129,1.5262,0.0267,0.0000,0.0000,0.3238,1.0000,-0.4268,0.0151,0.2997,1.4386,-0.0736
2025-06-08,9.3700,0.0000,1.4665,0.0267,0.0000,0.3344,0.3238,0.0000,-0.4268,0.0021,0.3042,1.2949,-0.0736
2025-06-09,9.3900,0.0021,1.1847,0.0319,0.0000,0.4591,0.2295,1.0000,-0.4500,0.0032,0.3053,2.2571,-0.0756
2025-06-09,9.3900,0.0000,1.1628,0.0319,0.0000,0.0080,0.2295,0.0000,-0.4500,0.0011,0.3045,1.9472,-0.0756
2025-06-10,9.4200,0.0032,1.5218,0.0520,0.0000,0.0009,0.2323,1.0000,-0.5381,0.0106,0.3093,2.6894,-0.0786
2025-06-10,9.4200,0.0000,1.4690,0.0520,0.0000,0.5378,0.2323,0.0000,-0.5381,0.0074,0.3102,2.2533,-0.0786
2025-06-11,9.3000,-0.0128,0.7811,0.0280,0.0000,0.0000,0.2909,0.0000,-0.5390,0.0042,0.2829,1.5413,-0.0667
2025-06-11,9.3000,0.0000,0.8602,0.0280,0.0000,0.4124,0.2909,0.0000,-0.5390,0.0172,0.2400,1.3802,-0.0667
2025-06-12,9.2400,-0.0065,0.9693,0.0455,0.0000,0.0000,0.3094,0.0000,-0.5876,0.0161,0.2273,0.7464,-0.0606
2025-06-12,9.2400,0.0000,0.9476,0.0455,0.0000,0.3961,0.3094,0.0000,-0.5876,0.0227,0.2129,0.6694,-0.0606
2025-06-15,9.1400,-0.0109,1.0453,0.0405,0.0000,0.3146,0.2637,0.0000,-0.3811,-0.0043,0.2064,-0.0053,-0.0503
2025-06-15,9.1400,0.0000,1.0265,0.0405,0.0000,0.0000,0.2637,0.0000,-0.3811,0.0066,0.1983,-0.0440,-0.0503
2025-06-16,9.0600,-0.0088,0.7211,0.0618,0.0000,0.0000,0.2672,0.0000,-0.0463,-0.0077,0.2019,-0.5694,-0.0419
2025-06-16,9.0600,0.0000,0.7249,0.0618,0.0000,0.3062,0.2672,0.0000,-0.0463,0.0011,0.2050,-0.6446,-0.0419
2025-06-17,9.0500,-0.0011,0.4633,0.0365,0.0000,0.0000,0.2532,0.0000,0.0353,-0.0166,0.2232,-0.9388,-0.0409
2025-06-17,9.0500,0.0000,0.4805,0.0365,0.0000,0.1786,0.2532,0.0000,0.0353,-0.0155,0.2389,-0.9224,-0.0409
2025-06-18,8.6800,-0.0417,3.6063,0.1290,0.0000,0.0000,0.6178,0.0000,-2.6708,0.0044,0.3164,-2.7691,0.0000
2025-06-18,8.6800,0.0000,3.1347,0.1290,0.0000,1.2043,0.6178,0.0000,-2.6708,0.0472,0.3606,-2.2951,0.0023
2025-06-19,8.7300,0.0057,0.7321,0.0332,0.0000,0.2796,0.6465,1.0000,-2.6049,0.0138,0.3416,-1.6710,-0.0034
2025-06-19,8.7300,0.0000,0.7169,0.0332,0.0000,0.0000,0.6465,0.0000,-2.6049,0.0080,0.3214,-1.5200,-0.0034
2025-06-22,8.7000,-0.0034,0.9367,0.0264,0.0000,0.4032,0.6410,0.0000,-3.1071,0.0137,0.3202,-1.7415,0.0000
2025-06-22,8.7000,0.0000,0.9458,0.0264,0.0000,0.0000,0.6410,0.0000,-3.1071,0.0172,0.3180,-1.5344,0.0149
2025-06-23,9.0700,0.0416,0.9687,0.0540,0.0000,0.0000,0.9275,1.0000,0.3132,0.0149,0.3183,-0.9958,-0.0265
2025-06-23,9.0700,0.0000,0.9672,0.0540,0.0000,0.3462,0.9275,0.0000,0.3132,-0.0265,0.3184,-0.9015,-0.0265
2025-06-24,9.0900,0.0022,0.8145,0.0385,0.0000,0.3369,0.9780,1.0000,0.3247,0.0143,0.3137,-0.4771,-0.0286
2025-06-24,9.0900,0.0000,0.8348,0.0385,0.0000,0.0000,0.9780,0.0000,0.3247,0.0121,0.3062,-0.4007,-0.0286
2025-06-25,9.0100,-0.0088,0.6351,0.0266,0.0000,0.0000,0.6833,0.0000,0.3077,0.0000,0.3069,-0.6285,-0.0200
2025-06-25,9.0100,0.0000,0.6356,0.0266,0.0000,0.1682,0.6833,0.0000,0.3077,0.0089,0.3074,-0.5550,-0.0200
2025-06-26,8.9500,-0.0067,0.4672,0.0279,0.0000,0.0007,0.7106,0.0000,0.3096,0.0155,0.3201,-0.7359,-0.0134
2025-06-26,8.9500,0.0000,0.4742,0.0279,0.0000,0.1477,0.7106,0.0000,0.3096,0.0223,0.3318,-0.6680,-0.0134
2025-06-29,8.8900,-0.0067,0.6179,0.0416,0.0000,0.0000,0.7205,0.0000,0.2819,0.0168,0.3376,-0.9800,-0.0067
2025-06-29,8.8900,0.0000,0.6260,0.0416,0.0000,0.2880,0.7205,0.0000,0.2819,0.0236,0.3423,-0.9190,-0.0067
2025-06-30,8.9500,0.0067,0.4066,0.0156,0.0000,0.0000,0.2375,1.0000,0.1173,0.0124,0.3531,-0.5510,-0.0134
2025-06-30,8.9500,0.0000,0.4112,0.0156,0.0000,0.1064,0.2375,0.0000,0.1173,0.0056,0.3631,-0.4815,-0.0134
2025-07-01,8.8300,-0.0135,0.5453,0.0328,0.0000,0.2076,0.2970,0.0000,0.2119,0.0156,0.3555,-0.9808,0.0000
2025-07-01,8.8300,0.0000,0.5411,0.0328,0.0000,0.0000,0.2970,0.0000,0.2119,0.0294,0.3473,-1.1017,0.0091
2025-07-02,8.9100,0.0090,0.9647,0.0393,0.0000,0.0000,0.3303,1.0000,2.8071,0.0136,0.2788,0.2009,0.0000
2025-07-02,8.9100,0.0000,1.1320,0.0393,0.0000,0.4810,0.3303,0.0000,2.8071,0.0045,0.1692,0.1516,0.0213
2025-07-03,9.1400,0.0255,3.0153,0.0646,0.0000,0.0000,0.5158,1.0000,2.2139,0.0056,0.2411,2.9614,-0.0044
2025-07-03,9.1400,0.0000,2.7376,0.0646,0.0000,1.3102,0.5158,0.0000,2.2139,-0.0197,0.2905,2.3524,-0.0044
2025-07-06,9.1200,-0.0022,0.6225,0.0351,0.0000,0.0000,0.4990,0.0000,2.2154,0.0241,0.2953,1.5865,-0.0022
2025-07-06,9.1200,0.0000,0.6407,0.0351,0.0000,0.2367,0.4990,0.0000,2.2154,0.0263,0.2976,1.4177,-0.0022
2025-07-07,9.2300,0.0120,1.0890,0.0444,0.0000,0.0761,0.5236,1.0000,1.3176,0.0296,0.2944,1.9270,-0.0141
2025-07-07,9.2300,0.0000,1.0989,0.0444,0.0000,0.5463,0.5236,0.0000,1.3176,0.0173,0.2902,1.6732,-0.0141
2025-07-08,9.2200,-0.0011,0.5025,0.0293,0.0000,0.0000,0.4454,0.0000,1.3813,0.0000,0.3009,1.2500,-0.0130
2025-07-08,9.2200,0.0000,0.5175,0.0293,0.0000,0.1765,0.4454,0.0000,1.3813,0.0011,0.3092,1.1564,-0.0130
2025-07-09,9.2100,-0.0011,1.1476,0.0380,0.0000,0.3716,0.4450,0.0000,1.4843,0.0141,0.3109,0.4569,-0.0239
2025-07-09,9.2100,0.0000,1.1300,0.0380,0.0000,0.0000,0.4450,0.0000,1.4843,0.0152,0.3111,0.4169,-0.0239
2025-07-10,9.1800,-0.0033,0.3944,0.0261,0.0000,0.0000,0.2143,0.0000,1.5433,0.0130,0.3222,0.1475,-0.0338
2025-07-10,9.1800,0.0000,0.3986,0.0261,0.0000,0.0532,0.2143,0.0000,1.5433,0.0163,0.3325,0.1033,-0.0338
2025-07-13,9.1000,-0.0088,0.3950,0.0242,0.0000,0.0000,0.2634,0.0000,1.4550,0.0131,0.3467,-0.1901,-0.0374
2025-07-13,9.1000,0.0000,0.4032,0.0242,0.0000,0.1089,0.2634,0.0000,1.4550,0.0220,0.3594,-0.2655,-0.0374
2025-07-14,9.2000,0.0109,4.1509,0.0707,0.0000,3.0513,0.2485,1.0000,1.3419,0.0154,0.4288,2.3530,-0.0478
2025-07-14,9.2000,0.0000,3.4992,0.0707,0.0000,0.0000,0.2485,0.0000,1.3419,0.0043,0.4607,2.0044,-0.0478
2025-07-15,9.2900,0.0097,0.6316,0.0291,0.0000,0.2848,0.2970,1.0000,1.7207,0.0033,0.4566,2.1281,-0.0571
2025-07-15,9.2900,0.0000,0.6268,0.0291,0.0000,0.0000,0.2970,0.0000,1.7207,-0.0065,0.4519,1.9007,-0.0571
2025-07-16,9.2100,-0.0086,0.4293,0.0358,0.0000,0.0000,0.3356,0.0000,1.7370,0.0011,0.4609,1.4554,-0.0554
2025-07-16,9.2100,0.0000,0.4362,0.0358,0.0000,0.1795,0.3356,0.0000,1.7370,0.0098,0.4686,1.3326,-0.0554
2025-07-17,9.2300,0.0022,0.4212,0.0271,0.0000,0.1994,0.3346,1.0000,0.7282,0.0185,0.4648,1.4157,-0.0607
2025-07-17,9.2300,0.0000,0.4695,0.0271,0.0000,0.0000,0.3346,0.0000,0.7282,0.0163,0.4486,1.2718,-0.0607
2025-07-20,9.2300,0.0000,0.3309,0.0238,0.0000,0.0000,0.3299,0.0000,0.6813,0.0065,0.4598,1.1455,-0.0607
2025-07-20,9.2300,0.0000,0.3357,0.0238,0.0000,0.0907,0.3299,0.0000,0.6813,0.0065,0.4698,1.0352,-0.0607
2025-07-21,9.1600,-0.0076,0.7948,0.0328,0.0000,0.1834,0.3026,0.0000,0.4981,0.0119,0.4704,0.6156,-0.0688
2025-07-21,9.1600,0.0000,0.8061,0.0328,0.0000,0.3294,0.3026,0.0000,0.4981,0.0197,0.4697,0.5622,-0.0688
2025-07-22,9.1200,-0.0044,0.4881,0.0329,0.0000,0.0000,0.4292,0.0000,0.5542,0.0153,0.4695,0.2965,-0.0779
2025-07-22,9.1200,0.0000,0.4880,0.0329,0.0000,0.2397,0.4292,0.0000,0.5542,0.0197,0.4693,0.2486,-0.0779
2025-07-23,8.9900,-0.0144,1.0765,0.0378,0.0000,0.0006,0.5790,0.0000,-0.0788,0.0143,0.4692,-0.3091,-0.0745
2025-07-23,8.9900,0.0000,1.0772,0.0378,0.0000,0.2183,0.5790,0.0000,-0.0788,0.0289,0.4690,-0.3837,-0.0745
2025-07-24,8.8700,-0.0134,0.9300,0.0327,0.0000,0.0000,0.6630,0.0000,-0.2008,0.0000,0.4585,-0.9686,-0.0654
2025-07-24,8.8700,0.0000,0.9045,0.0327,0.0000,0.1964,0.6630,0.0000,-0.2008,0.0135,0.4458,-1.0939,-0.0654
2025-07-27,8.7600,-0.0125,0.9798,0.0285,0.0000,0.2457,0.6990,0.0000,-0.2628,-0.0079,0.4312,-1.8617,-0.0537
2025-07-27,8.7600,0.0000,0.9492,0.0285,0.0000,0.0000,0.6990,0.0000,-0.2628,0.0046,0.4144,-2.0442,-0.0537
2025-07-28,8.9100,0.0170,0.3837,0.0213,0.0000,0.0000,1.0223,1.0000,0.3454,0.0160,0.3507,-1.5841,-0.0696
2025-07-28,8.9100,0.0000,0.5009,0.0213,0.0000,0.1097,1.0223,0.0000,0.3454,-0.0011,0.2176,-1.4066,-0.0696
2025-07-29,8.8500,-0.0068,0.4289,0.0215,0.0000,0.0000,1.0354,0.0000,0.5320,0.0000,0.2360,-1.4069,-0.0633
2025-07-29,8.8500,0.0000,0.4473,0.0215,0.0000,0.0708,1.0354,0.0000,0.5320,0.0068,0.2516,-1.2673,-0.0633
2025-07-30,8.7000,-0.0171,1.2257,0.0287,0.0000,0.2205,1.0708,0.0000,0.2033,0.0045,0.2498,-1.5229,-0.0471
2025-07-30,8.7000,0.0000,1.2040,0.0287,0.0000,0.0000,1.0708,0.0000,0.2033,0.0218,0.2463,-1.3614,-0.0471
2025-07-31,8.6700,-0.0035,0.7944,0.0265,0.0000,0.0000,1.0061,0.0000,0.3186,0.0172,0.2455,-1.4782,-0.0438
2025-07-31,8.6700,0.0000,0.7923,0.0265,0.0000,0.1497,1.0061,0.0000,0.3186,0.0208,0.2444,-1.3473,-0.0438
2025-08-03,8.6700,0.0000,1.1193,0.0334,0.0000,0.0669,0.9263,0.0000,0.3186,0.0000,0.2304,-1.2441,-0.0438
2025-08-03,8.6700,0.0000,1.0856,0.0334,0.0000,0.2314,0.9263,0.0000,0.3186,0.0000,0.2143,-1.1677,-0.0438
2025-08-04,8.5300,-0.0163,1.5110,0.0328,0.0000,0.0000,0.7602,0.0000,0.1917,0.0138,0.2199,-1.6574,-0.0281
2025-08-04,8.5300,0.0000,1.4809,0.0328,0.0000,0.2796,0.7602,0.0000,0.1917,0.0305,0.2232,-1.5432,-0.0281
2025-08-05,8.4100,-0.0142,2.3542,0.0428,0.0000,0.8143,0.8236,0.0000,0.2444,0.0000,0.2515,-2.3382,-0.0143
2025-08-05,8.4100,0.0000,2.1642,0.0428,0.0000,0.0000,0.8236,0.0000,0.2444,0.0143,0.2671,-2.0858,-0.0143
2025-08-06,8.3200,-0.0108,1.3127,0.0312,0.0000,0.1070,0.7215,0.0000,0.2751,-0.0131,0.2694,-2.2922,-0.0036
2025-08-06,8.3200,0.0000,1.3057,0.0312,0.0000,0.5078,0.7215,0.0000,0.2751,-0.0024,0.2711,-1.9945,-0.0036
2025-08-07,8.2900,-0.0036,1.2320,0.0241,0.0000,0.0000,0.7211,0.0000,0.2075,0.0096,0.2707,-2.1251,0.0000
2025-08-07,8.2900,0.0000,1.2213,0.0241,0.0000,0.3515,0.7211,0.0000,0.2075,0.0133,0.2694,-1.8448,0.0012
2025-08-10,8.3200,0.0036,0.8401,0.0312,0.0000,0.0000,0.7695,1.0000,0.0118,0.0121,0.2741,-1.3652,-0.0024
2025-08-10,8.3200,0.0000,0.8551,0.0312,0.0000,0.1477,0.7695,0.0000,0.0118,0.0084,0.2772,-1.2280,-0.0024
2025-08-11,8.3000,-0.0024,0.4813,0.0217,0.0000,0.0000,0.6089,0.0000,-1.3518,0.0156,0.2732,-1.2630,0.0000
2025-08-11,8.3000,0.0000,0.4793,0.0217,0.0000,0.1658,0.6089,0.0000,-1.3518,0.0181,0.2688,-1.1501,0.0012
2025-08-12,8.5800,0.0332,0.7395,0.0396,0.0000,0.0016,1.1883,1.0000,1.7886,0.0120,0.2495,-0.7962,-0.0315
2025-08-12,8.5800,0.0000,0.7242,0.0396,0.0000,0.1652,1.1883,0.0000,1.7886,-0.0210,0.2288,-0.7190,-0.0315
2025-08-13,8.4700,-0.0129,1.1876,0.1169,0.0000,0.3777,1.2167,0.0000,2.0234,0.0023,0.2277,-1.1124,-0.0189
2025-08-13,8.4700,0.0000,1.1681,0.1169,0.0000,0.0062,1.2167,0.0000,2.0234,0.0153,0.2251,-1.0238,-0.0189
2025-08-17,8.4600,-0.0012,0.2572,0.0520,0.0000,0.0000,1.2088,0.0000,1.9933,-0.0024,0.2419,-1.0479,-0.0177
2025-08-17,8.4600,0.0000,0.2612,0.0520,0.0000,0.0812,1.2088,0.0000,1.9933,-0.0012,0.2578,-0.9722,-0.0177
2025-08-18,8.6200,0.0187,2.3135,0.1276,0.0000,0.0000,1.3046,1.0000,1.5837,0.0165,0.2859,0.4169,-0.0360
2025-08-18,8.6200,0.0000,2.1478,0.1276,0.0000,1.4132,1.3046,0.0000,1.5837,-0.0023,0.3028,0.6288,-0.0360
2025-08-19,8.6300,0.0012,0.6493,0.0290,0.0000,0.0000,1.2958,1.0000,1.8611,0.0151,0.3121,1.3467,-0.0371
2025-08-19,8.6300,0.0000,0.6620,0.0290,0.0000,0.2355,1.2958,0.0000,1.8611,0.0139,0.3198,1.6561,-0.0371
2025-08-20,8.5000,-0.0152,0.4459,0.0659,0.0000,0.2524,0.9098,0.0000,1.7962,0.0139,0.3247,1.2417,-0.0224
2025-08-20,8.5000,0.0000,0.4829,0.0659,0.0000,0.0000,0.9098,0.0000,1.7962,0.0294,0.3221,1.2495,-0.0224
2025-08-21,8.5100,0.0012,0.4894,0.0200,0.0000,0.0000,0.8974,1.0000,1.8798,0.0176,0.3342,1.4878,-0.0235
2025-08-21,8.5100,0.0000,0.5118,0.0200,0.0000,0.0855,0.8974,0.0000,1.8798,0.0165,0.3428,1.3446,-0.0235
2025-08-24,8.6200,0.0128,0.9208,0.0487,0.0000,0.0000,0.9837,1.0000,1.5612,-0.0129,0.3405,1.7286,-0.0360
2025-08-24,8.6200,0.0000,0.9430,0.0487,0.0000,0.3091,0.9837,0.0000,1.5612,-0.0255,0.3356,1.5304,-0.0360
2025-08-25,8.3400,-0.0330,1.3516,0.0528,0.0000,0.0000,1.2776,0.0000,0.0678,0.0000,0.3400,0.6143,-0.0036
2025-08-25,8.3400,0.0000,1.3245,0.0528,0.0000,0.3237,1.2776,0.0000,0.0678,0.0336,0.3422,0.5542,-0.0036
2025-08-27,8.3100,-0.0036,0.9628,0.0337,0.0000,0.0000,1.4293,0.0000,0.0821,0.0024,0.3324,-0.1303,0.0000
2025-08-27,8.3100,0.0000,0.9415,0.0337,0.0000,0.2541,1.4293,0.0000,0.0821,0.0060,0.3209,-0.1840,0.0132
2025-08-28,8.5100,0.0238,1.6246,0.0482,0.0000,0.0000,1.5912,1.0000,-0.6043,-0.0048,0.3276,0.9372,-0.0106
2025-08-28,8.5100,0.0000,1.5567,0.0482,0.0000,0.2657,1.5912,0.0000,-0.6043,-0.0282,0.3295,0.8501,-0.0106
2025-08-31,8.4300,-0.0094,0.5387,0.0380,0.0000,0.0000,1.6240,0.0000,-0.6351,0.0094,0.3405,0.3749,-0.0012
2025-08-31,8.4300,0.0000,0.5585,0.0380,0.0000,0.1697,1.6240,0.0000,-0.6351,0.0190,0.3487,0.2908,-0.0012
2025-09-01,8.6400,0.0246,0.9003,0.0718,0.0000,0.0001,1.7338,1.0000,-0.3701,-0.0083,0.3251,1.0977,-0.0255
2025-09-01,8.6400,0.0000,0.8729,0.0718,0.0000,0.3014,1.7338,0.0000,-0.3701,-0.0324,0.3000,1.3049,-0.0255
2025-09-02,8.5900,-0.0058,0.6120,0.0326,0.0000,0.0000,1.2465,0.0000,-0.2838,0.0116,0.2700,0.3377,-0.0198
2025-09-02,8.5900,0.0000,0.6872,0.0326,0.0000,0.2787,1.2465,0.0000,-0.2838,0.0175,0.2203,0.2742,-0.0198
2025-09-03,8.4500,-0.0164,0.8121,0.0379,0.0000,0.2141,1.3810,0.0000,-0.1420,0.0000,0.2226,-0.7935,-0.0036
2025-09-03,8.4500,0.0000,0.8173,0.0379,0.0000,0.0000,1.3810,0.0000,-0.1420,0.0166,0.2244,-0.7367,-0.0036
2025-09-04,8.4900,0.0047,0.4450,0.0200,0.0000,0.1106,1.1355,1.0000,-0.3317,0.0166,0.2330,-0.1719,-0.0082
2025-09-04,8.4900,0.0000,0.4484,0.0200,0.0000,0.0000,1.1355,0.0000,-0.3317,0.0118,0.2410,-0.1981,-0.0082
2025-09-07,8.5400,0.0059,0.5486,0.0234,0.0000,0.0340,1.0988,1.0000,-0.3831,0.0130,0.2427,0.5126,-0.0141
2025-09-07,8.5400,0.0000,0.5496,0.0234,0.0000,0.1783,1.0988,0.0000,-0.3831,0.0070,0.2443,0.4875,-0.0141
2025-09-08,8.4200,-0.0142,0.6569,0.0297,0.0000,0.1377,0.8199,0.0000,-0.1701,0.0117,0.2509,-0.2913,0.0000
2025-09-08,8.4200,0.0000,0.6699,0.0297,0.0000,0.0000,0.8199,0.0000,-0.1701,0.0261,0.2559,-0.2126,0.0166
2025-09-09,8.7400,0.0373,3.4865,0.0915,0.0000,0.0000,1.4641,1.0000,1.3938,0.0143,0.3235,3.2793,-0.0206
2025-09-09,8.7400,0.0000,3.1570,0.0915,0.0000,1.1492,1.4641,0.0000,1.3938,-0.0229,0.3690,2.5101,-0.0206
2025-09-10,8.6800,-0.0069,0.4360,0.0253,0.0000,0.0244,1.3669,0.0000,1.3881,0.0000,0.3798,1.8516,-0.0138
2025-09-10,8.6800,0.0000,0.4479,0.0253,0.0000,0.1352,1.3669,0.0000,1.3881,0.0069,0.3886,1.6590,-0.0138
2025-09-11,8.5800,-0.0116,0.5258,0.0326,0.0000,0.0000,1.4282,0.0000,1.7236,0.0092,0.3820,1.1388,-0.0035
2025-09-11,8.5800,0.0000,0.5651,0.0326,0.0000,0.1705,1.4282,0.0000,1.7236,0.0210,0.3669,1.0390,-0.0035
2025-09-14,8.6200,0.0047,0.8935,0.0302,0.0000,0.2417,1.4216,1.0000,1.6474,0.0128,0.3668,1.4577,-0.0081
2025-09-14,8.6200,0.0000,0.8842,0.0302,0.0000,0.0000,1.4216,0.0000,1.6474,0.0081,0.3658,1.3039,-0.0081
2025-09-15,8.5600,-0.0070,0.7424,0.0421,0.0000,0.0000,1.3498,0.0000,2.1445,0.0139,0.3627,0.7745,-0.0047
2025-09-15,8.5600,0.0000,0.7577,0.0421,0.0000,0.1025,1.3498,0.0000,2.1445,0.0210,0.3575,0.7136,-0.0047
2025-09-16,8.6300,0.0081,0.9674,0.0452,0.0000,0.0000,0.5835,1.0000,1.9147,0.0397,0.3589,1.1670,-0.0301
2025-09-16,8.6300,0.0000,0.9560,0.0452,0.0000,0.4998,0.5835,0.0000,1.9147,0.0313,0.3591,1.0541,-0.0301
2025-09-17,8.6300,0.0000,0.9441,0.0336,0.0000,0.0000,0.5531,0.0000,2.3504,0.0139,0.3595,0.9618,-0.0301
2025-09-17,8.6300,0.0000,0.9394,0.0336,0.0000,0.3903,0.5531,0.0000,2.3504,0.0139,0.3595,0.8806,-0.0301
2025-09-18,8.6600,0.0035,0.5551,0.0323,0.0000,0.2341,0.4024,1.0000,2.3831,-0.0093,0.3537,1.1411,-0.0335
2025-09-18,8.6600,0.0000,0.5522,0.0323,0.0000,0.0000,0.4024,0.0000,2.3831,-0.0127,0.3475,1.0579,-0.0335
2025-09-21,8.8800,0.0251,2.6931,0.0709,0.0000,0.0086,0.8496,1.0000,1.9140,0.0208,0.3796,2.5721,-0.0574
2025-09-21,8.8800,0.0000,2.4256,0.0709,0.0000,0.5174,0.8496,0.0000,1.9140,-0.0045,0.3954,2.1840,-0.0574
2025-09-22,8.8700,-0.0011,0.8003,0.0383,0.0000,0.0000,0.7935,0.0000,2.2493,0.0135,0.3906,1.5116,-0.0564
2025-09-22,8.8700,0.0000,0.7888,0.0383,0.0000,0.2973,0.7935,0.0000,2.2493,0.0147,0.3844,1.4789,-0.0564
2025-09-23,8.6200,-0.0286,0.5594,0.0499,0.0000,0.0000,1.2057,0.0000,-0.3546,0.0090,0.3534,0.9595,-0.0360
2025-09-23,8.6200,0.0000,0.6484,0.0499,0.0000,0.1740,1.2057,0.0000,-0.3546,0.0383,0.2967,0.8778,-0.0360
2025-09-24,8.6200,0.0000,0.5784,0.0267,0.0000,0.0459,1.2086,0.0000,-0.4714,-0.0023,0.2933,0.7951,-0.0360
2025-09-24,8.6200,0.0000,0.5765,0.0267,0.0000,0.0766,1.2086,0.0000,-0.4714,-0.0023,0.2896,0.7177,-0.0360
2025-09-25,8.5500,-0.0082,0.4227,0.0234,0.0000,0.0000,1.2217,0.0000,-0.4935,0.0000,0.2984,0.3795,-0.0281
2025-09-25,8.5500,0.0000,0.4257,0.0234,0.0000,0.1458,1.2217,0.0000,-0.4935,0.0082,0.3067,0.3070,-0.0281
2025-09-28,8.5500,0.0000,1.0416,0.0327,0.0000,0.2433,0.8679,0.0000,-0.4293,-0.0058,0.3073,0.2506,-0.0398
2025-09-28,8.5500,0.0000,1.0344,0.0327,0.0000,0.0000,0.8679,0.0000,-0.4293,-0.0058,0.3072,0.1924,-0.0398
2025-09-29,8.5200,-0.0035,0.4956,0.0223,0.0000,0.1558,0.8705,0.0000,-0.4868,-0.0058,0.3162,-0.2660,-0.0423
2025-09-29,8.5200,0.0000,0.5019,0.0223,0.0000,0.0000,0.8705,0.0000,-0.4868,-0.0023,0.3241,-0.3859,-0.0423
2025-09-30,8.3700,-0.0178,1.6764,0.0406,0.0000,0.0000,0.5591,0.0000,-0.3380,0.0141,0.3381,-1.7908,-0.0299
2025-09-30,8.3700,0.0000,1.6172,0.0406,0.0000,0.1955,0.5591,0.0000,-0.3380,0.0323,0.3477,-1.6924,-0.0299
2025-10-02,8.5000,0.0154,0.7282,0.0247,0.0000,0.0000,0.7907,1.0000,-0.2717,0.0143,0.3504,-1.0833,-0.0447
2025-10-02,8.5000,0.0000,0.7350,0.0247,0.0000,0.1709,0.7907,0.0000,-0.2717,-0.0012,0.3522,-1.0950,-0.0447
2025-10-05,8.4600,-0.0047,1.1018,0.0225,0.0000,0.0000,0.7681,0.0000,-0.1492,0.0118,0.3463,-1.8299,-0.0461
2025-10-05,8.4600,0.0000,1.0713,0.0225,0.0000,0.1773,0.7681,0.0000,-0.1492,0.0165,0.3379,-1.6473,-0.0461
2025-10-06,8.3900,-0.0083,0.4763,0.0286,0.0000,0.1736,0.8063,0.0000,-1.3560,-0.0154,0.3067,-1.7693,-0.0381
2025-10-06,8.3900,0.0000,0.5519,0.0286,0.0000,0.0000,0.8063,0.0000,-1.3560,-0.0072,0.2498,-1.6279,-0.0381
2025-10-07,8.4800,0.0107,0.9878,0.0271,0.0000,0.2135,0.8844,1.0000,-1.1596,0.0107,0.2498,-0.9545,-0.0483
2025-10-07,8.4800,0.0000,1.0018,0.0271,0.0000,0.0000,0.8844,0.0000,-1.1596,0.0000,0.2484,-0.8697,-0.0483
2025-10-08,8.3100,-0.0203,1.2504,0.0421,0.0000,0.0000,0.9177,0.0000,-0.4411,0.0071,0.2475,-1.4828,-0.0289
2025-10-08,8.3100,0.0000,1.2217,0.0421,0.0000,0.3880,0.9177,0.0000,-0.4411,0.0277,0.2443,-1.3389,-0.0289
2025-10-09,8.3600,0.0060,0.8988,0.0323,0.0000,0.3109,0.7958,1.0000,-0.4825,0.0084,0.2389,-0.6876,-0.0347
2025-10-09,8.3600,0.0000,0.8889,0.0323,0.0000,0.4199,0.7958,0.0000,-0.4825,0.0024,0.2325,-0.6124,-0.0347
2025-10-12,8.3200,-0.0048,1.0583,0.0325,0.0000,0.0000,0.8033,0.0000,-0.5437,0.0048,0.2168,-1.2775,-0.0300
2025-10-12,8.3200,0.0000,1.0282,0.0325,0.0000,0.2757,0.8033,0.0000,-0.5437,0.0096,0.1992,-1.1801,-0.0300
2025-10-13,8.2100,-0.0133,0.9883,0.0560,0.0000,0.0000,0.8559,0.0000,-0.3694,0.0096,0.1993,-1.8037,-0.0171
2025-10-13,8.2100,0.0000,0.9959,0.0560,0.0000,0.4615,0.8559,0.0000,-0.3694,0.0231,0.1986,-1.6972,-0.0171
2025-10-14,8.1600,-0.0061,0.8695,0.0208,0.0000,0.0000,0.7409,0.0000,-0.3186,0.0097,0.1851,-2.1653,-0.0110
2025-10-14,8.1600,0.0000,0.8551,0.0208,0.0000,0.3417,0.7409,0.0000,-0.3186,0.0159,0.1704,-1.9890,-0.0110
2025-10-15,8.1200,-0.0049,0.5065,0.0320,0.0000,0.1745,0.5000,0.0000,-0.2129,-0.0159,0.1634,-2.0102,-0.0111
2025-10-15,8.1200,0.0000,0.5460,0.0320,0.0000,0.0000,0.5000,0.0000,-0.2129,-0.0111,0.1475,-1.7388,-0.0111
2025-10-16,8.1400,0.0025,0.9013,0.0393,0.0000,0.0456,0.4486,1.0000,-0.9792,0.0086,0.1489,-1.0738,-0.0332
2025-10-16,8.1400,0.0000,0.9031,0.0393,0.0000,0.1594,0.4486,0.0000,-0.9792,0.0061,0.1501,-0.9926,-0.0627
2025-10-19,8.0700,-0.0086,3.1601,0.1239,0.0000,0.0000,0.5101,0.0000,-0.8724,-0.0111,0.2236,-2.5887,-0.0545
2025-10-19,8.0700,0.0000,2.8941,0.1239,0.0000,1.3689,0.5101,0.0000,-0.8724,-0.0025,0.2764,-2.1385,-0.1375
2025-10-20,8.2400,0.0208,0.8997,0.0595,0.0000,0.0000,0.7997,1.0000,0.2351,0.0037,0.2607,-1.4085,-0.1553
2025-10-20,8.2400,0.0000,0.8804,0.0595,0.0000,0.1586,0.7997,0.0000,0.2351,-0.0170,0.2437,-1.2621,-0.1578
2025-10-22,8.1200,-0.0147,0.9337,0.0443,0.0000,0.1550,0.9041,0.0000,0.3263,0.0000,0.2428,-1.6127,-0.1453
2025-10-22,8.1200,0.0000,0.9273,0.0443,0.0000,0.0000,0.9041,0.0000,0.3263,0.0148,0.2412,-1.4602,-0.1515
2025-10-23,8.2400,0.0147,0.7609,0.0316,0.0000,0.0869,1.0099,1.0000,0.8218,-0.0025,0.2422,-0.9287,-0.1638
2025-10-23,8.2400,0.0000,0.7709,0.0316,0.0000,0.0000,1.0099,0.0000,0.8218,-0.0170,0.2418,-0.8399,-0.1638
2025-10-26,8.2100,-0.0036,1.1887,0.0402,0.0000,0.1284,1.0212,0.0000,1.0260,0.0158,0.2466,-1.4226,-0.1608
2025-10-26,8.2100,0.0000,1.1633,0.0402,0.0000,0.3687,1.0212,0.0000,1.0260,0.0195,0.2491,-1.3402,-0.1608
2025-10-27,8.1200,-0.0110,1.4985,0.0320,0.0000,0.5831,1.0542,0.0000,0.9498,0.0073,0.2621,-2.0621,-0.1515
2025-10-27,8.1200,0.0000,1.4532,0.0320,0.0000,0.0019,1.0542,0.0000,0.9498,0.0185,0.2713,-1.8534,-0.1515
2025-10-28,8.3500,0.0279,2.8278,0.0407,0.0000,1.0126,1.1658,1.0000,1.3738,0.0086,0.3186,0.3342,-0.1749
2025-10-28,8.3500,0.0000,2.5587,0.0407,0.0000,1.6166,1.1658,0.0000,1.3738,-0.0192,0.3475,0.4228,-0.1749
2025-10-29,8.1500,-0.0242,1.4864,0.0233,0.0000,0.0082,1.2995,0.0000,0.5878,-0.0299,0.3467,-0.9357,-0.1546
2025-10-29,8.1500,0.0000,1.4203,0.0233,0.0000,0.3108,1.2995,0.0000,0.5878,-0.0061,0.3415,-0.8483,-0.1546
2025-10-30,8.0300,-0.0148,1.6572,0.0311,0.0000,0.0000,1.3341,0.0000,0.5562,0.0000,0.3237,-2.2568,-0.1420
2025-10-30,8.0300,0.0000,1.5499,0.0311,0.0000,0.5343,1.3341,0.0000,0.5562,0.0149,0.3017,-1.9339,-0.1420
2025-11-02,7.8700,-0.0201,1.4051,0.0381,0.0000,0.6618,1.4138,0.0000,0.5419,0.0112,0.2864,-2.6802,-0.1245
2025-11-03,7.6300,-0.0310,1.4353,0.0577,0.0000,0.0000,1.5467,0.0000,0.2294,0.0102,0.2687,-2.9408,-0.0970
2025-11-03,7.6300,0.0000,1.4368,0.0577,0.0000,0.4605,1.6030,0.0000,0.1336,0.0419,0.2683,-2.3301,-0.0970
2025-11-05,6.9600,-0.0919,4.4247,0.1351,0.0000,0.0000,2.2264,0.0000,-2.1891,0.0210,0.3743,-3.3254,-0.0115
2025-11-05,6.9600,0.0000,3.6818,0.1351,0.0000,0.7235,2.0058,0.0000,-2.3831,0.1193,0.4197,-2.5390,-0.0115
2025-11-06,6.9400,-0.0029,0.8792,0.0375,0.0000,0.2816,1.9926,0.0000,-2.3785,0.0115,0.4009,-2.3420,-0.0086
2025-11-06,6.9400,0.0000,0.8560,0.0375,0.0000,0.0000,2.0687,0.0000,-2.4698,0.0144,0.3817,-1.9662,-0.0086
2025-11-09,6.8900,-0.0072,0.8655,0.0711,0.0000,0.0000,2.0419,0.0000,-2.4433,0.0086,0.3605,-1.9329,-0.0015
2025-11-09,6.8900,0.0000,0.8400,0.0711,0.0000,0.1460,2.0778,0.0000,-2.5653,0.0160,0.3342,-1.6815,-0.0015
2025-11-10,6.8900,0.0000,0.4757,0.0610,0.0000,0.0000,2.0778,0.0000,-2.5653,0.0000,0.3204,-1.4888,-0.0073
2025-11-10,6.8900,0.0000,0.4736,0.0610,0.0000,0.0978,2.1131,0.0000,-2.5694,0.0000,0.3154,-1.3307,-0.0073
2025-11-11,6.9600,0.0101,0.2599,0.0374,0.0000,0.0000,2.1132,1.0000,-2.5120,0.0160,0.3237,-1.1288,-0.0273
2025-11-11,6.9600,0.0000,0.2634,0.0374,0.0000,0.0558,2.1158,0.0000,-2.5682,0.0057,0.3387,-1.0206,-0.0273
2025-11-12,6.9700,0.0014,0.2926,0.0373,0.0000,0.0000,0.3080,1.0000,-2.5681,0.0000,0.3513,-0.8444,-0.0373
2025-11-12,6.9700,0.0000,0.3059,0.0373,0.0000,0.0611,0.3085,0.0000,-3.1439,-0.0014,0.3711,-0.7643,-0.0373
2025-11-13,6.9000,-0.0101,0.3861,0.0217,0.0000,0.0000,0.3834,0.0000,-3.1156,-0.0100,0.3849,-0.7996,-0.0406
2025-11-13,6.9000,0.0000,0.3937,0.0217,0.0000,0.0972,0.3850,0.0000,-3.3605,0.0000,0.3988,-0.7254,-0.0406
2025-11-16,6.9000,0.0000,0.5267,0.0478,0.0000,0.1599,0.3459,0.0000,-3.3605,0.0000,0.4065,-0.6584,-0.0812
2025-11-16,6.9000,0.0000,0.5394,0.0478,0.0000,0.0000,0.3631,0.0000,-3.4607,0.0000,0.4164,-0.5894,-0.0812
2025-11-17,6.9400,0.0058,0.2446,0.0375,0.0000,0.0028,0.3865,1.0000,-3.4256,0.0232,0.4403,-0.4247,-0.0865
2025-11-17,6.9400,0.0000,0.2544,0.0375,0.0000,0.0480,0.3866,0.0000,-3.6424,0.0173,0.4622,-0.3440,-0.0865
2025-11-18,6.8900,-0.0072,0.6760,0.0493,0.0000,0.0004,0.3382,0.0000,-4.1635,0.0072,0.4656,-0.6846,-0.0798
2025-11-18,6.8900,0.0000,0.6930,0.0493,0.0000,0.1748,0.3390,0.0000,-4.1635,0.0145,0.4665,-1.0146,-0.0798
2025-11-19,6.8800,-0.0015,0.1699,0.0334,0.0000,0.0063,0.3327,0.0000,0.0184,0.0232,0.4190,-1.2080,-0.0785
2025-11-19,6.8800,0.0000,0.2327,0.0334,0.0000,0.0775,0.3332,0.0000,0.0184,0.0247,0.2992,-1.3736,-0.0785
2025-11-20,6.8800,0.0000,1.9612,0.0334,0.0000,0.3628,0.2364,0.0000,-0.0848,0.0029,0.3015,-1.3007,-0.0785
2025-11-20,6.8800,0.0000,1.9520,0.0334,0.0000,0.8954,0.2365,0.0000,-0.0848,0.0029,0.3033,-1.2795,-0.0785
2025-11-23,6.9300,0.0072,0.3703,0.0346,0.0000,0.0000,0.2975,1.0000,-0.0762,0.0305,0.3114,-0.6754,-0.0851
2025-11-23,6.9300,0.0000,0.4053,0.0346,0.0000,0.0899,0.2985,0.0000,-0.0762,0.0231,0.3116,-0.6569,-0.0851
2025-11-24,6.8400,-0.0131,0.9022,0.0409,0.0000,0.0000,0.4051,0.0000,-0.6105,0.0058,0.3130,-1.6909,-0.0731
2025-11-24,6.8400,0.0000,0.9226,0.0409,0.0000,0.3256,0.4051,0.0000,-0.6105,0.0190,0.3123,-1.5173,-0.0731
2025-11-25,6.7700,-0.0103,1.2036,0.0295,0.0000,0.0000,0.4376,0.0000,-0.9591,0.0175,0.3084,-2.3478,-0.0635
2025-11-25,6.7700,0.0000,1.1759,0.0295,0.0000,0.2519,0.4380,0.0000,-0.9591,0.0281,0.3024,-1.9723,-0.0635
2025-11-26,6.7100,-0.0089,0.5289,0.0417,0.0000,0.0000,0.4695,0.0000,-0.6944,0.0192,0.3113,-2.1034,-0.0551
2025-11-26,6.7100,0.0000,0.5361,0.0417,0.0000,0.1910,0.4817,0.0000,-0.6944,0.0283,0.3192,-1.8616,-0.0551
2025-11-27,6.6200,-0.0135,1.4533,0.0483,0.0000,0.3793,0.5431,0.0000,-0.8181,-0.0075,0.3200,-2.4265,-0.0423
2025-11-27,6.6200,0.0000,1.4177,0.0483,0.0000,0.0000,0.5430,0.0000,-0.8181,0.0060,0.3184,-2.0340,-0.0423
2025-11-30,6.3400,-0.0432,2.5359,0.1246,0.0000,0.0000,0.9865,0.0000,-2.7313,0.0181,0.3496,-2.7824,0.0000
2025-11-30,6.3400,0.0000,2.3703,0.1246,0.0000,0.6573,1.0055,0.0000,-2.7313,0.0631,0.3702,-2.2581,0.0016
2025-12-01,6.3500,0.0016,0.7999,0.0614,0.0000,0.0920,1.0269,1.0000,-2.8363,0.0174,0.3601,-1.6314,0.0000
2025-12-01,6.3500,0.0000,0.7864,0.0614,0.0000,0.1589,1.0269,0.0000,-2.8363,0.0157,0.3488,-1.4676,0.0205
2025-12-02,6.5700,0.0341,2.4439,0.0989,0.0000,0.0000,1.3576,1.0000,-0.5126,0.0079,0.3720,-0.0944,-0.0137
2025-12-02,6.5700,0.0000,2.2882,0.0989,0.0000,1.0782,1.3583,0.0000,-0.5126,-0.0259,0.3860,-0.0418,-0.0137
2025-12-03,6.4800,-0.0138,0.8893,0.0926,0.0000,0.2414,1.3707,0.0000,-0.3711,0.0335,0.3599,-0.5339,-0.0046
2025-12-03,6.4800,0.0000,0.8592,0.0926,0.0000,0.0000,1.3707,0.0000,-0.3711,0.0478,0.3322,-0.4667,-0.0046
2025-12-04,6.7300,0.0379,0.5768,0.0817,0.0000,0.0732,1.5550,1.0000,0.2773,0.0000,0.3376,-0.0334,-0.0416
2025-12-04,6.7300,0.0000,0.6087,0.0817,0.0000,0.0000,1.5547,0.0000,0.2773,-0.0371,0.3381,0.0323,-0.0416
2025-12-07,6.6000,-0.0195,0.8928,0.0879,0.0000,0.0000,1.2440,0.0000,0.4415,0.0238,0.3156,-0.5049,-0.0227
2025-12-07,6.6000,0.0000,0.8667,0.0879,0.0000,0.2816,1.2511,0.0000,0.4415,0.0439,0.2916,-0.4280,-0.0227
2025-12-08,6.4800,-0.0183,0.5923,0.0741,0.0000,0.1631,1.3342,0.0000,0.4437,0.0303,0.2925,-0.8391,-0.0046
2025-12-08,6.4800,0.0000,0.5929,0.0741,0.0000,0.0000,1.3457,0.0000,0.4437,0.0494,0.2934,-0.7686,-0.0046
2025-12-09,6.5300,0.0077,0.3243,0.0306,0.0000,0.0000,1.1168,1.0000,0.2833,0.0031,0.3145,-0.3954,-0.0123
2025-12-09,6.5300,0.0000,0.3329,0.0306,0.0000,0.1723,1.1166,0.0000,0.2833,-0.0046,0.3342,-0.3203,-0.0123
2025-12-10,6.5300,0.0000,0.3724,0.0459,0.0000,0.0000,1.0709,0.0000,0.2048,0.0245,0.3348,-0.2503,-0.0123
2025-12-10,6.5300,0.0000,0.3726,0.0459,0.0000,0.1285,1.0715,0.0000,0.2048,0.0245,0.3355,-0.1751,-0.0123
2025-12-11,6.5000,-0.0046,0.8884,0.0523,0.0000,0.0000,0.5938,0.0000,0.1463,-0.0015,0.3354,-1.0608,-0.0077
2025-12-11,6.5000,0.0000,0.8970,0.0523,0.0000,0.1793,0.5966,0.0000,0.1463,0.0031,0.3344,-0.9636,-0.0077
2025-12-14,6.5800,0.0122,0.6028,0.0350,0.0000,0.1119,0.5423,1.0000,1.2923,0.0169,0.3236,-0.4721,-0.0198
2025-12-14,6.5800,0.0000,0.6579,0.0350,0.0000,0.0000,0.5467,0.0000,1.2923,0.0046,0.3017,-0.5945,-0.0198
2025-12-15,6.6900,0.0166,1.2750,0.0299,0.0000,0.0000,0.4571,1.0000,1.0796,0.0000,0.3042,0.7098,-0.0359
2025-12-15,6.6900,0.0000,1.2475,0.0299,0.0000,0.2698,0.4579,0.0000,1.0796,-0.0164,0.3045,0.6328,-0.0359
2025-12-16,6.5000,-0.0288,0.8627,0.0431,0.0000,0.0622,0.7998,0.0000,0.5828,0.0000,0.2602,-0.2092,-0.0077
2025-12-16,6.5000,0.0000,0.9666,0.0431,0.0000,0.2502,0.7998,0.0000,0.5828,0.0292,0.1932,-0.1114,-0.0077
2025-12-17,6.4500,-0.0077,0.7114,0.0388,0.0000,0.0004,0.8139,0.0000,0.5850,0.0277,0.1976,-0.8408,0.0000
2025-12-17,6.4500,0.0000,0.7371,0.0388,0.0000,0.3169,0.8161,0.0000,0.5850,0.0357,0.1987,-0.7592,0.0217
2025-12-18,6.5900,0.0215,0.9108,0.0592,0.0000,0.1462,0.9278,1.0000,-0.4987,-0.0217,0.1990,0.3843,0.0000
2025-12-18,6.5900,0.0000,0.9117,0.0592,0.0000,0.0000,0.9280,0.0000,-0.4987,-0.0425,0.1992,0.5752,0.0000
2025-12-21,6.5900,0.0000,0.8066,0.0334,0.0000,0.0000,0.8928,0.0000,-0.6328,0.0000,0.1970,0.5930,0.0000
2025-12-21,6.5900,0.0000,0.8336,0.0334,0.0000,0.1851,0.8928,0.0000,-0.6328,0.0000,0.1913,0.6113,0.0030
2025-12-22,6.6400,0.0076,0.4236,0.0241,0.0000,0.0000,0.8274,1.0000,-0.8432,0.0182,0.2119,1.0811,-0.0045
2025-12-22,6.6400,0.0000,0.4375,0.0241,0.0000,0.1549,0.8277,0.0000,-0.8432,0.0105,0.2307,0.9790,-0.0045
2025-12-23,6.6100,-0.0045,1.0860,0.0348,0.0000,0.0000,0.5278,0.0000,-0.6762,-0.0105,0.2196,-0.4320,0.0000
2025-12-23,6.6100,0.0000,1.0586,0.0348,0.0000,0.2522,0.5283,0.0000,-0.6762,-0.0061,0.2065,-0.4073,0.0000
2025-12-25,6.6900,0.0120,0.9230,0.0209,0.0000,0.0000,0.5163,1.0000,-0.7294,0.0197,0.1957,0.7976,-0.0135
2025-12-25,6.6900,0.0000,0.9088,0.0209,0.0000,0.1899,0.5231,0.0000,-0.7294,0.0075,0.1837,0.7462,-0.0135
2025-12-28,6.6900,0.0000,1.3125,0.0344,0.0000,0.0000,0.3152,0.0000,-0.8129,0.0149,0.1811,0.6786,-0.0419
2025-12-28,6.6900,0.0000,1.3198,0.0344,0.0000,0.4763,0.3164,0.0000,-0.8129,0.0149,0.1779,0.6227,-0.0419
2025-12-29,6.6100,-0.0120,1.2615,0.0287,0.0000,0.2514,0.4275,0.0000,-0.5960,-0.0135,0.1806,-1.5529,-0.0303
2025-12-29,6.6100,0.0000,1.2373,0.0287,0.0000,0.0000,0.4306,0.0000,-0.5960,-0.0015,0.1813,-1.5108,-0.0484
2025-12-30,6.7200,0.0165,0.6958,0.0417,0.0000,0.2278,0.5315,1.0000,-0.5992,0.0076,0.1727,-0.2930,-0.0744
2025-12-30,6.7200,0.0000,0.7358,0.0417,0.0000,0.0010,0.5315,0.0000,-0.5992,-0.0089,0.1574,-0.2043,-0.0982
2025-12-31,6.7500,0.0045,0.9507,0.0400,0.0000,0.0000,0.5166,1.0000,1.0431,0.0238,0.1571,1.4012,-0.1141
2025-12-31,6.7500,0.0000,0.9623,0.0400,0.0000,0.3334,0.5176,0.0000,1.0431,0.0193,0.1555,1.2694,-0.1141
2026-01-01,6.7900,0.0059,1.9252,0.0324,0.0000,0.7851,0.4727,1.0000,1.0068,0.0193,0.1815,3.1300,-0.1193
2026-01-01,6.7900,0.0000,1.8235,0.0324,0.0000,0.0795,0.4838,0.0000,1.0068,0.0133,0.1995,2.4812,-0.1193
2026-01-04,6.8800,0.0132,2.3582,0.0523,0.0000,0.4417,0.5397,1.0000,0.4956,0.0088,0.2401,3.2665,-0.1308
2026-01-04,6.8800,0.0000,2.1956,0.0523,0.0000,0.0000,0.5467,0.0000,0.4956,-0.0044,0.2683,2.5021,-0.1308
2026-01-05,6.7700,-0.0161,0.9489,0.0517,0.0000,0.0000,0.6058,0.0000,-0.1658,0.0160,0.2638,1.6090,-0.1167
2026-01-05,6.7700,0.0000,0.9369,0.0517,0.0000,0.2087,0.6084,0.0000,-0.1658,0.0325,0.2582,1.4263,-0.1167
2026-01-06,6.7100,-0.0089,0.5432,0.0313,0.0000,0.0057,0.5456,0.0000,0.0358,-0.0207,0.2465,0.9894,-0.1088
2026-01-06,6.7100,0.0000,0.5375,0.0313,0.0000,0.1501,0.5505,0.0000,0.0358,-0.0119,0.2340,0.9026,-0.1088
2026-01-07,6.6500,-0.0090,1.4938,0.0857,0.0000,0.3095,0.5818,0.0000,0.0419,-0.0045,0.2403,-0.0858,-0.1008
2026-01-07,6.6500,0.0000,1.4444,0.0857,0.0000,0.0182,0.5818,0.0000,0.0419,0.0045,0.2430,-0.1387,-0.1008
2026-01-08,6.6000,-0.0075,0.8292,0.0348,0.0000,0.2746,0.7706,0.0000,0.2026,0.0000,0.2395,-0.7105,-0.0939
2026-01-11,6.6300,0.0045,0.3907,0.0392,0.0000,0.1226,0.7989,1.0000,0.1159,-0.0045,0.2538,-0.4576,-0.0980
2026-01-12,6.4100,-0.0337,0.8964,0.0780,0.0000,0.2159,1.0293,0.0000,-1.1726,0.0015,0.2547,-1.0318,-0.0671
2026-01-13,6.5300,0.0185,0.7660,0.0291,0.0000,0.2383,1.2406,1.0000,-0.8498,0.0000,0.2581,-0.5323,-0.0842
2026-01-14,6.5300,0.0000,0.0000,0.0000,0.0000,0.0000,1.1996,0.0000,-1.0398,0.0000,0.3014,-0.5952,-0.0842
2026-01-15,6.2900,-0.0374,3.0986,0.0461,0.0000,0.4437,1.4425,0.0000,-1.1586,0.0031,0.3533,-2.4377,-0.0493
2026-01-18,6.2200,-0.0112,1.1042,0.0466,0.0000,0.3712,1.4399,0.0000,-1.1615,0.0016,0.3413,-2.5111,-0.0386
2026-01-19,6.0600,-0.0261,1.7620,0.0561,0.0000,0.1455,1.4629,0.0000,-0.8835,0.0016,0.3352,-2.6659,-0.0132
2026-01-20,5.9800,-0.0133,1.4967,0.0234,0.0000,0.1810,1.4644,0.0000,-0.7189,0.0000,0.3269,-2.5668,0.0084
2026-01-21,6.0500,0.0116,0.7064,0.0678,0.0000,0.1543,1.5472,1.0000,-0.6835,0.0000,0.3204,-1.9371,-0.0033
2026-01-22,6.1000,0.0082,0.6721,0.0295,0.0000,0.2688,1.6095,2.0000,-0.6756,0.0165,0.3278,-1.5075,-0.0115
2026-01-26,6.0800,-0.0033,0.5291,0.0477,0.0000,0.2370,1.5768,0.0000,-0.6473,0.0131,0.3400,-1.4739,-0.0082
2026-01-27,6.1700,0.0147,0.5559,0.0308,0.0000,0.1774,1.4893,1.0000,-0.6199,0.0263,0.3443,-1.1967,-0.0259
2026-01-28,6.0700,-0.0163,1.6353,0.0593,0.0000,0.4991,1.3582,0.0000,-0.4469,0.0227,0.3405,-1.4712,-0.0099
2026-01-29,6.0300,-0.0066,0.4492,0.0315,0.0000,0.1114,1.3417,0.0000,-0.5531,0.0000,0.3539,-1.4257,-0.0033
2026-02-01,6.0800,0.0083,0.5124,0.0806,0.0000,0.1000,1.0967,1.0000,-0.5701,0.0398,0.3634,-1.1797,-0.0164
2026-02-02,6.1100,0.0049,1.1282,0.0573,0.0000,0.3993,1.0914,2.0000,-0.6864,0.0280,0.3512,-0.7963,-0.0393
2026-02-03,6.2800,0.0274,1.3955,0.0605,0.0000,0.4227,1.0533,3.0000,-0.3770,0.0000,0.3377,-0.3144,-0.0653
2026-02-04,6.2200,-0.0096,1.1409,0.0402,0.0000,0.1910,1.0154,0.0000,-0.3709,0.0000,0.3376,-0.5914,-0.0563
2026-02-05,6.2200,0.0000,0.3646,0.0338,0.0000,0.0527,0.9961,0.0000,-0.3709,0.0241,0.3574,-0.5163,-0.0675
2026-02-08,6.2500,0.0048,0.9726,0.0208,0.0000,0.0888,0.9858,1.0000,-0.4811,0.0000,0.3551,-0.1151,-0.0752
2026-02-09,6.2100,-0.0064,1.5498,0.0306,0.0000,0.2957,1.0000,0.0000,-0.3840,0.0016,0.3375,-0.6305,-0.0692
2026-02-10,6.2400,0.0048,0.8337,0.0240,0.0000,0.2103,0.9433,1.0000,-0.4641,0.0145,0.3364,-0.1960,-0.0769
2026-02-11,6.2200,-0.0032,0.4439,0.0209,0.0000,0.0725,0.8279,0.0000,-0.4369,0.0000,0.3450,-0.3131,-0.0981
2026-02-12,6.2000,-0.0032,0.3316,0.0226,0.0000,0.0766,0.8088,0.0000,-0.4013,0.0032,0.3236,-0.4781,-0.1161
2026-02-15,6.2000,0.0000,0.6099,0.0258,0.0000,0.1860,0.7965,0.0000,0.1839,0.0129,0.2863,-0.4107,-0.1258
2026-02-16,6.2000,0.0000,0.3056,0.0194,0.0000,0.0844,0.7972,0.0000,0.0788,-0.0081,0.3095,-0.3270,-0.1371
2026-02-17,6.2500,0.0080,1.0430,0.0512,0.0000,0.2867,0.4220,1.0000,0.5445,-0.0081,0.2922,0.8119,-0.1568
2026-02-18,6.1500,-0.0161,0.5047,0.0244,0.0000,0.0873,0.5311,0.0000,0.4381,0.0080,0.2895,0.2342,-0.1447
2026-02-19,6.1200,-0.0049,2.5086,0.0703,0.0000,0.2802,0.5375,0.0000,0.6620,-0.0211,0.3219,-2.1782,-0.1961
2026-02-22,6.1000,-0.0033,1.3253,0.0311,0.0000,0.0753,0.5095,0.0000,0.8492,0.0196,0.3199,-2.6307,-0.2016
2026-02-23,6.0700,-0.0049,1.5659,0.0346,0.0000,0.1026,0.5026,0.0000,0.8628,0.0000,0.3156,-2.8114,-0.1977
2026-02-24,6.0100,-0.0099,1.6551,0.0349,0.0000,0.2430,0.4947,0.0000,1.1331,-0.0198,0.3098,-2.8056,-0.2313
2026-02-25,6.0400,0.0050,2.2079,0.0298,0.0000,0.0810,0.5394,1.0000,1.2500,0.0283,0.3259,-1.4770,-0.2351
2026-02-26,6.0400,0.0000,4.7782,0.0166,0.0000,0.2633,0.5809,0.0000,1.2002,-0.0099,0.4192,-1.3489,-0.2351
2026-03-01,5.9800,-0.0100,1.1795,0.0251,0.0000,0.3685,0.6032,0.0000,1.3935,-0.0149,0.4009,-1.7980,-0.2274
2026-03-03,5.8700,-0.0186,0.9160,0.0256,0.0000,0.1059,0.6976,0.0000,1.1559,-0.0284,0.3995,-1.9506,-0.2129
2026-03-04,5.9700,0.0169,1.4552,0.0603,0.0000,0.3354,0.8374,1.0000,0.1934,0.0545,0.4028,-1.0801,-0.2261
2026-03-05,5.9100,-0.0101,1.2475,0.0423,0.0000,0.2022,0.8252,0.0000,0.1936,-0.0285,0.4000,-1.5402,-0.2183
2026-03-08,5.8000,-0.0188,1.1014,0.0914,0.0000,0.3127,0.9051,0.0000,0.1592,0.0474,0.3731,-1.8273,-0.2034
2026-03-09,5.7800,-0.0035,1.2360,0.0467,0.0000,0.2251,0.9102,0.0000,0.2785,0.0207,0.3641,-2.0815,-0.2007
2026-03-10,5.8100,0.0052,0.4400,0.0344,0.0000,0.0315,0.9514,1.0000,0.1065,0.0294,0.3826,-1.6448,-0.2048
2026-03-11,5.7600,-0.0086,0.5206,0.0434,0.0000,0.1739,1.0077,0.0000,0.3068,0.0000,0.3857,-1.6479,-0.1979
2026-03-12,5.6100,-0.0264,0.6709,0.0463,0.0000,0.1063,1.1055,0.0000,-0.0333,-0.0087,0.3710,-1.6935,-0.1765
2026-03-15,5.4800,-0.0234,0.9781,0.0876,0.0000,0.1353,1.1533,0.0000,0.0106,0.0339,0.3430,-1.8215,-0.1569
2026-03-16,5.4200,-0.0110,1.6830,0.1070,0.0000,0.3307,1.1502,0.0000,0.1633,0.0876,0.3338,-2.1226,-0.1476
2026-03-17,5.3500,-0.0130,1.6048,0.0486,0.0000,0.4628,1.1319,0.0000,0.3390,0.0148,0.3104,-2.2877,-0.1364
2026-03-18,5.2700,-0.0151,0.7523,0.0512,0.0000,0.2941,0.8009,0.0000,0.5488,-0.0075,0.2999,-2.1787,-0.1233
2026-03-19,5.2600,-0.0019,1.1914,0.0323,0.0000,0.0845,0.8542,0.0000,0.3673,0.0209,0.2708,-2.2042,-0.1217
2026-03-22,4.9200,-0.0668,3.0438,0.0752,0.0000,0.5625,1.5013,0.0000,-1.8624,-0.0038,0.3266,-2.5747,-0.0610
2026-03-23,4.8700,-0.0102,1.1219,0.0513,0.0000,0.2364,1.4715,0.0000,-1.8307,0.0366,0.3182,-2.3488,-0.0513
2026-03-24,4.9500,0.0163,1.1487,0.0404,0.0000,0.1841,1.5758,1.0000,-1.5002,0.0246,0.3140,-1.7552,-0.0667
2026-03-26,4.6200,-0.0690,3.1996,0.1147,0.0000,0.3715,1.7634,0.0000,-1.4371,0.0182,0.3653,-2.2038,0.0087
2026-03-29,4.6600,0.0086,1.4248,0.0815,0.0000,0.3542,1.8625,1.0000,-1.4080,-0.0216,0.3702,-1.6065,0.0794
2026-03-31,5.0300,0.0764,0.5822,0.0775,0.0000,0.2126,2.3702,2.0000,0.5584,0.0472,0.3538,-1.3236,0.0656
2026-04-01,5.3600,0.0635,1.3116,0.1213,0.0000,0.4150,2.5097,3.0000,0.5894,0.0318,0.3519,-0.9167,0.0560
2026-04-05,5.6600,0.0545,0.5673,0.1025,0.0000,0.2764,2.5486,4.0000,0.4110,0.0131,0.3485,-0.7001,0.0300
2026-04-06,6.2200,0.0943,0.6525,0.1174,0.0000,0.2097,2.5590,5.0000,0.6487,0.0159,0.3516,-0.4658,-0.0627
2026-04-07,6.5000,0.0440,0.8916,0.0692,0.0000,0.3085,2.5340,6.0000,0.4541,0.0354,0.3485,-0.1567,-0.1031
2026-04-08,6.4000,-0.0155,0.5547,0.0719,0.0000,0.2881,2.2166,0.0000,0.4477,0.0000,0.3518,-0.2359,-0.0891
2026-04-09,6.4100,0.0016,0.2047,0.0640,0.0000,0.0186,2.1810,1.0000,0.4297,0.0437,0.3769,-0.1022,-0.0905
2026-04-12,6.2000,-0.0333,0.4599,0.1177,0.0000,0.2433,2.3156,0.0000,0.5120,0.0000,0.3659,-0.1603,-0.0597
2026-04-14,6.3300,0.0208,0.3296,0.0742,0.0000,0.0863,1.8385,1.0000,0.4024,0.0000,0.3647,0.0507,-0.0790
2026-04-15,6.3600,0.0047,0.3234,0.0676,0.0000,0.1369,1.8492,2.0000,0.3216,0.0348,0.3695,0.2976,-0.0833
2026-04-16,6.3200,-0.0063,0.2071,0.0443,0.0000,0.0877,1.7686,0.0000,0.2832,0.0000,0.3907,0.3533,-0.0775
2026-04-19,6.2500,-0.0111,0.1212,0.0272,0.0000,0.0513,1.7005,0.0000,0.2836,-0.0032,0.4240,0.4315,-0.0672
2026-04-20,6.1200,-0.0210,0.2951,0.0490,0.0000,0.1250,1.6445,0.0000,0.2996,-0.0320,0.4449,0.3906,-0.0474
2026-04-21,6.2500,0.0210,0.2150,0.0272,0.0000,0.0910,1.0071,1.0000,0.1732,0.0131,0.4638,0.5919,-0.0672
2026-04-22,6.0700,-0.0292,0.3276,0.0362,0.0000,0.1387,0.8212,0.0000,0.2314,0.0000,0.4818,0.4723,-0.0395
2026-04-23,6.0500,-0.0033,0.1397,0.0298,0.0000,0.0592,0.8113,0.0000,0.4004,0.0198,0.4780,0.3645,-0.0364
2026-04-26,6.0900,0.0066,0.1314,0.0460,0.0000,0.0557,0.8244,1.0000,0.3464,0.0083,0.5069,0.3535,-0.0427
2026-04-27,6.1300,0.0065,0.1431,0.0245,0.0000,0.0606,0.7130,2.0000,0.3872,0.0099,0.5320,0.3643,-0.0489
2026-04-28,6.0500,-0.0131,0.1729,0.0231,0.0000,0.0732,0.6429,0.0000,0.9145,-0.0049,0.4599,0.2063,-0.0364
2026-04-29,6.0500,0.0000,0.0960,0.0331,0.0000,0.0407,0.6319,0.0000,0.9430,0.0149,0.4499,0.0708,-0.0364
2026-05-03,5.8300,-0.0370,0.3102,0.0549,0.0000,0.1314,0.7607,0.0000,1.0834,-0.0248,0.4699,-0.3837,0.0257
2026-05-04,5.9800,0.0254,0.3986,0.0284,0.0000,0.1688,0.8751,1.0000,1.2265,0.0206,0.4298,-0.3970,0.0017
2026-05-05,6.1000,0.0199,0.6398,0.0246,0.0000,0.2710,0.8905,2.0000,1.4207,0.0033,0.4292,-0.0420,-0.0180
2026-05-06,5.9900,-0.0182,0.7495,0.0284,0.0000,0.3174,0.8550,0.0000,0.2523,0.0082,0.4115,-0.7438,0.0033
2026-05-07,6.1600,0.0280,2.0465,0.0341,0.0000,0.8667,0.8581,1.0000,-0.0842,0.0200,0.3557,1.2024,-0.0244
2026-05-10,6.1400,-0.0033,1.2219,0.0472,0.0000,0.5175,0.8580,0.0000,-0.1755,0.0130,0.3233,0.1212,-0.0212
2026-05-11,6.0100,-0.0214,2.1577,0.0582,0.0000,0.9138,0.9012,0.0000,-0.0253,-0.0309,0.3395,-1.7255,0.0000
2026-05-12,6.1400,0.0214,1.6736,0.0586,0.0000,0.7088,0.9418,1.0000,-0.1604,-0.0017,0.3274,-0.2311,-0.0212
2026-05-13,6.0100,-0.0214,0.4828,0.0532,0.0000,0.2045,0.9682,0.0000,0.0486,-0.0228,0.3371,-0.5750,0.0083
2026-05-14,6.1500,0.0230,1.4301,0.0553,0.0000,0.6056,1.0113,1.0000,0.0111,0.0000,0.3331,0.8877,-0.0146
2026-05-17,6.1000,-0.0082,0.3196,0.0459,0.0000,0.1354,0.8631,0.0000,0.0253,0.0000,0.3541,0.7115,-0.0066
2026-05-18,6.1700,0.0114,0.2655,0.0600,0.0000,0.0424,0.8159,1.0000,-0.1401,0.0361,0.3705,1.0701,-0.0178
2026-05-19,6.1000,-0.0114,0.7657,0.0377,0.0000,0.0019,0.7960,0.0000,-0.1748,0.0032,0.3745,0.2305,-0.0066
2026-05-20,6.1200,0.0033,0.1856,0.0294,0.0000,0.0014,0.7512,1.0000,-0.1171,-0.0049,0.4020,0.4783,-0.0098
